Protocol,Flow Duration,Total Fwd Packets,Total Backward Packets,Fwd Packets Length Total,Bwd Packets Length Total,Fwd Packet Length Max,Fwd Packet Length Min,Fwd Packet Length Mean,Fwd Packet Length Std,Bwd Packet Length Max,Bwd Packet Length Min,Bwd Packet Length Mean,Bwd Packet Length Std,Flow Bytes/s,Flow Packets/s,Flow IAT Mean,Flow IAT Std,Flow IAT Max,Flow IAT Min,Fwd IAT Total,Fwd IAT Mean,Fwd IAT Std,Fwd IAT Max,Fwd IAT Min,Bwd IAT Total,Bwd IAT Mean,Bwd IAT Std,Bwd IAT Max,Bwd IAT Min,Fwd PSH Flags,Bwd PSH Flags,Fwd URG Flags,Bwd URG Flags,Fwd Header Length,Bwd Header Length,Fwd Packets/s,Bwd Packets/s,Packet Length Min,Packet Length Max,Packet Length Mean,Packet Length Std,Packet Length Variance,FIN Flag Count,SYN Flag Count,RST Flag Count,PSH Flag Count,ACK Flag Count,URG Flag Count,CWE Flag Count,ECE Flag Count,Down/Up Ratio,Avg Packet Size,Avg Fwd Segment Size,Avg Bwd Segment Size,Fwd Avg Bytes/Bulk,Fwd Avg Packets/Bulk,Fwd Avg Bulk Rate,Bwd Avg Bytes/Bulk,Bwd Avg Packets/Bulk,Bwd Avg Bulk Rate,Subflow Fwd Packets,Subflow Fwd Bytes,Subflow Bwd Packets,Subflow Bwd Bytes,Init Fwd Win Bytes,Init Bwd Win Bytes,Fwd Act Data Packets,Fwd Seg Size Min,Active Mean,Active Std,Active Max,Active Min,Idle Mean,Idle Std,Idle Max,Idle Min
6,117287552,27,27,1679,11476,421,0,62.185184,92.66899,2048,0,425.03705,646.3742,112.16024015916,0.460406915134523,2212972.8,11209313.0,58664077,1,117287552,4511059.5,15837425.0,58718438,21,117084966,4503268.0,15838415.0,58679437,1,0,0,0,0,564,552,0.23020346,0.23020346,0,2048,239.18182,489.1747,239291.89,0,0,0,1,0,0,0,0,1,243.61111,62.185184,425.03705,0,0,0,0,0,0,27,1679,27,11476,8192,140,25,20,255546.5,11689.183,263812,247281,58279092.0,544449.6,58664077,57894109
17,82356,2,2,108,238,54,54,54.0,0.0,119,119,119.0,0.0,4201.272524,48.56962456,27452.0,47504.96,82306,3,47,47.0,0.0,47,47,3,3.0,0.0,3,3,0,0,0,0,64,40,24.284813,24.284813,54,119,80.0,35.601967,1267.5,0,0,0,0,0,0,0,0,1,100.0,54.0,119.0,0,0,0,0,0,0,2,108,2,238,-1,-1,1,32,0.0,0.0,0,0,0.0,0.0,0,0
6,837,2,0,12,0,6,6,6.0,0.0,0,0,0.0,0.0,14336.91756,2389.48626,837.0,0.0,837,837,837,837.0,0.0,837,837,0,0.0,0.0,0,0,0,0,0,0,40,0,2389.4863,0.0,6,6,6.0,0.0,0.0,0,0,0,0,1,0,0,0,0,9.0,6.0,0.0,0,0,0,0,0,0,2,12,0,0,256,-1,1,20,0.0,0.0,0,0,0.0,0.0,0,0
17,187,2,2,68,180,34,34,34.0,0.0,90,90,90.0,0.0,1326203.209,21390.37433,62.333332,67.00249,135,3,3,3.0,0.0,3,3,49,49.0,0.0,49,49,0,0,0,0,80,80,10695.1875,10695.1875,34,90,56.4,30.672462,940.8,0,0,0,0,0,0,0,0,1,70.5,34.0,90.0,0,0,0,0,0,0,2,68,2,180,-1,-1,1,40,0.0,0.0,0,0,0.0,0.0,0,0
17,47620911,2,2,101,372,61,40,50.5,14.849242,216,156,186.0,42.426407,9.932611327,0.083996713,15900000.0,27300000.0,47400000,61659,47600000,47600000.0,0.0,47600000,47600000,47500000,47500000.0,0.0,47500000,47500000,0,0,0,0,72,64,0.041998357,0.041998357,40,216,102.6,79.49717,6319.8,0,0,0,0,0,0,0,0,1,128.25,50.5,186.0,0,0,0,0,0,0,2,101,2,372,-1,-1,1,32,119800.0,0.0,119800,119800,47400000.0,0.0,47400000,47400000
17,24274,2,2,110,222,55,55,55.0,0.0,111,111,111.0,0.0,13677.18547,164.7853671,8091.3335,13928.864,24175,49,49,49.0,0.0,49,49,50,50.0,0.0,50,50,0,0,0,0,40,40,82.392685,82.392685,55,111,77.4,30.672462,940.8,0,0,0,0,0,0,0,0,1,96.75,55.0,111.0,0,0,0,0,0,0,2,110,2,222,-1,-1,1,20,0.0,0.0,0,0,0.0,0.0,0,0
6,50,1,1,0,0,0,0,0.0,0.0,0,0,0.0,0.0,0.0,40000.0,50.0,0.0,50,50,0,0.0,0.0,0,0,0,0.0,0.0,0,0,0,0,0,0,32,32,20000.0,20000.0,0,0,0.0,0.0,0.0,0,0,0,0,1,1,0,0,1,0.0,0.0,0.0,0,0,0,0,0,0,1,0,1,0,939,257,0,32,0.0,0.0,0,0,0.0,0.0,0,0
17,47168,1,1,49,113,49,49,49.0,0.0,113,113,113.0,0.0,3434.531886,42.40162822,47168.0,0.0,47168,47168,0,0.0,0.0,0,0,0,0.0,0.0,0,0,0,0,0,0,32,32,21.200813,21.200813,49,113,70.333336,36.950417,1365.3334,0,0,0,0,0,0,0,0,1,105.5,49.0,113.0,0,0,0,0,0,0,1,49,1,113,-1,-1,0,32,0.0,0.0,0,0,0.0,0.0,0,0
17,1054389,4,2,148,204,37,37,37.0,0.0,102,102,102.0,0.0,333.842633032021,5.69049942668218,210877.8,422615.5,963598,1,90787,30262.334,52412.434,90783,1,4,4.0,0.0,4,4,0,0,0,0,80,40,3.7936664,1.8968332,37,102,55.57143,31.716753,1005.9524,0,0,0,0,0,0,0,0,0,64.833336,37.0,102.0,0,0,0,0,0,0,4,148,2,204,-1,-1,3,20,0.0,0.0,0,0,0.0,0.0,0,0
6,1,2,0,12,0,6,6,6.0,0.0,0,0,0.0,0.0,12000000.0,2000000.0,1.0,0.0,1,1,1,1.0,0.0,1,1,0,0.0,0.0,0,0,0,0,0,0,40,0,2000000.0,0.0,6,6,6.0,0.0,0.0,0,0,0,0,1,0,0,0,0,9.0,6.0,0.0,0,0,0,0,0,0,2,12,0,0,6570,-1,1,20,0.0,0.0,0,0,0.0,0.0,0,0
6,115226380,20,16,1325,1216,690,0,66.25,186.96155,1048,0,76.0,262.5658,22.05224186,0.312428456,3292182.2,4674183.0,10000000,3,115000000,6064546.5,4893784.5,10000000,3,111000000,7374791.5,4585170.0,10000000,364,0,0,0,0,648,520,0.17357136,0.1388571,0,1048,68.675674,217.55856,47331.727,0,0,0,1,0,0,0,0,0,70.583336,66.25,76.0,0,0,0,0,0,0,20,1325,16,1216,29200,351,4,32,50691.637,46228.996,190077,36675,10000000.0,15411.385,10000000,9960004
6,5066214,3,1,12,2,6,0,4.0,3.4641016,2,2,2.0,0.0,2.763404783,0.789544224,1688738.0,2889866.5,5025587,128,5066214,2533107.0,3524899.0,5025587,40627,0,0.0,0.0,0,0,0,0,0,0,72,24,0.59215814,0.19738606,0,6,2.8,3.0331502,9.2,0,0,0,1,0,0,0,0,0,3.5,4.0,2.0,0,0,0,0,0,0,3,12,1,2,8192,8190,2,20,0.0,0.0,0,0,0.0,0.0,0,0
6,5392161,3,1,12,0,6,0,4.0,3.4641016,0,0,0.0,0.0,2.225452838,0.741817613,1797387.0,3093076.5,5368939,23,5392161,2696080.5,3779992.8,5368939,23222,0,0.0,0.0,0,0,0,0,0,0,72,32,0.5563632,0.1854544,0,6,2.4,3.2863352,10.8,0,0,0,1,0,0,0,0,0,3.0,4.0,0.0,0,0,0,0,0,0,3,12,1,0,8192,29200,2,20,0.0,0.0,0,0,0.0,0.0,0,0
6,374,3,1,43,6,31,6,14.333333,14.433757,6,6,6.0,0.0,131016.042780749,10695.1871657754,124.666664,138.29799,274,1,275,137.5,193.04015,274,1,0,0.0,0.0,0,0,0,0,0,0,60,20,8021.39,2673.7969,6,31,11.0,11.18034,125.0,0,0,0,0,1,0,0,0,0,13.75,14.333333,6.0,0,0,0,0,0,0,3,43,1,6,980,0,2,20,0.0,0.0,0,0,0.0,0.0,0,0
17,24218,2,2,60,188,30,30,30.0,0.0,94,94,94.0,0.0,10240.31712,165.1664052,8072.6665,13938.12,24167,3,3,3.0,0.0,3,3,48,48.0,0.0,48,48,0,0,0,0,64,64,82.583206,82.583206,30,94,55.6,35.054245,1228.8,0,0,0,0,0,0,0,0,1,69.5,30.0,94.0,0,0,0,0,0,0,2,60,2,188,-1,-1,1,32,0.0,0.0,0,0,0.0,0.0,0,0
6,34505,4,1,412,6,299,6,103.0,133.17407,6,6,6.0,0.0,12114.18635,144.9065353,8626.25,11455.687,24236,3,34505,11501.667,12163.664,24236,3,0,0.0,0.0,0,0,1,0,0,0,80,20,115.92523,28.981308,6,299,119.5,140.99467,19879.5,0,1,0,0,1,0,0,0,0,143.4,103.0,6.0,0,0,0,0,0,0,4,412,1,6,343,0,3,20,0.0,0.0,0,0,0.0,0.0,0,0
17,31472,1,1,76,160,76,76,76.0,0.0,160,160,160.0,0.0,7498.729029,63.54855109,31472.0,0.0,31472,31472,0,0.0,0.0,0,0,0,0.0,0.0,0,0,0,0,0,0,20,40,31.774275,31.774275,76,160,104.0,48.49742,2352.0,0,0,0,0,0,0,0,0,1,156.0,76.0,160.0,0,0,0,0,0,0,1,76,1,160,-1,-1,0,20,0.0,0.0,0,0,0.0,0.0,0,0
17,86563927,2,2,90,299,48,42,45.0,4.2426405,196,103,149.5,65.76093,4.493788735,0.046208625,28900000.0,49800000.0,86400000,47363,86400000,86400000.0,0.0,86400000,86400000,86500000,86500000.0,0.0,86500000,86500000,0,0,0,0,40,64,0.023104312,0.023104312,42,196,87.4,65.58048,4300.8,0,0,0,0,0,0,0,0,1,109.25,45.0,149.5,0,0,0,0,0,0,2,90,2,299,-1,-1,1,20,47363.0,0.0,47363,47363,86400000.0,0.0,86400000,86400000
6,44562,6,2,11601,26,8760,0,1933.5,3415.533,20,6,13.0,9.899495,260917.3735,179.525156,6366.0,10552.267,22838,48,44562,8912.4,12101.578,22838,48,700,700.0,0.0,700,700,0,0,0,0,144,40,134.64386,44.88129,0,8760,1291.8889,2866.6074,8217438.0,0,0,0,1,0,0,0,0,0,1453.375,1933.5,13.0,0,0,0,0,0,0,6,11601,2,26,8192,256,4,20,0.0,0.0,0,0,0.0,0.0,0,0
6,117009470,28,37,960,38286,219,0,34.285713,60.585327,2860,0,1034.7567,729.4901,335.408749394387,0.555510592433245,1828273.0,10180268.0,58372733,1,117009470,4333684.0,15497990.0,58448284,19,116775818,3243772.8,13493656.0,58409132,1,0,0,0,0,584,752,0.23929687,0.31621373,0,2860,594.63635,739.7425,547218.94,0,0,0,1,0,0,0,0,1,603.7846,34.285713,1034.7567,0,0,0,0,0,0,28,960,37,38286,8192,360,26,20,324025.5,66934.02,371355,276696,58063824.0,436863.3,58372733,57754915
17,253,2,2,76,204,38,38,38.0,0.0,102,102,102.0,0.0,1106719.368,15810.27668,84.333336,104.57693,202,2,2,2.0,0.0,2,2,49,49.0,0.0,49,49,0,0,0,0,64,64,7905.138,7905.138,38,102,63.6,35.054245,1228.8,0,0,0,0,0,0,0,0,1,79.5,38.0,102.0,0,0,0,0,0,0,2,76,2,204,-1,-1,1,32,0.0,0.0,0,0,0.0,0.0,0,0
6,127689,1,1,0,0,0,0,0.0,0.0,0,0,0.0,0.0,0.0,15.6630563321821,127689.0,0.0,127689,127689,0,0.0,0.0,0,0,0,0.0,0.0,0,0,0,0,0,0,32,32,7.831528,7.831528,0,0,0.0,0.0,0.0,0,0,0,0,1,1,0,0,1,0.0,0.0,0.0,0,0,0,0,0,0,1,0,1,0,597,31,0,32,0.0,0.0,0,0,0.0,0.0,0,0
6,14950,1,1,6,6,6,6,6.0,0.0,6,6,6.0,0.0,802.675585284281,133.779264214047,14950.0,0.0,14950,14950,0,0.0,0.0,0,0,0,0.0,0.0,0,0,0,0,0,0,20,20,66.88963,66.88963,6,6,6.0,0.0,0.0,0,0,0,0,1,1,0,0,1,9.0,6.0,6.0,0,0,0,0,0,0,1,6,1,6,295,31,0,20,0.0,0.0,0,0,0.0,0.0,0,0
6,7849,5,0,29,0,29,0,5.8,12.969194,0,0,0.0,0.0,3694.73818320805,637.023824691043,1962.25,3785.7217,7639,1,7849,1962.25,3785.7217,7639,1,0,0.0,0.0,0,0,0,0,0,0,160,0,637.0238,0.0,0,29,4.8333335,11.8392,140.16667,0,0,0,0,1,0,0,0,0,5.8,5.8,0.0,0,0,0,0,0,0,5,29,0,0,33225,-1,1,32,0.0,0.0,0,0,0.0,0.0,0,0
6,255,2,0,12,0,6,6,6.0,0.0,0,0,0.0,0.0,47058.82353,7843.137255,255.0,0.0,255,255,255,255.0,0.0,255,255,0,0.0,0.0,0,0,0,0,0,0,40,0,7843.137,0.0,6,6,6.0,0.0,0.0,0,0,0,0,1,0,0,0,0,9.0,6.0,0.0,0,0,0,0,0,0,2,12,0,0,255,-1,1,20,0.0,0.0,0,0,0.0,0.0,0,0
17,486705,1,1,56,122,56,56,56.0,0.0,122,122,122.0,0.0,365.7246176,4.109265366,486705.0,0.0,486705,486705,0,0.0,0.0,0,0,0,0.0,0.0,0,0,0,0,0,0,20,32,2.0546327,2.0546327,56,122,78.0,38.105118,1452.0,0,0,0,0,0,0,0,0,1,117.0,56.0,122.0,0,0,0,0,0,0,1,56,1,122,-1,-1,0,20,0.0,0.0,0,0,0.0,0.0,0,0
17,189,2,2,70,286,35,35,35.0,0.0,143,143,143.0,0.0,1883597.884,21164.02116,63.0,70.377556,140,2,47,47.0,0.0,47,47,2,2.0,0.0,2,2,0,0,0,0,40,40,10582.011,10582.011,35,143,78.2,59.154037,3499.2,0,0,0,0,0,0,0,0,1,97.75,35.0,143.0,0,0,0,0,0,0,2,70,2,286,-1,-1,1,20,0.0,0.0,0,0,0.0,0.0,0,0
17,66022047,2,2,96,96,48,48,48.0,0.0,48,48,48.0,0.0,2.908119465,0.060585822,22000000.0,38100000.0,66000000,22039,66000000,66000000.0,0.0,66000000,66000000,66000000,66000000.0,0.0,66000000,66000000,0,0,0,0,52,64,0.030292911,0.030292911,48,48,48.0,0.0,0.0,0,0,0,0,0,0,0,0,1,60.0,48.0,48.0,0,0,0,0,0,0,2,96,2,96,-1,-1,1,20,27645.0,0.0,27645,27645,66000000.0,0.0,66000000,66000000
6,71,2,2,4,12,2,2,2.0,0.0,6,6,6.0,0.0,225352.1127,56338.02817,23.666666,22.72297,48,3,48,48.0,0.0,48,48,3,3.0,0.0,3,3,0,0,0,0,48,40,28169.014,28169.014,2,6,3.6,2.1908903,4.8,0,0,0,1,0,0,0,0,1,4.5,2.0,6.0,0,0,0,0,0,0,2,4,2,12,1024,0,1,24,0.0,0.0,0,0,0.0,0.0,0,0
17,61684,1,1,54,88,54,54,54.0,0.0,88,88,88.0,0.0,2302.055638,32.42331885,61684.0,0.0,61684,61684,0,0.0,0.0,0,0,0,0.0,0.0,0,0,0,0,0,0,20,20,16.211658,16.211658,54,88,65.333336,19.62991,385.33334,0,0,0,0,0,0,0,0,1,98.0,54.0,88.0,0,0,0,0,0,0,1,54,1,88,-1,-1,0,20,0.0,0.0,0,0,0.0,0.0,0,0
17,61395,1,1,66,237,66,66,66.0,0.0,237,237,237.0,0.0,4935.255314,32.57594267,61395.0,0.0,61395,61395,0,0.0,0.0,0,0,0,0.0,0.0,0,0,0,0,0,0,20,20,16.287971,16.287971,66,237,123.0,98.7269,9747.0,0,0,0,0,0,0,0,0,1,184.5,66.0,237.0,0,0,0,0,0,0,1,66,1,237,-1,-1,0,20,0.0,0.0,0,0,0.0,0.0,0,0
6,61101250,14,18,826,10021,346,0,59.0,110.88109,1460,0,556.7222,683.3799,177.5250097,0.523720873,1971008.1,3874883.5,10000000,4,52400000,4030135.2,5074022.5,10300000,172,60800000,3578165.0,4873711.0,10300000,4,0,0,0,0,292,432,0.22912788,0.29459298,0,1460,328.69696,563.50574,317538.72,0,0,0,1,0,0,0,0,1,338.96875,59.0,556.7222,0,0,0,0,0,0,14,826,18,10021,8192,18,13,20,452596.84,474237.16,1420404,242792,9730944.0,634986.2,10000000,8435439
17,200,2,2,68,192,34,34,34.0,0.0,96,96,96.0,0.0,1300000.0,20000.0,66.666664,103.51972,186,1,13,13.0,0.0,13,13,1,1.0,0.0,1,1,0,0,0,0,40,40,10000.0,10000.0,34,96,58.8,33.958797,1153.2,0,0,0,0,0,0,0,0,1,73.5,34.0,96.0,0,0,0,0,0,0,2,68,2,192,-1,-1,1,20,0.0,0.0,0,0,0.0,0.0,0,0
6,25,1,1,0,0,0,0,0.0,0.0,0,0,0.0,0.0,0.0,80000.0,25.0,0.0,25,25,0,0.0,0.0,0,0,0,0.0,0.0,0,0,0,0,0,0,32,32,40000.0,40000.0,0,0,0.0,0.0,0.0,0,0,0,0,1,1,0,0,1,0.0,0.0,0.0,0,0,0,0,0,0,1,0,1,0,332,229,0,32,0.0,0.0,0,0,0.0,0.0,0,0
17,91983,1,1,69,117,69,69,69.0,0.0,117,117,117.0,0.0,2022.112782,21.74314819,91983.0,0.0,91983,91983,0,0.0,0.0,0,0,0,0.0,0.0,0,0,0,0,0,0,20,20,10.871574,10.871574,69,117,85.0,27.712812,768.0,0,0,0,0,0,0,0,0,1,127.5,69.0,117.0,0,0,0,0,0,0,1,69,1,117,-1,-1,0,20,0.0,0.0,0,0,0.0,0.0,0,0
6,32826,2,1,44,6,38,6,22.0,22.627417,6,6,6.0,0.0,1523.182843,91.39097057,16413.0,23081.379,32734,92,32826,32826.0,0.0,32826,32826,0,0.0,0.0,0,0,1,0,0,0,40,20,60.927315,30.463657,6,38,22.0,18.475208,341.33334,0,1,0,0,1,0,0,0,0,29.333334,22.0,6.0,0,0,0,0,0,0,2,44,1,6,351,0,1,20,0.0,0.0,0,0,0.0,0.0,0,0
6,116836401,15,16,901,4773,270,0,60.066666,85.10117,1430,0,298.3125,526.06573,48.56363215,0.265328269,3894546.8,14800000.0,58400000,1,117000000,8345457.0,21100000.0,58500000,25,117000000,7783305.0,20500000.0,58400000,1,0,0,0,0,312,332,0.12838465,0.13694362,0,1430,177.3125,390.38702,152402.03,0,0,0,1,0,0,0,0,1,183.03226,60.066666,298.3125,0,0,0,0,0,0,15,901,16,4773,8192,360,8,20,193604.0,149789.27,299521,87687,58200000.0,277388.1,58400000,58000000
6,681440,5,2,11601,26,8760,0,2320.2,3803.2295,20,6,13.0,9.899495,17062.39728,10.2723644,113573.336,273528.78,671865,68,681440,170360.0,334364.34,671865,110,227,227.0,0.0,227,227,0,0,0,0,124,40,7.3374033,2.9349613,0,8760,1453.375,3113.9526,9696701.0,0,0,0,1,0,0,0,0,0,1661.0,2320.2,13.0,0,0,0,0,0,0,5,11601,2,26,8192,256,3,20,0.0,0.0,0,0,0.0,0.0,0,0
6,828367,8,13,727,8922,381,0,90.875,138.11531,1820,0,686.3077,756.93066,11648.21872,25.35108231,41418.35,76197.766,216571,1,828141,118305.86,101168.27,216571,330,645404,53783.668,86682.95,227105,1,0,0,0,0,172,272,9.657556,15.693527,0,1820,438.5909,653.4232,426961.88,0,0,0,1,0,0,0,0,1,459.4762,90.875,686.3077,0,0,0,0,0,0,8,727,13,8922,8192,33,7,20,0.0,0.0,0,0,0.0,0.0,0,0
6,119256201,203,578,1381,957815,517,0,6.8029556,52.99104,5792,0,1657.1194,715.70966,8043.154083,6.548925703,152892.56,1214478.4,10200000,1,119000000,590377.25,2339385.0,10200000,16,116000000,201227.39,1406030.0,10200000,1,0,0,0,0,6504,18504,1.7022176,4.8467083,0,5792,1226.5934,951.318,905005.94,0,0,0,1,0,0,0,0,2,1228.164,6.8029556,1657.1194,0,0,0,0,0,0,203,1381,578,957815,29200,63,5,32,340236.28,1078117.9,3590884,14983,10200000.0,31604.686,10200000,10100000
6,94723,3,2,394,165,394,0,131.33333,227.47601,165,0,82.5,116.67262,5901.417818,52.78549032,23680.75,20112.797,40512,120,54211,27105.5,18860.658,40442,13769,54401,54401.0,0.0,54401,54401,0,0,0,0,72,44,31.671293,21.114197,0,394,93.166664,161.48117,26076.166,0,0,0,1,0,0,0,0,0,111.8,131.33333,82.5,0,0,0,0,0,0,3,394,2,165,8192,11110,1,20,0.0,0.0,0,0,0.0,0.0,0,0
17,30539,1,1,49,65,49,49,49.0,0.0,65,65,65.0,0.0,3732.931661,65.49002914,30539.0,0.0,30539,30539,0,0.0,0.0,0,0,0,0.0,0.0,0,0,0,0,0,0,20,20,32.745014,32.745014,49,65,54.333332,9.237604,85.333336,0,0,0,0,0,0,0,0,1,81.5,49.0,65.0,0,0,0,0,0,0,1,49,1,65,-1,-1,0,20,0.0,0.0,0,0,0.0,0.0,0,0
6,3978988,5,1,135,46,46,6,27.0,20.12461,46,46,46.0,0.0,45.48895347,1.50792111,795797.6,1640729.2,3727597,3,3978988,994747.0,1824884.4,3727597,3,0,0.0,0.0,0,0,1,0,0,0,100,20,1.256601,0.25132018,6,46,32.42857,18.866701,355.9524,0,1,0,0,1,0,0,0,0,37.833332,27.0,46.0,0,0,0,0,0,0,5,135,1,46,16484,388,4,20,0.0,0.0,0,0,0.0,0.0,0,0
6,2099608,7,9,865,4855,581,0,123.57143,218.92226,1460,0,539.44446,663.3129,2724.318063,7.620470107,139973.86,514357.5,1998790,2,100815,16802.5,16594.133,36192,23,2070352,258794.0,703227.6,1998841,2,0,0,0,0,152,192,3.3339558,4.2865143,0,1460,336.47058,536.6979,288044.62,0,0,0,1,0,0,0,0,1,357.5,123.57143,539.44446,0,0,0,0,0,0,7,865,9,4855,8192,31,3,20,0.0,0.0,0,0,0.0,0.0,0,0
17,151,2,2,68,158,34,34,34.0,0.0,79,79,79.0,0.0,1496688.742,26490.06623,50.333332,81.119255,144,3,4,4.0,0.0,4,4,3,3.0,0.0,3,3,0,0,0,0,40,40,13245.033,13245.033,34,79,52.0,24.647514,607.5,0,0,0,0,0,0,0,0,1,65.0,34.0,79.0,0,0,0,0,0,0,2,68,2,158,-1,-1,1,20,0.0,0.0,0,0,0.0,0.0,0,0
6,123,1,1,6,6,6,6,6.0,0.0,6,6,6.0,0.0,97560.97561,16260.1626,123.0,0.0,123,123,0,0.0,0.0,0,0,0,0.0,0.0,0,0,0,0,0,0,20,20,8130.0815,8130.0815,6,6,6.0,0.0,0.0,0,0,0,0,1,1,0,0,1,9.0,6.0,6.0,0,0,0,0,0,0,1,6,1,6,114,253,0,20,0.0,0.0,0,0,0.0,0.0,0,0
17,24140,2,2,102,202,51,51,51.0,0.0,101,101,101.0,0.0,12593.2063,165.7000829,8046.6665,13893.086,24089,3,48,48.0,0.0,48,48,3,3.0,0.0,3,3,0,0,0,0,64,64,82.850044,82.850044,51,101,71.0,27.386127,750.0,0,0,0,0,0,0,0,0,1,88.75,51.0,101.0,0,0,0,0,0,0,2,102,2,202,-1,-1,1,32,0.0,0.0,0,0,0.0,0.0,0,0
6,40698048,20,32,21928,6643,3093,0,1096.4,1462.5731,1448,0,207.59375,397.8552,702.0238415,1.277702557,798000.94,2708224.5,10200000,3,31100000,1639472.6,3788801.5,10200000,5,40700000,1312085.4,3406682.2,10200000,3,0,0,0,0,648,1020,0.49142405,0.7862785,0,3093,539.0755,1033.7499,1068638.6,0,0,0,1,0,0,0,0,1,549.4423,1096.4,207.59375,0,0,0,0,0,0,20,21928,32,6643,29200,26308,10,32,189163.0,331200.16,685963,23146,9985349.0,324949.3,10200000,9524921
6,10086172,4,6,2414,2948,2402,0,603.5,1199.0033,2887,0,491.33334,1173.7355,531.6189333,0.991456422,1120685.8,3329534.8,9999375,3,86797,28932.334,14172.159,41169,13404,10100000,2010806.8,4465852.0,9999493,3,0,0,0,0,92,132,0.39658257,0.59487385,0,2887,487.45456,1072.0387,1149267.1,0,0,0,1,0,0,0,0,1,536.2,603.5,491.33334,0,0,0,0,0,0,4,2414,6,2948,8192,64,3,20,0.0,0.0,0,0,0.0,0.0,0,0
17,32656,2,2,58,188,29,29,29.0,0.0,94,94,94.0,0.0,7533.07202351788,122.488975992161,10885.333,18812.395,32608,1,1,1.0,0.0,1,1,47,47.0,0.0,47,47,0,0,0,0,64,64,61.244488,61.244488,29,94,55.0,35.601967,1267.5,0,0,0,0,0,0,0,0,1,68.75,29.0,94.0,0,0,0,0,0,0,2,58,2,188,-1,-1,1,32,0.0,0.0,0,0,0.0,0.0,0,0
17,182,2,2,64,162,32,32,32.0,0.0,81,81,81.0,0.0,1241758.242,21978.02198,60.666668,104.21292,181,0,1,1.0,0.0,1,1,0,0.0,0.0,0,0,0,0,0,0,80,80,10989.011,10989.011,32,81,51.6,26.838406,720.3,0,0,0,0,0,0,0,0,1,64.5,32.0,81.0,0,0,0,0,0,0,2,64,2,162,-1,-1,1,40,0.0,0.0,0,0,0.0,0.0,0,0
17,16174,1,1,48,48,48,48,48.0,0.0,48,48,48.0,0.0,5935.45196,123.6552492,16174.0,0.0,16174,16174,0,0.0,0.0,0,0,0,0.0,0.0,0,0,0,0,0,0,32,32,61.827625,61.827625,48,48,48.0,0.0,0.0,0,0,0,0,0,0,0,0,1,72.0,48.0,48.0,0,0,0,0,0,0,1,48,1,48,-1,-1,0,32,0.0,0.0,0,0,0.0,0.0,0,0
6,1056531,4,4,834,1264,834,0,208.5,417.0,1264,0,316.0,632.0,1985.743911,7.571950089,150933.0,374862.47,1000700,80,55831,18610.334,16478.768,31733,116,1032657,344219.0,568655.1,1000780,7915,0,0,0,0,136,136,3.785975,3.785975,0,1264,233.11111,474.89273,225523.11,0,0,0,1,0,0,0,0,1,262.25,208.5,316.0,0,0,0,0,0,0,4,834,4,1264,29200,32,1,32,0.0,0.0,0,0,0.0,0.0,0,0
17,207,2,2,102,224,51,51,51.0,0.0,112,112,112.0,0.0,1574879.227,19323.6715,69.0,38.105118,113,47,47,47.0,0.0,47,47,47,47.0,0.0,47,47,0,0,0,0,40,40,9661.836,9661.836,51,112,75.4,33.411076,1116.3,0,0,0,0,0,0,0,0,1,94.25,51.0,112.0,0,0,0,0,0,0,2,102,2,224,-1,-1,1,20,0.0,0.0,0,0,0.0,0.0,0,0
6,117929256,12,11,966,4515,517,0,80.5,147.03958,1460,0,410.45456,616.8302,46.4770167,0.195032181,5360420.5,17200000.0,58600000,3,118000000,10700000.0,23600000.0,58600000,356,118000000,11800000.0,24600000.0,58800000,3,0,0,0,0,252,232,0.101755925,0.09327626,0,1460,228.375,453.0987,205298.42,0,0,0,1,0,0,0,0,0,238.30435,80.5,410.45456,0,0,0,0,0,0,12,966,11,4515,8192,33,11,20,512700.5,424288.8,812718,212683,58300000.0,325549.12,58600000,58100000
17,60621,1,1,40,94,40,40,40.0,0.0,94,94,94.0,0.0,2210.455123,32.9918675,60621.0,0.0,60621,60621,0,0.0,0.0,0,0,0,0.0,0.0,0,0,0,0,0,0,20,20,16.495934,16.495934,40,94,58.0,31.176914,972.0,0,0,0,0,0,0,0,0,1,87.0,40.0,94.0,0,0,0,0,0,0,1,40,1,94,-1,-1,0,20,0.0,0.0,0,0,0.0,0.0,0,0
6,212,2,0,0,0,0,0,0.0,0.0,0,0,0.0,0.0,0.0,9433.962264,212.0,0.0,212,212,212,212.0,0.0,212,212,0,0.0,0.0,0,0,0,0,0,0,40,0,9433.962,0.0,0,0,0.0,0.0,0.0,0,0,0,0,1,0,0,0,0,0.0,0.0,0.0,0,0,0,0,0,0,2,0,0,0,5725,-1,0,20,0.0,0.0,0,0,0.0,0.0,0,0
17,282,2,2,80,358,40,40,40.0,0.0,179,179,179.0,0.0,1553191.489,14184.39716,94.0,161.08072,280,1,1,1.0,0.0,1,1,1,1.0,0.0,1,1,0,0,0,0,64,64,7092.1987,7092.1987,40,179,95.6,76.13344,5796.3,0,0,0,0,0,0,0,0,1,119.5,40.0,179.0,0,0,0,0,0,0,2,80,2,358,-1,-1,1,32,0.0,0.0,0,0,0.0,0.0,0,0
17,31157,2,2,92,236,46,46,46.0,0.0,118,118,118.0,0.0,10527.3293320923,128.382065025516,10385.667,17983.307,31151,3,3,3.0,0.0,3,3,3,3.0,0.0,3,3,0,0,0,0,64,64,64.19103,64.19103,46,118,74.8,39.436024,1555.2,0,0,0,0,0,0,0,0,1,93.5,46.0,118.0,0,0,0,0,0,0,2,92,2,236,-1,-1,1,32,0.0,0.0,0,0,0.0,0.0,0,0
6,485288,1,6,6,36,6,6,6.0,0.0,6,6,6.0,0.0,86.54654556,14.42442426,80881.336,181552.55,450903,1,0,0.0,0.0,0,0,458968,91793.6,200769.95,450903,1,0,0,0,0,20,120,2.060632,12.363792,6,6,6.0,0.0,0.0,0,0,0,0,1,1,0,0,6,6.857143,6.0,6.0,0,0,0,0,0,0,1,6,6,36,229,0,0,20,0.0,0.0,0,0,0.0,0.0,0,0
17,95973,2,2,90,278,45,45,45.0,0.0,139,139,139.0,0.0,3834.411762,41.67838871,31991.0,55396.18,95957,1,15,15.0,0.0,15,15,1,1.0,0.0,1,1,0,0,0,0,80,64,20.839195,20.839195,45,139,82.6,51.48592,2650.8,0,0,0,0,0,0,0,0,1,103.25,45.0,139.0,0,0,0,0,0,0,2,90,2,278,-1,-1,1,40,0.0,0.0,0,0,0.0,0.0,0,0
6,23238,1,1,0,0,0,0,0.0,0.0,0,0,0.0,0.0,0.0,86.0659265,23238.0,0.0,23238,23238,0,0.0,0.0,0,0,0,0.0,0.0,0,0,0,0,0,0,32,32,43.032963,43.032963,0,0,0.0,0.0,0.0,0,0,0,0,1,1,0,0,1,0.0,0.0,0.0,0,0,0,0,0,0,1,0,1,0,229,29,0,32,0.0,0.0,0,0,0.0,0.0,0,0
6,65099254,14,16,3542,5917,3188,0,253.0,847.27545,2257,0,369.8125,704.58887,145.3012042,0.460834774,2244801.8,4129557.8,10000000,1,60200000,4631865.0,5191176.5,10000000,22,65100000,4338425.5,4957358.0,10000000,1,0,0,0,0,292,404,0.21505623,0.24577855,0,3188,305.12903,752.2667,565905.25,0,0,0,1,0,0,0,0,1,315.3,253.0,369.8125,0,0,0,0,0,0,14,3542,16,5917,8192,44,9,20,35885.0,31549.48,100285,22925,9999822.0,6332.399,10000000,9991550
17,401277,2,2,100,374,50,50,50.0,0.0,187,187,187.0,0.0,1181.22892665166,9.96817659621658,133759.0,231671.33,401270,3,4,4.0,0.0,4,4,3,3.0,0.0,3,3,0,0,0,0,64,64,4.9840884,4.9840884,50,187,104.8,75.03799,5630.7,0,0,0,0,0,0,0,0,1,131.0,50.0,187.0,0,0,0,0,0,0,2,100,2,374,-1,-1,1,32,0.0,0.0,0,0,0.0,0.0,0,0
6,5086887,5,1,135,46,46,6,27.0,20.12461,46,46,46.0,0.0,35.58168286,1.179503299,1017377.4,2218241.2,4985226,3,5086887,1271721.8,2476030.2,4985226,3,0,0.0,0.0,0,0,1,0,0,0,100,20,0.9829194,0.19658388,6,46,32.42857,18.866701,355.9524,0,1,0,0,1,0,0,0,0,37.833332,27.0,46.0,0,0,0,0,0,0,5,135,1,46,253,64,4,20,0.0,0.0,0,0,0.0,0.0,0,0
6,365,2,0,0,0,0,0,0.0,0.0,0,0,0.0,0.0,0.0,5479.452055,365.0,0.0,365,365,365,365.0,0.0,365,365,0,0.0,0.0,0,0,0,0,0,0,40,0,5479.452,0.0,0,0,0.0,0.0,0.0,0,0,0,0,1,0,0,0,0,0.0,0.0,0.0,0,0,0,0,0,0,2,0,0,0,35134,-1,0,20,0.0,0.0,0,0,0.0,0.0,0,0
17,277967,1,1,55,110,55,55,55.0,0.0,110,110,110.0,0.0,593.5956426,7.195098699,277967.0,0.0,277967,277967,0,0.0,0.0,0,0,0,0.0,0.0,0,0,0,0,0,0,32,20,3.5975494,3.5975494,55,110,73.333336,31.754265,1008.3333,0,0,0,0,0,0,0,0,1,110.0,55.0,110.0,0,0,0,0,0,0,1,55,1,110,-1,-1,0,32,0.0,0.0,0,0,0.0,0.0,0,0
17,73478,4,2,144,208,36,36,36.0,0.0,104,104,104.0,0.0,4790.549552,81.65709464,14695.6,20540.986,42600,3,30874,10291.333,17819.05,30867,3,4,4.0,0.0,4,4,0,0,0,0,104,40,54.438065,27.219032,36,104,55.42857,33.180603,1100.9524,0,0,0,0,0,0,0,0,0,64.666664,36.0,104.0,0,0,0,0,0,0,4,144,2,208,-1,-1,3,20,0.0,0.0,0,0,0.0,0.0,0,0
17,701,1,1,44,305,44,44,44.0,0.0,305,305,305.0,0.0,497860.1997,2853.067047,701.0,0.0,701,701,0,0.0,0.0,0,0,0,0.0,0.0,0,0,0,0,0,0,20,20,1426.5336,1426.5336,44,305,131.0,150.68842,22707.0,0,0,0,0,0,0,0,0,1,196.5,44.0,305.0,0,0,0,0,0,0,1,44,1,305,-1,-1,0,20,0.0,0.0,0,0,0.0,0.0,0,0
6,46068438,29,39,512,58174,350,0,17.655172,63.928684,2920,0,1491.641,917.0409,1273.887341,1.476064806,687588.6,2469001.8,9985500,0,46100000,1645301.4,3647936.5,10000000,277,46100000,1211917.0,3202219.5,10000000,48,0,0,0,0,592,840,0.62949824,0.84656656,0,2920,850.5217,1006.8961,1013839.8,0,0,0,1,0,0,0,0,1,863.0294,17.655172,1491.641,0,0,0,0,0,0,29,512,39,58174,8192,30,28,20,36535.2,47900.473,122222,14991,9177152.0,1796304.8,9985500,5963862
6,231066,1,1,6,6,6,6,6.0,0.0,6,6,6.0,0.0,51.93321389,8.655535648,231066.0,0.0,231066,231066,0,0.0,0.0,0,0,0,0.0,0.0,0,0,0,0,0,0,20,20,4.327768,4.327768,6,6,6.0,0.0,0.0,0,0,0,0,1,1,0,0,1,9.0,6.0,6.0,0,0,0,0,0,0,1,6,1,6,237,126,0,20,0.0,0.0,0,0,0.0,0.0,0,0
6,116316258,49,52,2620,67782,711,0,53.469387,161.66454,4344,0,1303.5,1173.2272,605.2636253,0.868322294,1163162.6,3165892.5,10000000,0,116000000,2423255.5,4254144.5,10000000,4,112000000,2187368.8,4162441.5,10000000,2,0,0,0,0,1576,1672,0.42126527,0.447057,0,4344,690.2157,1050.0138,1102528.9,0,0,0,1,0,0,0,0,1,697.0495,53.469387,1303.5,0,0,0,0,0,0,49,2620,52,67782,29200,1127,7,32,118955.27,317842.38,1077286,23001,10000000.0,6765.4023,10000000,10000000
6,2275359,8,9,2191,4420,1645,0,273.875,567.0476,1460,2,491.1111,669.29675,2905.475576,7.471348477,142209.94,324410.3,1332646,2,2188674,312667.72,452368.25,1332646,87183,2188289,273536.12,498280.12,1465533,2,0,0,0,0,172,184,3.5159287,3.9554198,0,1645,367.27777,602.79565,363362.56,0,0,0,1,0,0,0,0,1,388.88235,273.875,491.1111,0,0,0,0,0,0,8,2191,9,4420,8192,40958,7,20,0.0,0.0,0,0,0.0,0.0,0,0
6,116216,4,2,336,12,258,0,84.0,121.688126,6,6,6.0,0.0,2994.424176,51.62800303,23243.2,51672.395,115677,1,116216,38738.668,66708.0,115766,1,4,4.0,0.0,4,4,0,0,0,0,128,40,34.418667,17.209333,0,258,49.714287,96.107086,9236.571,0,0,0,0,1,0,0,0,0,58.0,84.0,6.0,0,0,0,0,0,0,4,336,2,12,130,0,2,32,0.0,0.0,0,0,0.0,0.0,0,0
17,23774,1,1,47,131,47,47,47.0,0.0,131,131,131.0,0.0,7487.17085892151,84.125515268781,23774.0,0.0,23774,23774,0,0.0,0.0,0,0,0,0.0,0.0,0,0,0,0,0,0,20,20,42.06276,42.06276,47,131,75.0,48.49742,2352.0,0,0,0,0,0,0,0,0,1,112.5,47.0,131.0,0,0,0,0,0,0,1,47,1,131,-1,-1,0,20,0.0,0.0,0,0,0.0,0.0,0,0
17,166245,2,2,68,262,34,34,34.0,0.0,131,131,131.0,0.0,1985.022106,24.06087401,55415.0,95976.4,166239,2,2,2.0,0.0,2,2,4,4.0,0.0,4,4,0,0,0,0,64,64,12.030437,12.030437,34,131,72.8,53.12909,2822.7,0,0,0,0,0,0,0,0,1,91.0,34.0,131.0,0,0,0,0,0,0,2,68,2,262,-1,-1,1,32,0.0,0.0,0,0,0.0,0.0,0,0
17,23973,2,2,78,302,39,39,39.0,0.0,151,151,151.0,0.0,15851.16589,166.8543778,7991.0,13792.335,23917,8,48,48.0,0.0,48,48,8,8.0,0.0,8,8,0,0,0,0,64,40,83.42719,83.42719,39,151,83.8,61.344925,3763.2,0,0,0,0,0,0,0,0,1,104.75,39.0,151.0,0,0,0,0,0,0,2,78,2,302,-1,-1,1,32,0.0,0.0,0,0,0.0,0.0,0,0
6,64606,5,4,121,3110,121,0,24.2,54.112846,1338,0,777.5,671.02386,50010.83491,139.3059468,8075.75,12856.835,28784,20,64606,16151.5,14725.905,28810,295,28903,9634.333,16464.783,28646,48,0,0,0,0,172,136,77.39219,61.913754,0,1338,323.1,551.7194,304394.3,0,0,0,1,0,0,0,0,0,359.0,24.2,777.5,0,0,0,0,0,0,5,121,4,3110,65535,4050,1,32,0.0,0.0,0,0,0.0,0.0,0,0
6,82609318,8,6,1299,4057,853,0,162.375,294.203,1460,0,676.1667,664.4834,64.83530103,0.169472407,6354563.0,22800000.0,82300000,23,82600000,11800000.0,31100000.0,82300000,245,212820,42564.0,38940.668,76818,48,0,0,0,0,172,132,0.09684137,0.07263103,0,1460,357.06668,524.76276,275375.94,0,0,0,1,0,0,0,0,0,382.57144,162.375,676.1667,0,0,0,0,0,0,8,1299,6,4057,8192,509,7,20,0.0,0.0,0,0,0.0,0.0,0,0
6,362,2,1,12,6,6,6,6.0,0.0,6,6,6.0,0.0,49723.75691,8287.292818,181.0,186.6762,313,49,362,362.0,0.0,362,362,0,0.0,0.0,0,0,0,0,0,0,40,20,5524.862,2762.431,6,6,6.0,0.0,0.0,1,0,0,0,0,0,0,0,0,8.0,6.0,6.0,0,0,0,0,0,0,2,12,1,6,0,1892,1,20,0.0,0.0,0,0,0.0,0.0,0,0
17,143,2,2,70,102,35,35,35.0,0.0,51,51,51.0,0.0,1202797.203,27972.02797,47.666668,76.50054,136,3,4,4.0,0.0,4,4,3,3.0,0.0,3,3,0,0,0,0,64,64,13986.014,13986.014,35,51,41.4,8.763561,76.8,0,0,0,0,0,0,0,0,1,51.75,35.0,51.0,0,0,0,0,0,0,2,70,2,102,-1,-1,1,32,0.0,0.0,0,0,0.0,0.0,0,0
6,59,1,1,0,0,0,0,0.0,0.0,0,0,0.0,0.0,0.0,33898.30508,59.0,0.0,59,59,0,0.0,0.0,0,0,0,0.0,0.0,0,0,0,0,0,0,32,32,16949.152,16949.152,0,0,0.0,0.0,0.0,0,0,0,0,1,1,0,0,1,0.0,0.0,0.0,0,0,0,0,0,0,1,0,1,0,349,316,0,32,0.0,0.0,0,0,0.0,0.0,0,0
6,115607449,19,23,389,16026,293,0,20.473684,66.022194,2920,0,696.7826,994.0727,141.9891204,0.363298389,2819694.0,4455654.0,10000000,23,116000000,6422636.0,4823960.0,10100000,491,111000000,5047940.5,5157119.0,10100000,50,0,0,0,0,404,604,0.16434927,0.19894911,0,2920,381.74417,797.7156,636350.1,0,0,0,1,0,0,0,0,1,390.83334,20.473684,696.7826,0,0,0,0,0,0,19,389,23,16026,8192,65535,17,20,95723.82,31579.482,190939,86067,10000000.0,3594.843,10000000,9992282
6,3293386,3,3,0,0,0,0,0.0,0.0,0,0,0.0,0.0,0.0,1.821833214,658677.2,932806.0,2023871,23,1269515,634757.5,864846.06,1246296,23219,3270228,1635114.0,549817.94,2023894,1246334,0,0,0,0,104,112,0.9109166,0.9109166,0,0,0.0,0.0,0.0,0,0,0,1,0,0,0,0,1,0.0,0.0,0.0,0,0,0,0,0,0,3,0,3,0,29200,29,0,32,0.0,0.0,0,0,0.0,0.0,0,0
6,68961,5,3,436,1178,436,0,87.2,194.98512,1178,0,392.66666,680.1186,23404.5329969113,116.007598497702,9851.571,15255.101,32271,48,68961,17240.25,19281.783,35757,311,36071,18035.5,20643.982,32633,3438,0,0,0,0,172,104,72.504745,43.50285,0,1178,179.33333,401.30038,161042.0,0,0,0,1,0,0,0,0,0,201.75,87.2,392.66666,0,0,0,0,0,0,5,436,3,1178,65535,54,1,32,0.0,0.0,0,0,0.0,0.0,0,0
6,1292829,4,1,49,6,31,6,12.25,12.5,6,6,6.0,0.0,42.54236252,3.867487502,323207.25,620565.56,1253648,3,1292679,430893.0,712793.9,1253648,3,0,0.0,0.0,0,0,0,0,0,0,80,20,3.09399,0.7734975,6,31,10.166667,10.206207,104.166664,0,0,0,0,1,0,0,0,0,12.2,12.25,6.0,0,0,0,0,0,0,4,49,1,6,60,0,3,20,0.0,0.0,0,0,0.0,0.0,0,0
6,3361,2,0,12,0,6,6,6.0,0.0,0,0,0.0,0.0,3570.365963,595.0609938,3361.0,0.0,3361,3361,3361,3361.0,0.0,3361,3361,0,0.0,0.0,0,0,0,0,0,0,40,0,595.061,0.0,6,6,6.0,0.0,0.0,0,0,0,0,1,0,0,0,0,9.0,6.0,0.0,0,0,0,0,0,0,2,12,0,0,64240,-1,1,20,0.0,0.0,0,0,0.0,0.0,0,0
17,23866,2,2,68,236,34,34,34.0,0.0,118,118,118.0,0.0,12737.78597,167.602447,7955.3335,13695.037,23769,48,49,49.0,0.0,49,49,48,48.0,0.0,48,48,0,0,0,0,64,64,83.80122,83.80122,34,118,67.6,46.008694,2116.8,0,0,0,0,0,0,0,0,1,84.5,34.0,118.0,0,0,0,0,0,0,2,68,2,236,-1,-1,1,32,0.0,0.0,0,0,0.0,0.0,0,0
17,220,2,2,82,254,41,41,41.0,0.0,127,127,127.0,0.0,1527272.727,18181.81818,73.333336,43.015503,123,48,48,48.0,0.0,48,48,49,49.0,0.0,49,49,0,0,0,0,64,40,9090.909,9090.909,41,127,75.4,47.10414,2218.8,0,0,0,0,0,0,0,0,1,94.25,41.0,127.0,0,0,0,0,0,0,2,82,2,254,-1,-1,1,32,0.0,0.0,0,0,0.0,0.0,0,0
6,78925515,19,18,1441,6957,659,0,75.8421,181.5104,2816,0,386.5,753.8967,106.4041204,0.468796434,2192375.5,4037108.0,10200000,3,75300000,4181769.0,4979320.0,10200000,211,78900000,4639540.5,4908908.0,10200000,3,0,0,0,0,616,584,0.24073331,0.22806314,0,2816,221.0,550.1195,302631.47,0,0,0,1,0,0,0,0,0,226.97298,75.8421,386.5,0,0,0,0,0,0,19,1441,18,6957,29200,248,4,32,598307.0,1108786.6,3004765,53358,10200000.0,68295.336,10200000,10000000
6,119160090,18,15,958,1498,434,0,53.22222,138.53543,746,0,99.86667,262.33398,20.6109277,0.276938361,3723752.8,4727833.0,10000000,164,119000000,7009417.0,4395264.5,10000000,36685,114000000,8117394.5,3859585.0,10000000,20712,0,0,0,0,372,444,0.15105729,0.12588108,0,746,72.23529,199.46216,39785.156,0,0,0,1,0,0,0,0,0,74.42424,53.22222,99.86667,0,0,0,0,0,0,18,958,15,1498,8192,351,17,20,325727.28,959736.3,3219441,36142,10000000.0,16896.78,10000000,9954583
6,143,1,1,0,0,0,0,0.0,0.0,0,0,0.0,0.0,0.0,13986.01399,143.0,0.0,143,143,0,0.0,0.0,0,0,0,0.0,0.0,0,0,0,0,0,0,32,32,6993.007,6993.007,0,0,0.0,0.0,0.0,0,0,0,0,1,0,0,0,1,0.0,0.0,0.0,0,0,0,0,0,0,1,0,1,0,373,360,0,32,0.0,0.0,0,0,0.0,0.0,0,0
6,22062,2,0,12,0,6,6,6.0,0.0,0,0,0.0,0.0,543.9216753,90.65361255,22062.0,0.0,22062,22062,22062,22062.0,0.0,22062,22062,0,0.0,0.0,0,0,0,0,0,0,40,0,90.65361,0.0,6,6,6.0,0.0,0.0,0,0,0,0,1,0,0,0,0,9.0,6.0,0.0,0,0,0,0,0,0,2,12,0,0,252,-1,1,20,0.0,0.0,0,0,0.0,0.0,0,0
6,4,2,0,0,0,0,0,0.0,0.0,0,0,0.0,0.0,0.0,500000.0,4.0,0.0,4,4,4,4.0,0.0,4,4,0,0.0,0.0,0,0,0,0,0,0,64,0,500000.0,0.0,0,0,0.0,0.0,0.0,0,0,0,0,1,0,0,0,0,0.0,0.0,0.0,0,0,0,0,0,0,2,0,0,0,509,-1,0,32,0.0,0.0,0,0,0.0,0.0,0,0
6,51,2,1,0,0,0,0,0.0,0.0,0,0,0.0,0.0,0.0,58823.5294117647,25.5,31.819805,48,3,3,3.0,0.0,3,3,0,0.0,0.0,0,0,0,0,0,0,64,32,39215.688,19607.844,0,0,0.0,0.0,0.0,0,0,0,0,1,1,0,0,0,0.0,0.0,0.0,0,0,0,0,0,0,2,0,1,0,351,32832,0,32,0.0,0.0,0,0,0.0,0.0,0,0
17,62624,2,2,62,168,31,31,31.0,0.0,84,84,84.0,0.0,3672.713337,63.87327542,20874.666,36153.387,62621,0,0,0.0,0.0,0,0,3,3.0,0.0,3,3,0,0,0,0,64,64,31.936638,31.936638,31,84,52.2,29.029295,842.7,0,0,0,0,0,0,0,0,1,65.25,31.0,84.0,0,0,0,0,0,0,2,62,2,168,-1,-1,1,32,0.0,0.0,0,0,0.0,0.0,0,0
6,27539045,11,8,2591,2110,1337,0,235.54546,524.3841,1424,0,263.75,490.62692,170.7030872,0.689929516,1529947.0,3391055.5,10000000,1,27500000,2753904.5,4255366.0,10100000,48,21500000,3075617.8,4784675.5,10100000,1,0,0,0,0,360,264,0.39943287,0.29049665,0,1424,235.05,486.48206,236664.78,0,0,0,1,0,0,0,0,0,247.42105,235.54546,263.75,0,0,0,0,0,0,11,2591,8,2110,29200,1067,2,32,752459.0,1011380.5,1467613,37305,10000000.0,14627.918,10000000,10000000
17,279,2,2,76,196,38,38,38.0,0.0,98,98,98.0,0.0,974910.3943,14336.91756,93.0,158.48344,276,1,1,1.0,0.0,1,1,2,2.0,0.0,2,2,0,0,0,0,64,64,7168.459,7168.459,38,98,62.0,32.863354,1080.0,0,0,0,0,0,0,0,0,1,77.5,38.0,98.0,0,0,0,0,0,0,2,76,2,196,-1,-1,1,32,0.0,0.0,0,0,0.0,0.0,0,0
6,3319143,5,1,123,46,46,0,24.6,23.276598,46,46,46.0,0.0,50.91675773,1.807695541,663828.6,1454399.1,3265397,18,3319143,829785.75,1623809.6,3265397,18,0,0.0,0.0,0,0,1,0,0,0,160,32,1.506413,0.30128258,0,46,30.714285,21.684975,470.2381,0,1,0,0,1,0,0,0,0,35.833332,24.6,46.0,0,0,0,0,0,0,5,123,1,46,1009,483,2,32,0.0,0.0,0,0,0.0,0.0,0,0
17,11724138,2,2,95,326,51,44,47.5,4.9497476,209,117,163.0,65.053825,35.90882332,0.341176469,3908046.0,6557590.0,11500000,65790,11700000,11700000.0,0.0,11700000,11700000,11500000,11500000.0,0.0,11500000,11500000,0,0,0,0,64,52,0.17058824,0.17058824,44,209,93.0,71.76002,5149.5,0,0,0,0,0,0,0,0,1,116.25,47.5,163.0,0,0,0,0,0,0,2,95,2,326,-1,-1,1,32,178529.0,0.0,178529,178529,11500000.0,0.0,11500000,11500000
6,10600,2,0,0,0,0,0,0.0,0.0,0,0,0.0,0.0,0.0,188.6792453,10600.0,0.0,10600,10600,10600,10600.0,0.0,10600,10600,0,0.0,0.0,0,0,0,0,0,0,64,0,188.67924,0.0,0,0,0.0,0.0,0.0,0,0,0,0,1,0,0,0,0,0.0,0.0,0.0,0,0,0,0,0,0,2,0,0,0,242,-1,0,32,0.0,0.0,0,0,0.0,0.0,0,0
17,95606,1,1,49,130,49,49,49.0,0.0,130,130,130.0,0.0,1872.26743091438,20.9191891722277,95606.0,0.0,95606,95606,0,0.0,0.0,0,0,0,0.0,0.0,0,0,0,0,0,0,32,20,10.459595,10.459595,49,130,76.0,46.765373,2187.0,0,0,0,0,0,0,0,0,1,114.0,49.0,130.0,0,0,0,0,0,0,1,49,1,130,-1,-1,0,32,0.0,0.0,0,0,0.0,0.0,0,0
6,752047,9,10,1829,6550,1480,0,203.22223,485.32355,1501,0,655.0,706.5915,11141.5908846123,25.2643784231571,41780.39,138664.14,594911,1,722312,90289.0,205195.45,594911,262,728173,80908.11,218532.67,662727,4,0,0,0,0,296,328,11.967338,13.297041,0,1501,418.95,629.5076,396279.84,0,0,0,1,0,0,0,0,1,441.0,203.22223,655.0,0,0,0,0,0,0,9,1829,10,6550,29200,65,3,32,0.0,0.0,0,0,0.0,0.0,0,0
17,94700,1,1,48,48,48,48,48.0,0.0,48,48,48.0,0.0,1013.727561,21.11932418,94700.0,0.0,94700,94700,0,0.0,0.0,0,0,0,0.0,0.0,0,0,0,0,0,0,20,20,10.559662,10.559662,48,48,48.0,0.0,0.0,0,0,0,0,0,0,0,0,1,72.0,48.0,48.0,0,0,0,0,0,0,1,48,1,48,-1,-1,0,20,0.0,0.0,0,0,0.0,0.0,0,0
17,91746424,2,2,99,247,56,43,49.5,9.192389,175,72,123.5,72.832,3.771264153,0.04359843,30600000.0,52900000.0,91600000,47375,91700000,91700000.0,0.0,91700000,91700000,91700000,91700000.0,0.0,91700000,91700000,0,0,0,0,64,52,0.021799214,0.021799214,43,175,80.4,53.872997,2902.3,0,0,0,0,0,0,0,0,1,100.5,49.5,123.5,0,0,0,0,0,0,2,99,2,247,-1,-1,1,32,60111.0,0.0,60111,60111,91600000.0,0.0,91600000,91600000
17,5258176,6,6,278,744,66,30,46.333332,16.305418,132,110,124.0,10.881176,194.3639772,2.282160202,478016.0,1068343.6,2858886,3,5257990,1051598.0,1449117.1,2859079,3,5257993,1051598.6,1449099.1,2859072,3,0,0,0,0,168,168,1.1410801,1.1410801,30,132,83.69231,41.187347,1696.3975,0,0,0,0,0,0,0,0,1,90.666664,46.333332,124.0,0,0,0,0,0,0,6,278,6,744,-1,-1,5,20,0.0,0.0,0,0,0.0,0.0,0,0
6,271473,1,1,6,6,6,6,6.0,0.0,6,6,6.0,0.0,44.20329094,7.367215156,271473.0,0.0,271473,271473,0,0.0,0.0,0,0,0,0.0,0.0,0,0,0,0,0,0,20,20,3.6836076,3.6836076,6,6,6.0,0.0,0.0,0,0,0,0,1,1,0,0,1,9.0,6.0,6.0,0,0,0,0,0,0,1,6,1,6,254,142,0,20,0.0,0.0,0,0,0.0,0.0,0,0
17,32719123,2,2,88,184,48,40,44.0,5.656854,128,56,92.0,50.91169,8.313181255,0.122252666,10900000.0,18800000.0,32600000,30640,32700000,32700000.0,0.0,32700000,32700000,32700000,32700000.0,0.0,32700000,32700000,0,0,0,0,64,64,0.061126333,0.061126333,40,128,62.4,37.266605,1388.8,0,0,0,0,0,0,0,0,1,78.0,44.0,92.0,0,0,0,0,0,0,2,88,2,184,-1,-1,1,32,48431.0,0.0,48431,48431,32600000.0,0.0,32600000,32600000
6,117709858,70,107,1219,179460,417,0,17.414286,75.24058,4194,0,1677.1963,1021.92175,1534.952153,1.503697337,668806.0,2455330.2,10000000,1,118000000,1705940.0,3713214.5,10000000,2,113000000,1063047.9,3076891.8,10000000,1,0,0,0,0,2248,3432,0.5946826,0.90901476,0,4194,1015.05054,1136.7053,1292099.0,0,0,0,1,0,0,0,0,1,1020.78534,17.414286,1677.1963,0,0,0,0,0,0,70,1219,107,179460,29200,126,5,32,205379.67,634958.6,2221644,21863,9603775.0,1449433.0,10000000,5001281
17,177,2,2,86,214,43,43,43.0,0.0,107,107,107.0,0.0,1694915.254,22598.87006,59.0,61.611687,125,3,3,3.0,0.0,3,3,49,49.0,0.0,49,49,0,0,0,0,40,40,11299.435,11299.435,43,107,68.6,35.054245,1228.8,0,0,0,0,0,0,0,0,1,85.75,43.0,107.0,0,0,0,0,0,0,2,86,2,214,-1,-1,1,20,0.0,0.0,0,0,0.0,0.0,0,0
6,26899,3,0,18,0,6,6,6.0,0.0,0,0,0.0,0.0,669.1698576,111.5283096,13449.5,19016.223,26896,3,26899,13449.5,19016.223,26896,3,0,0.0,0.0,0,0,0,0,0,0,60,0,111.52831,0.0,6,6,6.0,0.0,0.0,0,0,0,0,1,0,0,0,0,8.0,6.0,0.0,0,0,0,0,0,0,3,18,0,0,360,-1,2,20,0.0,0.0,0,0,0.0,0.0,0,0
17,23749,1,1,46,62,46,46,46.0,0.0,62,62,62.0,0.0,4547.559897,84.21407217,23749.0,0.0,23749,23749,0,0.0,0.0,0,0,0,0.0,0.0,0,0,0,0,0,0,20,20,42.107037,42.107037,46,62,51.333332,9.237604,85.333336,0,0,0,0,0,0,0,0,1,77.0,46.0,62.0,0,0,0,0,0,0,1,46,1,62,-1,-1,0,20,0.0,0.0,0,0,0.0,0.0,0,0
17,252,2,2,104,352,52,52,52.0,0.0,176,176,176.0,0.0,1809523.80952381,15873.0158730159,84.0,105.702415,203,1,1,1.0,0.0,1,1,48,48.0,0.0,48,48,0,0,0,0,64,64,7936.508,7936.508,52,176,101.6,67.917595,4612.8,0,0,0,0,0,0,0,0,1,127.0,52.0,176.0,0,0,0,0,0,0,2,104,2,352,-1,-1,1,32,0.0,0.0,0,0,0.0,0.0,0,0
6,52,4,0,248,0,217,0,62.0,104.36155,0,0,0.0,0.0,4769230.769,76923.07692,17.333334,27.428696,49,1,52,17.333334,27.428696,49,1,0,0.0,0.0,0,0,0,0,0,0,80,0,76923.08,0.0,0,217,49.6,94.53729,8937.3,0,0,0,0,1,0,0,0,0,62.0,62.0,0.0,0,0,0,0,0,0,4,248,0,0,123,-1,2,20,0.0,0.0,0,0,0.0,0.0,0,0
17,30708,1,1,40,120,40,40,40.0,0.0,120,120,120.0,0.0,5210.368634,65.12960792,30708.0,0.0,30708,30708,0,0.0,0.0,0,0,0,0.0,0.0,0,0,0,0,0,0,20,20,32.564804,32.564804,40,120,66.666664,46.188023,2133.3333,0,0,0,0,0,0,0,0,1,100.0,40.0,120.0,0,0,0,0,0,0,1,40,1,120,-1,-1,0,20,0.0,0.0,0,0,0.0,0.0,0,0
17,34523,1,1,48,48,48,48,48.0,0.0,48,48,48.0,0.0,2780.754859,57.9323929,34523.0,0.0,34523,34523,0,0.0,0.0,0,0,0,0.0,0.0,0,0,0,0,0,0,44,44,28.966196,28.966196,48,48,48.0,0.0,0.0,0,0,0,0,0,0,0,0,1,72.0,48.0,48.0,0,0,0,0,0,0,1,48,1,48,-1,-1,0,44,0.0,0.0,0,0,0.0,0.0,0,0
6,453312,6,5,1579,3369,924,0,263.16666,379.86124,2733,0,673.8,1162.0139,10915.21954,24.2658478,45331.2,88732.164,292557,82,424873,84974.6,117055.805,292557,22202,429104,107276.0,144125.14,316780,2009,0,0,0,0,132,112,13.235917,11.029931,0,2733,412.33334,784.38885,615265.9,0,0,0,1,0,0,0,0,0,449.81818,263.16666,673.8,0,0,0,0,0,0,6,1579,5,3369,8192,63,5,20,0.0,0.0,0,0,0.0,0.0,0,0
17,23227,1,1,46,62,46,46,46.0,0.0,62,62,62.0,0.0,4649.761054,86.10668618,23227.0,0.0,23227,23227,0,0.0,0.0,0,0,0,0.0,0.0,0,0,0,0,0,0,20,20,43.053345,43.053345,46,62,51.333332,9.237604,85.333336,0,0,0,0,0,0,0,0,1,77.0,46.0,62.0,0,0,0,0,0,0,1,46,1,62,-1,-1,0,20,0.0,0.0,0,0,0.0,0.0,0,0
17,177,2,2,78,358,39,39,39.0,0.0,179,179,179.0,0.0,2463276.836,22598.87006,59.0,96.99484,171,3,3,3.0,0.0,3,3,3,3.0,0.0,3,3,0,0,0,0,64,64,11299.435,11299.435,39,179,95.0,76.68116,5880.0,0,0,0,0,0,0,0,0,1,118.75,39.0,179.0,0,0,0,0,0,0,2,78,2,358,-1,-1,1,32,0.0,0.0,0,0,0.0,0.0,0,0
6,90,2,0,12,0,6,6,6.0,0.0,0,0,0.0,0.0,133333.333333333,22222.2222222222,90.0,0.0,90,90,90,90.0,0.0,90,90,0,0.0,0.0,0,0,0,0,0,0,40,0,22222.223,0.0,6,6,6.0,0.0,0.0,0,0,0,0,1,0,0,0,0,9.0,6.0,0.0,0,0,0,0,0,0,2,12,0,0,64209,-1,1,20,0.0,0.0,0,0,0.0,0.0,0,0
17,174,2,2,66,162,33,33,33.0,0.0,81,81,81.0,0.0,1310344.828,22988.50575,58.0,94.398094,167,3,3,3.0,0.0,3,3,4,4.0,0.0,4,4,0,0,0,0,64,64,11494.253,11494.253,33,81,52.2,26.290682,691.2,0,0,0,0,0,0,0,0,1,65.25,33.0,81.0,0,0,0,0,0,0,2,66,2,162,-1,-1,1,32,0.0,0.0,0,0,0.0,0.0,0,0
17,179,2,2,66,98,33,33,33.0,0.0,49,49,49.0,0.0,916201.1173,22346.36872,59.666668,19.347696,82,48,49,49.0,0.0,49,49,48,48.0,0.0,48,48,0,0,0,0,40,40,11173.185,11173.185,33,49,39.4,8.763561,76.8,0,0,0,0,0,0,0,0,1,49.25,33.0,49.0,0,0,0,0,0,0,2,66,2,98,-1,-1,1,20,0.0,0.0,0,0,0.0,0.0,0,0
17,47146,2,2,70,290,35,35,35.0,0.0,145,145,145.0,0.0,7635.854579,84.84282866,15715.333,27174.73,47094,4,48,48.0,0.0,48,48,4,4.0,0.0,4,4,0,0,0,0,40,40,42.421413,42.421413,35,145,79.0,60.24948,3630.0,0,0,0,0,0,0,0,0,1,98.75,35.0,145.0,0,0,0,0,0,0,2,70,2,290,-1,-1,1,20,0.0,0.0,0,0,0.0,0.0,0,0
17,180,2,2,88,232,44,44,44.0,0.0,116,116,116.0,0.0,1777777.778,22222.22222,60.0,98.7269,174,3,3,3.0,0.0,3,3,3,3.0,0.0,3,3,0,0,0,0,64,64,11111.111,11111.111,44,116,72.8,39.436024,1555.2,0,0,0,0,0,0,0,0,1,91.0,44.0,116.0,0,0,0,0,0,0,2,88,2,232,-1,-1,1,32,0.0,0.0,0,0,0.0,0.0,0,0
17,23427,1,1,53,119,53,53,53.0,0.0,119,119,119.0,0.0,7341.955863,85.3715798,23427.0,0.0,23427,23427,0,0.0,0.0,0,0,0,0.0,0.0,0,0,0,0,0,0,32,20,42.68579,42.68579,53,119,75.0,38.105118,1452.0,0,0,0,0,0,0,0,0,1,112.5,53.0,119.0,0,0,0,0,0,0,1,53,1,119,-1,-1,0,32,0.0,0.0,0,0,0.0,0.0,0,0
17,373,2,2,60,414,30,30,30.0,0.0,207,207,207.0,0.0,1270777.48,10723.86059,124.333336,132.21321,277,48,48,48.0,0.0,48,48,48,48.0,0.0,48,48,0,0,0,0,40,40,5361.93,5361.93,30,207,100.8,96.94689,9398.7,0,0,0,0,0,0,0,0,1,126.0,30.0,207.0,0,0,0,0,0,0,2,60,2,414,-1,-1,1,20,0.0,0.0,0,0,0.0,0.0,0,0
17,237,2,2,70,264,35,35,35.0,0.0,132,132,132.0,0.0,1409282.70042194,16877.6371308017,79.0,135.09996,235,1,1,1.0,0.0,1,1,1,1.0,0.0,1,1,0,0,0,0,64,64,8438.818,8438.818,35,132,73.8,53.12909,2822.7,0,0,0,0,0,0,0,0,1,92.25,35.0,132.0,0,0,0,0,0,0,2,70,2,264,-1,-1,1,32,0.0,0.0,0,0,0.0,0.0,0,0
17,61244,2,2,76,418,38,38,38.0,0.0,209,209,209.0,0.0,8066.09627065508,65.3125204101626,20414.666,35354.043,61238,3,3,3.0,0.0,3,3,3,3.0,0.0,3,3,0,0,0,0,64,64,32.65626,32.65626,38,209,106.4,93.66056,8772.3,0,0,0,0,0,0,0,0,1,133.0,38.0,209.0,0,0,0,0,0,0,2,76,2,418,-1,-1,1,32,0.0,0.0,0,0,0.0,0.0,0,0
17,195,2,2,70,166,35,35,35.0,0.0,83,83,83.0,0.0,1210256.41,20512.82051,65.0,72.02083,144,3,3,3.0,0.0,3,3,48,48.0,0.0,48,48,0,0,0,0,64,64,10256.41,10256.41,35,83,54.2,26.290682,691.2,0,0,0,0,0,0,0,0,1,67.75,35.0,83.0,0,0,0,0,0,0,2,70,2,166,-1,-1,1,32,0.0,0.0,0,0,0.0,0.0,0,0
17,91456,4,2,120,264,30,30,30.0,0.0,132,132,132.0,0.0,4198.740378,65.6053184,18291.2,27199.2,60737,3,30716,10238.667,17727.828,30709,3,3,3.0,0.0,3,3,0,0,0,0,80,40,43.736877,21.868439,30,132,59.142857,49.770905,2477.1428,0,0,0,0,0,0,0,0,0,69.0,30.0,132.0,0,0,0,0,0,0,4,120,2,264,-1,-1,3,20,0.0,0.0,0,0,0.0,0.0,0,0
17,86727,1,1,61,122,61,61,61.0,0.0,122,122,122.0,0.0,2110.069529,23.06086916,86727.0,0.0,86727,86727,0,0.0,0.0,0,0,0,0.0,0.0,0,0,0,0,0,0,20,20,11.530435,11.530435,61,122,81.333336,35.218365,1240.3334,0,0,0,0,0,0,0,0,1,122.0,61.0,122.0,0,0,0,0,0,0,1,61,1,122,-1,-1,0,20,0.0,0.0,0,0,0.0,0.0,0,0
17,24108,2,2,134,298,67,67,67.0,0.0,149,149,149.0,0.0,17919.36287,165.9200265,8036.0,13873.744,24056,4,48,48.0,0.0,48,48,4,4.0,0.0,4,4,0,0,0,0,64,40,82.960014,82.960014,67,149,99.8,44.91325,2017.2,0,0,0,0,0,0,0,0,1,124.75,67.0,149.0,0,0,0,0,0,0,2,134,2,298,-1,-1,1,32,0.0,0.0,0,0,0.0,0.0,0,0
17,30758,2,2,70,126,35,35,35.0,0.0,63,63,63.0,0.0,6372.325899,130.0474673,10252.667,17713.986,30707,3,3,3.0,0.0,3,3,48,48.0,0.0,48,48,0,0,0,0,40,40,65.023735,65.023735,35,63,46.2,15.336231,235.2,0,0,0,0,0,0,0,0,1,57.75,35.0,63.0,0,0,0,0,0,0,2,70,2,126,-1,-1,1,20,0.0,0.0,0,0,0.0,0.0,0,0
17,73197,4,4,140,716,35,35,35.0,0.0,179,179,179.0,0.0,11694.46835,109.2940968,10456.714,18056.66,42046,3,72983,24327.666,42131.56,72977,3,42311,14103.667,24345.129,42215,48,0,0,0,0,104,104,54.64705,54.64705,35,179,99.0,75.89466,5760.0,0,0,0,0,0,0,0,0,1,111.375,35.0,179.0,0,0,0,0,0,0,4,140,4,716,-1,-1,3,20,0.0,0.0,0,0,0.0,0.0,0,0
6,7496379,1,6,6,36,6,6,6.0,0.0,6,6,6.0,0.0,5.602704986,0.933784164,1249396.5,3047850.8,7470783,1,0,0.0,0.0,0,0,7486838,1497367.6,3339246.8,7470783,1,0,0,0,0,20,120,0.13339774,0.8003864,6,6,6.0,0.0,0.0,0,0,0,0,1,1,0,0,6,6.857143,6.0,6.0,0,0,0,0,0,0,1,6,6,36,229,0,0,20,25596.0,0.0,25596,25596,7470783.0,0.0,7470783,7470783
17,1624789,4,4,270,630,75,60,67.5,8.6602545,187,128,157.5,34.063667,553.918078,4.923716249,232112.72,603499.2,1600571,3,1624592,541530.7,937914.44,1624541,3,1600819,533606.3,924189.1,1600768,3,0,0,0,0,104,104,2.461858,2.461858,60,187,106.666664,52.86303,2794.5,0,0,0,0,0,0,0,0,1,120.0,67.5,157.5,0,0,0,0,0,0,4,270,4,630,-1,-1,3,20,0.0,0.0,0,0,0.0,0.0,0,0
6,442702,7,4,376,3508,201,0,53.714287,78.68654,2042,0,877.0,1036.8035,8773.396099,24.84741429,44270.2,58024.7,173586,18,442702,73783.664,59918.727,173586,928,263626,87875.336,148655.12,259514,193,0,0,0,0,152,92,15.811991,9.035423,0,2042,323.66666,681.0169,463784.06,0,0,0,1,0,0,0,0,0,353.0909,53.714287,877.0,0,0,0,0,0,0,7,376,4,3508,8192,60,6,20,0.0,0.0,0,0,0.0,0.0,0,0
6,63851,6,4,121,3110,121,0,20.166666,49.398045,1338,0,777.5,671.02386,50602.18321,156.6146184,7094.5557,12283.904,28683,27,63851,12770.2,14756.727,28846,27,29267,9755.667,16680.977,29017,49,0,0,0,0,204,136,93.96877,62.645847,0,1338,293.72726,532.39575,283445.22,0,0,0,1,0,0,0,0,0,323.1,20.166666,777.5,0,0,0,0,0,0,6,121,4,3110,65535,4050,1,32,0.0,0.0,0,0,0.0,0.0,0,0
17,218,2,2,64,204,32,32,32.0,0.0,102,102,102.0,0.0,1229357.798,18348.62385,72.666664,42.72392,122,48,48,48.0,0.0,48,48,48,48.0,0.0,48,48,0,0,0,0,80,80,9174.312,9174.312,32,102,60.0,38.34058,1470.0,0,0,0,0,0,0,0,0,1,75.0,32.0,102.0,0,0,0,0,0,0,2,64,2,204,-1,-1,1,40,0.0,0.0,0,0,0.0,0.0,0,0
6,110367491,12,12,72,0,6,6,6.0,0.0,0,0,0.0,0.0,0.652366012,0.217455337,4798586.5,5087066.5,9995770,35046,110000000,10000000.0,1520.5679,10000000,10000000,110000000,10000000.0,1522.699,10000000,10000000,0,0,0,0,240,384,0.10872767,0.10872767,0,6,3.12,3.0594118,9.36,0,0,0,0,1,0,0,0,1,3.25,6.0,0.0,0,0,0,0,0,0,12,72,12,0,254,60,11,20,35154.637,87.5343,35266,35046,9995065.0,1559.4159,9995770,9990380
6,18,1,1,6,6,6,6,6.0,0.0,6,6,6.0,0.0,666666.6667,111111.1111,18.0,0.0,18,18,0,0.0,0.0,0,0,0,0.0,0.0,0,0,0,0,0,0,20,20,55555.555,55555.555,6,6,6.0,0.0,0.0,0,0,0,0,1,1,0,0,1,9.0,6.0,6.0,0,0,0,0,0,0,1,6,1,6,229,16425,0,20,0.0,0.0,0,0,0.0,0.0,0,0
17,201,2,2,90,330,45,45,45.0,0.0,165,165,165.0,0.0,2089552.239,19900.49751,67.0,75.31932,150,3,48,48.0,0.0,48,48,3,3.0,0.0,3,3,0,0,0,0,64,64,9950.249,9950.249,45,165,93.0,65.72671,4320.0,0,0,0,0,0,0,0,0,1,116.25,45.0,165.0,0,0,0,0,0,0,2,90,2,330,-1,-1,1,32,0.0,0.0,0,0,0.0,0.0,0,0
17,258,2,2,72,136,36,36,36.0,0.0,68,68,68.0,0.0,806201.5504,15503.87597,86.0,143.76022,252,3,3,3.0,0.0,3,3,3,3.0,0.0,3,3,0,0,0,0,64,64,7751.938,7751.938,36,68,48.8,17.527122,307.2,0,0,0,0,0,0,0,0,1,61.0,36.0,68.0,0,0,0,0,0,0,2,72,2,136,-1,-1,1,32,0.0,0.0,0,0,0.0,0.0,0,0
17,30977,1,1,47,75,47,47,47.0,0.0,75,75,75.0,0.0,3938.405914,64.56403138,30977.0,0.0,30977,30977,0,0.0,0.0,0,0,0,0.0,0.0,0,0,0,0,0,0,32,40,32.282017,32.282017,47,75,56.333332,16.165808,261.33334,0,0,0,0,0,0,0,0,1,84.5,47.0,75.0,0,0,0,0,0,0,1,47,1,75,-1,-1,0,32,0.0,0.0,0,0,0.0,0.0,0,0
6,9990835,5,9,11613,62,11595,0,2322.6,5183.4297,20,0,6.888889,5.3019915,1168.570995,1.401284277,768525.75,2226479.8,7976170,1,9990835,2497708.8,4931599.5,9894804,5,9882919,1235364.9,2801696.5,7976170,1,0,0,0,0,112,192,0.50045866,0.9008256,0,11595,778.73334,2992.2332,8953460.0,0,0,0,0,1,1,0,0,1,834.3571,2322.6,6.888889,0,0,0,0,0,0,5,11613,9,62,229,256,3,20,1918507.0,0.0,1918507,1918507,7976170.0,0.0,7976170,7976170
6,16042184,9,10,742,4233,400,0,82.44444,140.29889,1448,0,423.3,578.99243,310.119868965473,1.18437738901387,891232.44,2665386.8,9997301,3,10091112,1261389.0,3529863.2,9997301,212,16017169,1779685.5,3658253.0,10022202,3,0,0,0,0,296,328,0.56102085,0.6233565,0,1448,248.75,446.62665,199475.36,0,0,0,1,0,0,0,0,1,261.8421,82.44444,423.3,0,0,0,0,0,0,9,742,10,4233,29200,35,3,32,59266.0,48854.008,93811,24721,7961824.5,2878598.5,9997301,5926348
17,24009,2,2,60,264,30,30,30.0,0.0,132,132,132.0,0.0,13494.9394,166.6041901,8003.0,13796.691,23934,4,71,71.0,0.0,71,71,4,4.0,0.0,4,4,0,0,0,0,64,64,83.30209,83.30209,30,132,70.8,55.867702,3121.2,0,0,0,0,0,0,0,0,1,88.5,30.0,132.0,0,0,0,0,0,0,2,60,2,264,-1,-1,1,32,0.0,0.0,0,0,0.0,0.0,0,0
17,196,2,2,64,204,32,32,32.0,0.0,102,102,102.0,0.0,1367346.939,20408.16327,65.333336,107.09964,189,3,3,3.0,0.0,3,3,4,4.0,0.0,4,4,0,0,0,0,64,64,10204.082,10204.082,32,102,60.0,38.34058,1470.0,0,0,0,0,0,0,0,0,1,75.0,32.0,102.0,0,0,0,0,0,0,2,64,2,204,-1,-1,1,32,0.0,0.0,0,0,0.0,0.0,0,0
17,65671655,2,2,100,353,61,39,50.0,15.556349,228,125,176.5,72.832,6.897953158,0.060909079,21900000.0,37600000.0,65300000,135296,65400000,65400000.0,0.0,65400000,65400000,65500000,65500000.0,0.0,65500000,65500000,0,0,0,0,64,52,0.030454539,0.030454539,39,228,102.8,77.02727,5933.2,0,0,0,0,0,0,0,0,1,128.5,50.0,176.5,0,0,0,0,0,0,2,100,2,353,-1,-1,1,32,135296.0,0.0,135296,135296,65300000.0,0.0,65300000,65300000
6,1872592,9,11,703,3950,267,0,78.111115,103.30228,1448,0,359.0909,569.91833,2484.791134,10.68038313,98557.48,188356.7,718630,4,1760648,220081.0,305806.84,813700,221,1776436,177643.6,243205.0,718630,4,0,0,0,0,296,360,4.8061724,5.874211,0,1448,221.57143,434.49908,188789.45,0,0,0,1,0,0,0,0,1,232.65,78.111115,359.0909,0,0,0,0,0,0,9,703,11,3950,29200,252,4,32,0.0,0.0,0,0,0.0,0.0,0,0
17,200573,2,2,68,188,34,34,34.0,0.0,94,94,94.0,0.0,1276.34327651279,19.9428636955124,66857.664,115796.55,200568,1,1,1.0,0.0,1,1,4,4.0,0.0,4,4,0,0,0,0,64,64,9.971432,9.971432,34,94,58.0,32.863354,1080.0,0,0,0,0,0,0,0,0,1,72.5,34.0,94.0,0,0,0,0,0,0,2,68,2,188,-1,-1,1,32,0.0,0.0,0,0,0.0,0.0,0,0
17,60579,2,2,86,196,43,43,43.0,0.0,98,98,98.0,0.0,4655.078493,66.02948216,20193.0,34971.836,60575,1,1,1.0,0.0,1,1,3,3.0,0.0,3,3,0,0,0,0,40,64,33.01474,33.01474,43,98,65.0,30.12474,907.5,0,0,0,0,0,0,0,0,1,81.25,43.0,98.0,0,0,0,0,0,0,2,86,2,196,-1,-1,1,20,0.0,0.0,0,0,0.0,0.0,0,0
6,69,1,1,6,6,6,6,6.0,0.0,6,6,6.0,0.0,173913.0435,28985.50725,69.0,0.0,69,69,0,0.0,0.0,0,0,0,0.0,0.0,0,0,0,0,0,0,20,20,14492.754,14492.754,6,6,6.0,0.0,0.0,0,0,0,0,1,1,0,0,1,9.0,6.0,6.0,0,0,0,0,0,0,1,6,1,6,1013,253,0,20,0.0,0.0,0,0,0.0,0.0,0,0
6,34,1,1,6,6,6,6,6.0,0.0,6,6,6.0,0.0,352941.1765,58823.52941,34.0,0.0,34,34,0,0.0,0.0,0,0,0,0.0,0.0,0,0,0,0,0,0,20,20,29411.766,29411.766,6,6,6.0,0.0,0.0,0,0,0,0,1,0,0,0,1,9.0,6.0,6.0,0,0,0,0,0,0,1,6,1,6,5761,62928,0,20,0.0,0.0,0,0,0.0,0.0,0,0
6,62327765,45,60,948,90174,200,0,21.066668,52.387714,4194,0,1502.9,957.181,1461.980868,1.68464247,599305.44,5747716.5,58600000,0,62300000,1416540.1,8828882.0,58600000,49,62300000,1056025.8,7630695.0,58600000,1,0,0,0,0,1448,1928,0.72198963,0.96265286,0,4194,859.6415,1029.9631,1060824.0,0,0,0,1,0,0,0,0,1,867.82855,21.066668,1502.9,0,0,0,0,0,0,45,948,60,90174,29200,122,8,32,3705577.0,0.0,3705577,3705577,58600000.0,0.0,58600000,58600000
17,203,2,2,84,282,42,42,42.0,0.0,141,141,141.0,0.0,1802955.665,19704.4335,67.666664,111.14105,196,3,3,3.0,0.0,3,3,4,4.0,0.0,4,4,0,0,0,0,40,40,9852.217,9852.217,42,141,81.6,54.224533,2940.3,0,0,0,0,0,0,0,0,1,102.0,42.0,141.0,0,0,0,0,0,0,2,84,2,282,-1,-1,1,20,0.0,0.0,0,0,0.0,0.0,0,0
17,23474,1,1,40,56,40,40,40.0,0.0,56,56,56.0,0.0,4089.631081,85.20064752,23474.0,0.0,23474,23474,0,0.0,0.0,0,0,0,0.0,0.0,0,0,0,0,0,0,32,44,42.600323,42.600323,40,56,45.333332,9.237604,85.333336,0,0,0,0,0,0,0,0,1,68.0,40.0,56.0,0,0,0,0,0,0,1,40,1,56,-1,-1,0,32,0.0,0.0,0,0,0.0,0.0,0,0
17,62746,2,2,62,186,31,31,31.0,0.0,93,93,93.0,0.0,3952.443184,63.74908361,20915.334,36221.223,62740,3,3,3.0,0.0,3,3,3,3.0,0.0,3,3,0,0,0,0,40,40,31.874542,31.874542,31,93,55.8,33.958797,1153.2,0,0,0,0,0,0,0,0,1,69.75,31.0,93.0,0,0,0,0,0,0,2,62,2,186,-1,-1,1,20,0.0,0.0,0,0,0.0,0.0,0,0
17,219,2,2,102,134,51,51,51.0,0.0,67,67,67.0,0.0,1077625.571,18264.84018,73.0,84.326744,167,4,4,4.0,0.0,4,4,48,48.0,0.0,48,48,0,0,0,0,64,64,9132.42,9132.42,51,67,57.4,8.763561,76.8,0,0,0,0,0,0,0,0,1,71.75,51.0,67.0,0,0,0,0,0,0,2,102,2,134,-1,-1,1,32,0.0,0.0,0,0,0.0,0.0,0,0
6,111132784,18,15,1719,2864,573,0,95.5,219.73547,722,0,190.93333,290.24878,41.23895609,0.29694208,3472899.5,4849806.5,10200000,3,111000000,6535190.5,4966114.0,10200000,3,111000000,7935514.0,4307126.0,10200000,3,1,0,0,0,576,480,0.16196841,0.13497368,0,722,151.64706,261.5616,68414.48,0,1,0,0,1,0,0,0,0,156.24243,95.5,190.93333,0,0,0,0,0,0,18,1719,15,2864,761,307,2,32,34845.727,455.99475,35640,34378,10100000.0,270679.56,10200000,9494783
17,196,2,2,70,166,35,35,35.0,0.0,83,83,83.0,0.0,1204081.633,20408.16327,65.333336,72.5695,145,3,3,3.0,0.0,3,3,48,48.0,0.0,48,48,0,0,0,0,64,64,10204.082,10204.082,35,83,54.2,26.290682,691.2,0,0,0,0,0,0,0,0,1,67.75,35.0,83.0,0,0,0,0,0,0,2,70,2,166,-1,-1,1,32,0.0,0.0,0,0,0.0,0.0,0,0
17,31711,2,2,68,220,34,34,34.0,0.0,110,110,110.0,0.0,9082.02201128946,126.139194601242,10570.333,18304.89,31707,1,1,1.0,0.0,1,1,3,3.0,0.0,3,3,0,0,0,0,64,64,63.0696,63.0696,34,110,64.4,41.626915,1732.8,0,0,0,0,0,0,0,0,1,80.5,34.0,110.0,0,0,0,0,0,0,2,68,2,220,-1,-1,1,32,0.0,0.0,0,0,0.0,0.0,0,0
17,84137,1,1,48,146,48,48,48.0,0.0,146,146,146.0,0.0,2305.76322,23.77075484,84137.0,0.0,84137,84137,0,0.0,0.0,0,0,0,0.0,0.0,0,0,0,0,0,0,32,32,11.885378,11.885378,48,146,80.666664,56.580326,3201.3333,0,0,0,0,0,0,0,0,1,121.0,48.0,146.0,0,0,0,0,0,0,1,48,1,146,-1,-1,0,32,0.0,0.0,0,0,0.0,0.0,0,0
6,62571524,7,2,187,92,46,6,26.714285,20.089087,46,46,46.0,0.0,4.458897309,0.143835397,7821440.5,20700000.0,58900000,4,62600000,10400000.0,23800000.0,58900000,4,59000000,59000000.0,0.0,59000000,59000000,1,0,0,0,140,40,0.11187197,0.031963423,6,46,32.5,18.863544,355.83334,0,1,0,0,1,0,0,0,0,36.11111,26.714285,46.0,0,0,0,0,0,0,7,187,2,92,255,770,6,20,94625.0,0.0,94625,94625,58900000.0,0.0,58900000,58900000
6,3,2,0,12,0,6,6,6.0,0.0,0,0,0.0,0.0,4000000.0,666666.6667,3.0,0.0,3,3,3,3.0,0.0,3,3,0,0.0,0.0,0,0,0,0,0,0,40,0,666666.7,0.0,6,6,6.0,0.0,0.0,0,0,0,0,1,0,0,0,0,9.0,6.0,0.0,0,0,0,0,0,0,2,12,0,0,5548,-1,1,20,0.0,0.0,0,0,0.0,0.0,0,0
6,90461552,12,12,545,399,485,0,45.416668,138.44359,387,0,33.25,111.42639,10.43537259,0.265306083,3933111.0,4958758.0,10000000,60,80600000,7322933.5,4656228.5,10100000,51144,90400000,8219133.5,4028531.5,10100000,1528,0,0,0,0,252,348,0.13265304,0.13265304,0,485,37.76,120.72361,14574.19,0,0,0,1,0,0,0,0,1,39.333332,45.416668,33.25,0,0,0,0,0,0,12,545,12,399,8192,110,11,20,71941.5,59775.92,219879,50615,9997092.0,8710.347,10000000,9975559
17,31033,2,2,62,224,31,31,31.0,0.0,112,112,112.0,0.0,9215.995875,128.8950472,10344.333,17874.49,30984,1,1,1.0,0.0,1,1,48,48.0,0.0,48,48,0,0,0,0,40,64,64.447525,64.447525,31,112,63.4,44.36553,1968.3,0,0,0,0,0,0,0,0,1,79.25,31.0,112.0,0,0,0,0,0,0,2,62,2,224,-1,-1,1,20,0.0,0.0,0,0,0.0,0.0,0,0
6,381835,15,18,824,12039,210,0,54.933334,76.70767,2160,0,668.8333,756.41736,33687.32568,86.42476462,11932.344,24596.799,107231,1,381728,27266.285,32203.266,107231,14,358173,21069.0,47419.56,171731,1,0,0,0,0,320,372,39.283985,47.14078,0,2160,378.32352,628.6154,395157.38,0,0,0,1,0,0,0,0,1,389.78787,54.933334,668.8333,0,0,0,0,0,0,15,824,18,12039,29200,292,14,20,0.0,0.0,0,0,0.0,0.0,0,0
6,5890887,9,6,376,5512,183,0,41.77778,74.98796,2358,0,918.6667,975.3405,999.509921,2.546305845,420777.66,1474173.2,5540518,4,5890887,736360.9,1942037.6,5540518,4,211323,42264.6,56493.72,106092,50,0,0,0,0,296,200,1.5277835,1.0185224,0,2358,368.0,717.12604,514269.72,0,0,0,1,0,0,0,0,0,392.53333,41.77778,918.6667,0,0,0,0,0,0,9,376,6,5512,29200,130,3,32,350365.0,0.0,350365,350365,5540518.0,0.0,5540518,5540518
17,46643,1,1,56,141,56,56,56.0,0.0,141,141,141.0,0.0,4223.570525,42.87888858,46643.0,0.0,46643,46643,0,0.0,0.0,0,0,0,0.0,0.0,0,0,0,0,0,0,32,32,21.439444,21.439444,56,141,84.333336,49.07477,2408.3333,0,0,0,0,0,0,0,0,1,126.5,56.0,141.0,0,0,0,0,0,0,1,56,1,141,-1,-1,0,32,0.0,0.0,0,0,0.0,0.0,0,0
6,96,1,2,0,0,0,0,0.0,0.0,0,0,0.0,0.0,0.0,31250.0,48.0,1.4142135,49,47,0,0.0,0.0,0,0,47,47.0,0.0,47,47,0,0,0,0,32,64,10416.667,20833.334,0,0,0.0,0.0,0.0,0,0,0,0,1,1,0,0,2,0.0,0.0,0.0,0,0,0,0,0,0,1,0,2,0,269,65535,0,32,0.0,0.0,0,0,0.0,0.0,0,0
6,117765064,39,42,1919,52080,464,0,49.205128,130.29524,4380,0,1240.0,1178.0454,458.5315727,0.687810096,1472063.2,3475366.0,10000000,2,118000000,3099080.8,4557692.0,10000000,109,113000000,2751111.8,4473378.5,10000000,49,0,0,0,0,792,984,0.33116782,0.35664228,0,4380,658.5244,1034.3395,1069858.2,0,0,0,1,0,0,0,0,1,666.6543,49.205128,1240.0,0,0,0,0,0,0,39,1919,42,52080,8192,1047,38,20,257779.81,759956.6,2549135,28343,9996389.0,15281.764,10000000,9950462
6,15,1,1,0,0,0,0,0.0,0.0,0,0,0.0,0.0,0.0,133333.3333,15.0,0.0,15,15,0,0.0,0.0,0,0,0,0.0,0.0,0,0,0,0,0,0,20,20,66666.664,66666.664,0,0,0.0,0.0,0.0,0,0,0,0,1,0,0,0,1,0.0,0.0,0.0,0,0,0,0,0,0,1,0,1,0,256,1013,0,20,0.0,0.0,0,0,0.0,0.0,0,0
6,4589467,9,8,6891,805,3156,0,765.6667,1361.6447,319,0,100.625,141.47482,1676.88317619453,3.70413383514905,286841.7,1066092.9,4283735,68,4589467,573683.4,1499412.4,4283735,129,234833,33547.57,56943.6,157297,328,0,0,0,0,192,172,1.961012,1.7431219,0,3156,427.55554,1001.1599,1002321.2,0,0,0,1,0,0,0,0,0,452.70587,765.6667,100.625,0,0,0,0,0,0,9,6891,8,805,8192,1494,8,20,0.0,0.0,0,0,0.0,0.0,0,0
17,174,2,2,72,200,36,36,36.0,0.0,100,100,100.0,0.0,1563218.391,22988.50575,58.0,95.262794,168,3,3,3.0,0.0,3,3,3,3.0,0.0,3,3,0,0,0,0,40,40,11494.253,11494.253,36,100,61.6,35.054245,1228.8,0,0,0,0,0,0,0,0,1,77.0,36.0,100.0,0,0,0,0,0,0,2,72,2,200,-1,-1,1,20,0.0,0.0,0,0,0.0,0.0,0,0
17,48249,2,2,70,338,35,35,35.0,0.0,169,169,169.0,0.0,8456.133806,82.90327261,16083.0,27852.242,48244,1,1,1.0,0.0,1,1,4,4.0,0.0,4,4,0,0,0,0,64,64,41.451637,41.451637,35,169,88.6,73.39482,5386.8,0,0,0,0,0,0,0,0,1,110.75,35.0,169.0,0,0,0,0,0,0,2,70,2,338,-1,-1,1,32,0.0,0.0,0,0,0.0,0.0,0,0
17,31051,2,2,80,290,40,40,40.0,0.0,145,145,145.0,0.0,11915.88033,128.8203278,10350.333,17920.375,31043,4,4,4.0,0.0,4,4,4,4.0,0.0,4,4,0,0,0,0,80,64,64.410164,64.410164,40,145,82.0,57.510868,3307.5,0,0,0,0,0,0,0,0,1,102.5,40.0,145.0,0,0,0,0,0,0,2,80,2,290,-1,-1,1,40,0.0,0.0,0,0,0.0,0.0,0,0
17,70306,1,1,53,248,53,53,53.0,0.0,248,248,248.0,0.0,4281.28467,28.44707422,70306.0,0.0,70306,70306,0,0.0,0.0,0,0,0,0.0,0.0,0,0,0,0,0,0,20,32,14.223537,14.223537,53,248,118.0,112.583305,12675.0,0,0,0,0,0,0,0,0,1,177.0,53.0,248.0,0,0,0,0,0,0,1,53,1,248,-1,-1,0,20,0.0,0.0,0,0,0.0,0.0,0,0
6,104,2,0,12,0,6,6,6.0,0.0,0,0,0.0,0.0,115384.6154,19230.76923,104.0,0.0,104,104,104,104.0,0.0,104,104,0,0.0,0.0,0,0,0,0,0,0,40,0,19230.77,0.0,6,6,6.0,0.0,0.0,0,0,0,0,1,0,0,0,0,9.0,6.0,0.0,0,0,0,0,0,0,2,12,0,0,653,-1,1,20,0.0,0.0,0,0,0.0,0.0,0,0
6,5822946,1,6,6,36,6,6,6.0,0.0,6,6,6.0,0.0,7.212843808,1.202140635,970491.0,2361973.8,5791823,1,0,0.0,0.0,0,0,5802865,1160573.0,2588951.0,5791823,1,0,0,0,0,20,120,0.17173438,1.0304062,6,6,6.0,0.0,0.0,0,0,0,0,1,1,0,0,6,6.857143,6.0,6.0,0,0,0,0,0,0,1,6,6,36,229,0,0,20,31123.0,0.0,31123,31123,5791823.0,0.0,5791823,5791823
6,212,1,1,0,0,0,0,0.0,0.0,0,0,0.0,0.0,0.0,9433.962264,212.0,0.0,212,212,0,0.0,0.0,0,0,0,0.0,0.0,0,0,0,0,0,0,32,32,4716.981,4716.981,0,0,0.0,0.0,0.0,0,0,0,0,1,1,0,0,1,0.0,0.0,0.0,0,0,0,0,0,0,1,0,1,0,905,65535,0,32,0.0,0.0,0,0,0.0,0.0,0,0
17,46652,4,2,112,158,28,28,28.0,0.0,79,79,79.0,0.0,5787.533225,128.6118494,9330.4,13738.7295,30531,4,30581,10193.667,17612.66,30531,4,4,4.0,0.0,4,4,0,0,0,0,80,40,85.741234,42.870617,28,79,42.57143,24.885452,619.2857,0,0,0,0,0,0,0,0,0,49.666668,28.0,79.0,0,0,0,0,0,0,4,112,2,158,-1,-1,3,20,0.0,0.0,0,0,0.0,0.0,0,0
17,68023793,2,2,96,96,48,48,48.0,0.0,48,48,48.0,0.0,2.822541813,0.058802954,22700000.0,39200000.0,68000000,23741,68000000,68000000.0,0.0,68000000,68000000,68000000,68000000.0,0.0,68000000,68000000,0,0,0,0,40,40,0.029401477,0.029401477,48,48,48.0,0.0,0.0,0,0,0,0,0,0,0,0,1,60.0,48.0,48.0,0,0,0,0,0,0,2,96,2,96,-1,-1,1,20,23813.0,0.0,23813,23813,68000000.0,0.0,68000000,68000000
6,9893010,1,5,6,30,6,6,6.0,0.0,6,6,6.0,0.0,3.638932944,0.606488824,1978602.0,4405205.5,9858842,2,0,0.0,0.0,0,0,9889755,2472438.8,4924288.5,9858842,2,0,0,0,0,20,100,0.10108147,0.50540733,6,6,6.0,0.0,0.0,0,0,0,0,1,1,0,0,5,7.0,6.0,6.0,0,0,0,0,0,0,1,6,5,30,229,0,0,20,34168.0,0.0,34168,34168,9858842.0,0.0,9858842,9858842
17,205681,2,2,62,190,31,31,31.0,0.0,95,95,95.0,0.0,1225.198244,19.44759117,68560.336,118743.92,205674,3,3,3.0,0.0,3,3,4,4.0,0.0,4,4,0,0,0,0,64,40,9.723796,9.723796,31,95,56.6,35.054245,1228.8,0,0,0,0,0,0,0,0,1,70.75,31.0,95.0,0,0,0,0,0,0,2,62,2,190,-1,-1,1,32,0.0,0.0,0,0,0.0,0.0,0,0
6,116898940,20,16,1305,2238,435,0,65.25,159.36119,746,0,139.875,300.72223,30.30823034,0.30795831,3339969.8,4721014.5,10200000,47,117000000,6152576.0,4925716.5,10200000,37029,114000000,7606682.0,4480882.0,10200000,20618,0,0,0,0,648,520,0.17108795,0.13687035,0,746,95.75676,229.6106,52721.023,0,0,0,1,0,0,0,0,0,98.416664,65.25,139.875,0,0,0,0,0,0,20,1305,16,2238,29200,357,3,32,195291.36,525338.7,1779247,36745,10200000.0,60521.574,10200000,10000000
6,27,2,0,12,0,6,6,6.0,0.0,0,0,0.0,0.0,444444.4444,74074.07407,27.0,0.0,27,27,27,27.0,0.0,27,27,0,0.0,0.0,0,0,0,0,0,0,40,0,74074.07,0.0,6,6,6.0,0.0,0.0,0,0,0,0,1,0,0,0,0,9.0,6.0,0.0,0,0,0,0,0,0,2,12,0,0,255,-1,1,20,0.0,0.0,0,0,0.0,0.0,0,0
17,177,2,2,46,46,23,23,23.0,0.0,23,23,23.0,0.0,519774.0113,22598.87006,59.0,96.13012,170,3,3,3.0,0.0,3,3,4,4.0,0.0,4,4,0,0,0,0,64,64,11299.435,11299.435,23,23,23.0,0.0,0.0,0,0,0,0,0,0,0,0,1,28.75,23.0,23.0,0,0,0,0,0,0,2,46,2,46,-1,-1,1,32,0.0,0.0,0,0,0.0,0.0,0,0
17,23873,2,2,68,100,34,34,34.0,0.0,50,50,50.0,0.0,7037.238722,167.5533029,7957.6665,13777.0205,23866,3,3,3.0,0.0,3,3,4,4.0,0.0,4,4,0,0,0,0,64,64,83.77665,83.77665,34,50,40.4,8.763561,76.8,0,0,0,0,0,0,0,0,1,50.5,34.0,50.0,0,0,0,0,0,0,2,68,2,100,-1,-1,1,32,0.0,0.0,0,0,0.0,0.0,0,0
17,23861,2,2,70,102,35,35,35.0,0.0,51,51,51.0,0.0,7208.415406,167.6375676,7953.6665,13770.959,23855,3,3,3.0,0.0,3,3,3,3.0,0.0,3,3,0,0,0,0,64,64,83.81879,83.81879,35,51,41.4,8.763561,76.8,0,0,0,0,0,0,0,0,1,51.75,35.0,51.0,0,0,0,0,0,0,2,70,2,102,-1,-1,1,32,0.0,0.0,0,0,0.0,0.0,0,0
6,116321048,23,19,2754,4065,2053,0,119.73913,428.77588,1460,0,213.94737,471.19888,58.62223662,0.361069649,2837098.8,4449988.5,10000000,1,116000000,5287320.5,5007657.0,10100000,1,112000000,6221035.5,5018395.5,10100000,2,0,0,0,0,480,392,0.19772862,0.16334103,0,2053,158.58139,440.75894,194268.44,0,0,0,1,0,0,0,0,0,162.35715,119.73913,213.94737,0,0,0,0,0,0,23,2754,19,4065,29200,40958,22,20,162738.27,229804.23,855622,93097,10000000.0,6002.426,10000000,9999169
6,41682366,8,8,466,1780,430,0,58.25,150.22435,1768,0,222.5,624.4822,53.88369748,0.383855369,2778824.5,4523767.5,10000000,82,40100000,5733814.5,5343280.0,10000000,10787,41700000,5951159.0,5104182.0,10000000,5983,0,0,0,0,172,220,0.19192769,0.19192769,0,1768,132.11765,434.04175,188392.23,0,0,0,1,0,0,0,0,1,140.375,58.25,222.5,0,0,0,0,0,0,8,466,8,1780,8192,946,7,20,34046.75,20542.191,64860,23731,10000000.0,2107.3528,10000000,9997847
17,71834,2,2,104,352,52,52,52.0,0.0,176,176,176.0,0.0,6347.968928,55.68393797,23944.666,41468.184,71828,2,2,2.0,0.0,2,2,4,4.0,0.0,4,4,0,0,0,0,64,64,27.841969,27.841969,52,176,101.6,67.917595,4612.8,0,0,0,0,0,0,0,0,1,127.0,52.0,176.0,0,0,0,0,0,0,2,104,2,352,-1,-1,1,32,0.0,0.0,0,0,0.0,0.0,0,0
17,504175,1,1,47,79,47,47,47.0,0.0,79,79,79.0,0.0,249.9132246,3.966876581,504175.0,0.0,504175,504175,0,0.0,0.0,0,0,0,0.0,0.0,0,0,0,0,0,0,32,20,1.9834383,1.9834383,47,79,57.666668,18.475208,341.33334,0,0,0,0,0,0,0,0,1,86.5,47.0,79.0,0,0,0,0,0,0,1,47,1,79,-1,-1,0,32,0.0,0.0,0,0,0.0,0.0,0,0
17,75735,1,1,46,62,46,46,46.0,0.0,62,62,62.0,0.0,1426.024955,26.40786955,75735.0,0.0,75735,75735,0,0.0,0.0,0,0,0,0.0,0.0,0,0,0,0,0,0,20,20,13.203935,13.203935,46,62,51.333332,9.237604,85.333336,0,0,0,0,0,0,0,0,1,77.0,46.0,62.0,0,0,0,0,0,0,1,46,1,62,-1,-1,0,20,0.0,0.0,0,0,0.0,0.0,0,0
6,68,1,1,6,6,6,6,6.0,0.0,6,6,6.0,0.0,176470.5882,29411.76471,68.0,0.0,68,68,0,0.0,0.0,0,0,0,0.0,0.0,0,0,0,0,0,0,20,20,14705.883,14705.883,6,6,6.0,0.0,0.0,0,0,0,0,1,1,0,0,1,9.0,6.0,6.0,0,0,0,0,0,0,1,6,1,6,118,256,0,20,0.0,0.0,0,0,0.0,0.0,0,0
6,4003199,2,0,0,0,0,0,0.0,0.0,0,0,0.0,0.0,0.0,0.499600444544476,4003199.0,0.0,4003199,4003199,4003199,4003199.0,0.0,4003199,4003199,0,0.0,0.0,0,0,0,0,0,0,64,0,0.49960044,0.0,0,0,0.0,0.0,0.0,0,0,0,0,1,1,0,0,0,0.0,0.0,0.0,0,0,0,0,0,0,2,0,0,0,33304,-1,0,32,0.0,0.0,0,0,0.0,0.0,0,0
6,32,1,1,0,0,0,0,0.0,0.0,0,0,0.0,0.0,0.0,62500.0,32.0,0.0,32,32,0,0.0,0.0,0,0,0,0.0,0.0,0,0,0,0,0,0,32,32,31250.0,31250.0,0,0,0.0,0.0,0.0,0,0,0,0,1,1,0,0,1,0.0,0.0,0.0,0,0,0,0,0,0,1,0,1,0,413,581,0,32,0.0,0.0,0,0,0.0,0.0,0,0
6,3925,3,1,50,6,38,6,16.666666,18.475208,6,6,6.0,0.0,14267.51592,1019.10828,1308.3334,2183.8274,3830,47,3925,1962.5,2707.512,3877,48,0,0.0,0.0,0,0,0,0,0,0,60,20,764.33124,254.77707,6,38,12.4,14.310835,204.8,0,0,0,0,1,0,0,0,0,15.5,16.666666,6.0,0,0,0,0,0,0,3,50,1,6,351,0,2,20,0.0,0.0,0,0,0.0,0.0,0,0
6,58074514,13,13,1702,4710,1358,0,130.92308,374.24377,1726,0,362.30768,644.9706,110.409877902723,0.447700690185716,2322980.5,4193111.5,10029084,3,50579785,4214982.0,5155464.5,10079957,226,58023600,4835300.0,5065066.5,10080128,3,0,0,0,0,424,424,0.22385034,0.22385034,0,1726,237.48148,521.79846,272273.66,0,0,0,1,0,0,0,0,1,246.61539,130.92308,362.30768,0,0,0,0,0,0,13,1702,13,4710,29200,248,3,32,93149.664,103396.086,304206,50844,9585936.0,1049840.1,10029084,7443682
6,69488,4,3,207,134,195,0,51.75,95.54188,128,0,44.666668,72.23111,4907.322128,100.7368179,11581.333,27408.348,67525,52,69488,23162.666,39575.918,68860,52,68129,34064.5,47320.293,67525,604,0,0,0,0,92,72,57.563896,43.17292,0,195,42.625,75.57577,5711.6963,0,0,0,1,0,0,0,0,0,48.714287,51.75,44.666668,0,0,0,0,0,0,4,207,3,134,8192,237,3,20,0.0,0.0,0,0,0.0,0.0,0,0
6,112603,4,3,207,134,195,0,51.75,95.54188,128,0,44.666668,72.23111,3028.338499,62.16530643,18767.166,45027.3,110677,23,112603,37534.332,64401.668,111898,23,111288,55644.0,77828.414,110677,611,0,0,0,0,92,72,35.523033,26.642275,0,195,42.625,75.57577,5711.6963,0,0,0,1,0,0,0,0,0,48.714287,51.75,44.666668,0,0,0,0,0,0,4,207,3,134,8192,237,3,20,0.0,0.0,0,0,0.0,0.0,0,0
6,997200,3,3,0,18,0,0,0.0,0.0,6,6,6.0,0.0,18.05054152,6.016847172,199440.0,272358.25,498786,426,996604,498302.0,1286.9343,499212,497392,996607,498303.5,1525.2294,499382,497225,0,0,0,0,92,60,3.0084236,3.0084236,0,6,2.5714285,3.207135,10.285714,0,0,0,1,0,0,0,0,1,3.0,0.0,6.0,0,0,0,0,0,0,3,0,3,18,8192,0,0,28,0.0,0.0,0,0,0.0,0.0,0,0
6,67688,4,3,210,134,198,0,52.5,97.04123,128,0,44.666668,72.23111,5082.141591,103.4156719,11281.333,26788.543,65961,43,67688,22562.666,38510.902,67030,43,66525,33262.5,46242.664,65961,564,0,0,0,0,92,72,59.09467,44.321003,0,198,43.0,76.44232,5843.4287,0,0,0,1,0,0,0,0,0,49.142857,52.5,44.666668,0,0,0,0,0,0,4,210,3,134,8192,237,3,20,0.0,0.0,0,0,0.0,0.0,0,0
6,114721,4,3,207,134,195,0,51.75,95.54188,128,0,44.666668,72.23111,2972.428762,61.01759922,19120.166,45829.918,112668,50,114721,38240.332,65583.664,113969,69,113265,56632.5,79246.164,112668,597,0,0,0,0,92,72,34.8672,26.1504,0,195,42.625,75.57577,5711.6963,0,0,0,1,0,0,0,0,0,48.714287,51.75,44.666668,0,0,0,0,0,0,4,207,3,134,8192,237,3,20,0.0,0.0,0,0,0.0,0.0,0,0
6,60216,4,3,208,134,196,0,52.0,96.04166,128,0,44.666668,72.23111,5679.553607,116.2481732,10036.0,23456.457,57912,32,60216,20072.0,33973.395,59298,32,58691,29345.5,40399.133,57912,779,0,0,0,0,92,72,66.42753,49.820644,0,196,42.75,75.86407,5755.357,0,0,0,1,0,0,0,0,0,48.857143,52.0,44.666668,0,0,0,0,0,0,4,208,3,134,8192,237,3,20,0.0,0.0,0,0,0.0,0.0,0,0
6,134812,4,3,206,134,194,0,51.5,95.0421,128,0,44.666668,72.23111,2522.03068,51.92416105,22468.666,53230.91,131123,123,134812,44937.332,76126.82,132841,949,132783,66391.5,91544.164,131123,1660,0,0,0,0,92,72,29.67095,22.253212,0,194,42.5,75.28802,5668.2856,0,0,0,1,0,0,0,0,0,48.57143,51.5,44.666668,0,0,0,0,0,0,4,206,3,134,8192,237,3,20,0.0,0.0,0,0,0.0,0.0,0,0
6,1029548,3,3,0,18,0,0,0.0,0.0,6,6,6.0,0.0,17.48340048,5.827800161,205909.6,281115.4,515134,514,1029002,514501.0,1622.1029,515648,513354,1028769,514384.5,1832.1136,515680,513089,0,0,0,0,92,60,2.9139001,2.9139001,0,6,2.5714285,3.207135,10.285714,0,0,0,1,0,0,0,0,1,3.0,0.0,6.0,0,0,0,0,0,0,3,0,3,18,8192,0,0,28,0.0,0.0,0,0,0.0,0.0,0,0
6,80497,4,3,210,134,198,0,52.5,97.04123,128,0,44.666668,72.23111,4273.451185,86.95976248,13416.167,31948.928,78629,20,80497,26832.334,45813.89,79732,20,79196,39598.0,55198.168,78629,567,0,0,0,0,92,72,49.69129,37.26847,0,198,43.0,76.44232,5843.4287,0,0,0,1,0,0,0,0,0,49.142857,52.5,44.666668,0,0,0,0,0,0,4,210,3,134,8192,237,3,20,0.0,0.0,0,0,0.0,0.0,0,0
6,88707,4,3,207,134,195,0,51.75,95.54188,128,0,44.666668,72.23111,3844.116022,78.9114726,14784.5,35138.793,86508,54,88707,29569.0,50381.98,87743,54,87114,43557.0,60741.887,86508,606,0,0,0,0,92,72,45.09227,33.819202,0,195,42.625,75.57577,5711.6963,0,0,0,1,0,0,0,0,0,48.714287,51.75,44.666668,0,0,0,0,0,0,4,207,3,134,8192,237,3,20,0.0,0.0,0,0,0.0,0.0,0,0
6,76372,4,3,210,134,198,0,52.5,97.04123,128,0,44.666668,72.23111,4504.26858,91.65662808,12728.667,30372.2,74724,2,76372,25457.334,43536.85,75728,2,75283,37641.5,52442.574,74724,559,0,0,0,0,92,72,52.375217,39.28141,0,198,43.0,76.44232,5843.4287,0,0,0,1,0,0,0,0,0,49.142857,52.5,44.666668,0,0,0,0,0,0,4,210,3,134,8192,237,3,20,0.0,0.0,0,0,0.0,0.0,0,0
6,1010674,3,3,0,18,0,0,0.0,0.0,6,6,6.0,0.0,17.80989716,5.936632386,202134.8,276037.53,508961,456,1010218,505109.0,6223.954,509510,500708,1010003,505001.5,6244.46,509417,500586,0,0,0,0,92,60,2.968316,2.968316,0,6,2.5714285,3.207135,10.285714,0,0,0,1,0,0,0,0,1,3.0,0.0,6.0,0,0,0,0,0,0,3,0,3,18,8192,0,0,28,0.0,0.0,0,0,0.0,0.0,0,0
6,997175,3,3,0,18,0,0,0.0,0.0,6,6,6.0,0.0,18.05099406,6.016998019,199435.0,272454.84,498796,406,996676,498338.0,1221.8805,499202,497474,996692,498346.0,1342.0886,499295,497397,0,0,0,0,92,60,3.008499,3.008499,0,6,2.5714285,3.207135,10.285714,0,0,0,1,0,0,0,0,1,3.0,0.0,6.0,0,0,0,0,0,0,3,0,3,18,8192,0,0,28,0.0,0.0,0,0,0.0,0.0,0,0
6,72620,4,3,852,134,840,0,213.0,418.00958,128,0,44.666668,72.23111,13577.52685,96.39217846,12103.333,28642.824,70567,60,72620,24206.666,41278.86,71870,60,71185,35592.5,49461.414,70567,618,0,0,0,0,92,72,55.081245,41.310932,0,840,123.25,292.90845,85795.36,0,0,0,1,0,0,0,0,0,140.85715,213.0,44.666668,0,0,0,0,0,0,4,852,3,134,8192,242,3,20,0.0,0.0,0,0,0.0,0.0,0,0
6,87113,4,3,207,134,195,0,51.75,95.54188,128,0,44.666668,72.23111,3914.455937,80.35540046,14518.833,34599.438,85142,43,87113,29037.666,49735.188,86466,43,85746,42873.0,59777.395,85142,604,0,0,0,0,92,72,45.91737,34.43803,0,195,42.625,75.57577,5711.6963,0,0,0,1,0,0,0,0,0,48.714287,51.75,44.666668,0,0,0,0,0,0,4,207,3,134,8192,237,3,20,0.0,0.0,0,0,0.0,0.0,0,0
6,20,1,1,6,6,6,6,6.0,0.0,6,6,6.0,0.0,600000.0,100000.0,20.0,0.0,20,20,0,0.0,0.0,0,0,0,0.0,0.0,0,0,0,0,0,0,20,20,50000.0,50000.0,6,6,6.0,0.0,0.0,0,0,0,0,1,1,0,0,1,9.0,6.0,6.0,0,0,0,0,0,0,1,6,1,6,237,256,0,20,0.0,0.0,0,0,0.0,0.0,0,0
6,81010,4,3,210,134,198,0,52.5,97.04123,128,0,44.666668,72.23111,4246.389335,86.4090853,13501.667,32144.693,79114,17,81010,27003.334,46096.293,80229,17,79686,39843.0,55537.582,79114,572,0,0,0,0,92,72,49.37662,37.032467,0,198,43.0,76.44232,5843.4287,0,0,0,1,0,0,0,0,0,49.142857,52.5,44.666668,0,0,0,0,0,0,4,210,3,134,8192,237,3,20,0.0,0.0,0,0,0.0,0.0,0,0
6,53,1,1,6,6,6,6,6.0,0.0,6,6,6.0,0.0,226415.0943,37735.84906,53.0,0.0,53,53,0,0.0,0.0,0,0,0,0.0,0.0,0,0,0,0,0,0,20,20,18867.924,18867.924,6,6,6.0,0.0,0.0,0,0,0,0,1,1,0,0,1,9.0,6.0,6.0,0,0,0,0,0,0,1,6,1,6,237,16393,0,20,0.0,0.0,0,0,0.0,0.0,0,0
6,1029290,3,3,0,18,0,0,0.0,0.0,6,6,6.0,0.0,17.48778284,5.829260947,205858.0,281181.62,515124,466,1028707,514353.5,1782.6162,515614,513093,1028824,514412.0,1831.4066,515707,513117,0,0,0,0,92,60,2.9146304,2.9146304,0,6,2.5714285,3.207135,10.285714,0,0,0,1,0,0,0,0,1,3.0,0.0,6.0,0,0,0,0,0,0,3,0,3,18,8192,0,0,28,0.0,0.0,0,0,0.0,0.0,0,0
6,72932,4,3,207,134,195,0,51.75,95.54188,128,0,44.666668,72.23111,4675.588219,95.97981682,12155.333,28653.889,70641,41,72932,24310.666,41382.445,72093,41,71409,35704.5,49407.67,70641,768,0,0,0,0,92,72,54.845608,41.13421,0,195,42.625,75.57577,5711.6963,0,0,0,1,0,0,0,0,0,48.714287,51.75,44.666668,0,0,0,0,0,0,4,207,3,134,8192,237,3,20,0.0,0.0,0,0,0.0,0.0,0,0
6,210319,5,4,213,140,195,0,42.6,85.233795,128,0,35.0,62.064484,1678.402807,42.79213956,26289.875,73482.86,208149,3,210319,52579.75,104125.484,208767,25,208759,69586.336,119999.17,208149,3,0,0,0,0,112,92,23.77341,19.018728,0,195,35.3,68.41711,4680.9,0,0,0,1,0,0,0,0,0,39.22222,42.6,35.0,0,0,0,0,0,0,5,213,4,140,8192,237,4,20,0.0,0.0,0,0,0.0,0.0,0,0
6,75395,4,3,210,134,198,0,52.5,97.04123,128,0,44.666668,72.23111,4562.63678,92.84435307,12565.833,29971.963,73744,47,75395,25131.666,43014.75,74800,50,74314,37157.0,51741.832,73744,570,0,0,0,0,92,72,53.053917,39.790436,0,198,43.0,76.44232,5843.4287,0,0,0,1,0,0,0,0,0,49.142857,52.5,44.666668,0,0,0,0,0,0,4,210,3,134,8192,237,3,20,0.0,0.0,0,0,0.0,0.0,0,0
6,1010704,3,3,0,18,0,0,0.0,0.0,6,6,6.0,0.0,17.80936852,5.936456173,202140.8,276029.97,506381,518,1010186,505093.0,2588.0107,506923,503263,1010086,505043.0,2624.7803,506899,503187,0,0,0,0,92,60,2.968228,2.968228,0,6,2.5714285,3.207135,10.285714,0,0,0,1,0,0,0,0,1,3.0,0.0,6.0,0,0,0,0,0,0,3,0,3,18,8192,0,0,28,0.0,0.0,0,0,0.0,0.0,0,0
6,73790,4,3,208,134,196,0,52.0,96.04166,128,0,44.666668,72.23111,4634.77436,94.86380268,12298.333,28997.049,71484,67,73790,24596.666,41831.9,72898,67,72108,36054.0,50105.586,71484,624,0,0,0,0,92,72,54.207886,40.655914,0,196,42.75,75.86407,5755.357,0,0,0,1,0,0,0,0,0,48.857143,52.0,44.666668,0,0,0,0,0,0,4,208,3,134,8192,237,3,20,0.0,0.0,0,0,0.0,0.0,0,0
6,59215,4,3,208,134,196,0,52.0,96.04166,128,0,44.666668,72.23111,5775.563624,118.2132906,9869.167,23232.922,57290,57,59215,19738.334,33544.953,58471,57,57911,28955.5,40071.035,57290,621,0,0,0,0,92,72,67.55045,50.662838,0,196,42.75,75.86407,5755.357,0,0,0,1,0,0,0,0,0,48.857143,52.0,44.666668,0,0,0,0,0,0,4,208,3,134,8192,237,3,20,0.0,0.0,0,0,0.0,0.0,0,0
6,69044,4,3,207,134,195,0,51.75,95.54188,128,0,44.666668,72.23111,4938.879555,101.3846243,11507.333,27134.79,66892,55,69044,23014.666,39188.38,68264,70,67505,33752.5,46866.332,66892,613,0,0,0,0,92,72,57.93407,43.450554,0,195,42.625,75.57577,5711.6963,0,0,0,1,0,0,0,0,0,48.714287,51.75,44.666668,0,0,0,0,0,0,4,207,3,134,8192,237,3,20,0.0,0.0,0,0,0.0,0.0,0,0
6,124786,4,3,207,134,195,0,51.75,95.54188,128,0,44.666668,72.23111,2732.678345,56.09603641,20797.666,49885.598,122624,51,124786,41595.332,71379.86,124017,92,123236,61618.0,86275.516,122624,612,0,0,0,0,92,72,32.05488,24.041159,0,195,42.625,75.57577,5711.6963,0,0,0,1,0,0,0,0,0,48.714287,51.75,44.666668,0,0,0,0,0,0,4,207,3,134,8192,237,3,20,0.0,0.0,0,0,0.0,0.0,0,0
6,117689,26,50,100094,416,13140,0,3849.7693,2796.5703,128,0,8.32,17.291546,854030.5381,645.7697831,1569.1866,12064.495,104626,1,117689,4707.56,22094.754,110755,3,116247,2372.3877,14916.7295,104626,1,0,0,0,0,532,1012,220.92123,424.84854,0,13140,1305.3247,2432.453,5916827.5,0,0,0,1,0,0,0,0,1,1322.5,3849.7693,8.32,0,0,0,0,0,0,26,100094,50,416,8192,1324,25,20,0.0,0.0,0,0,0.0,0.0,0,0
6,10,1,1,6,6,6,6,6.0,0.0,6,6,6.0,0.0,1200000.0,200000.0,10.0,0.0,10,10,0,0.0,0.0,0,0,0,0.0,0.0,0,0,0,0,0,0,20,20,100000.0,100000.0,6,6,6.0,0.0,0.0,0,0,0,0,1,1,0,0,1,9.0,6.0,6.0,0,0,0,0,0,0,1,6,1,6,237,256,0,20,0.0,0.0,0,0,0.0,0.0,0,0
6,75114,4,3,210,134,198,0,52.5,97.04123,128,0,44.666668,72.23111,4579.705514,93.19168198,12519.0,29832.307,73412,38,75114,25038.0,42824.113,74486,38,73978,36989.0,51509.902,73412,566,0,0,0,0,92,72,53.252388,39.939293,0,198,43.0,76.44232,5843.4287,0,0,0,1,0,0,0,0,0,49.142857,52.5,44.666668,0,0,0,0,0,0,4,210,3,134,8192,237,3,20,0.0,0.0,0,0,0.0,0.0,0,0
6,82746,4,3,206,134,194,0,51.5,95.0421,128,0,44.666668,72.23111,4108.95995,84.59623426,13791.0,32736.797,80611,57,82746,27582.0,47215.586,82101,57,81255,40627.5,56545.207,80611,644,0,0,0,0,92,72,48.340706,36.255527,0,194,42.5,75.28802,5668.2856,0,0,0,1,0,0,0,0,0,48.57143,51.5,44.666668,0,0,0,0,0,0,4,206,3,134,8192,237,3,20,0.0,0.0,0,0,0.0,0.0,0,0
6,63843,4,3,207,134,195,0,51.75,95.54188,128,0,44.666668,72.23111,5341.227699,109.6439704,10640.5,24941.201,61546,4,63843,21281.0,36097.723,62960,4,62125,31062.5,43110.18,61546,579,0,0,0,0,92,72,62.653698,46.990273,0,195,42.625,75.57577,5711.6963,0,0,0,1,0,0,0,0,0,48.714287,51.75,44.666668,0,0,0,0,0,0,4,207,3,134,8192,237,3,20,0.0,0.0,0,0,0.0,0.0,0,0
6,1025014,3,3,0,18,0,0,0.0,0.0,6,6,6.0,0.0,17.56073576,5.853578585,205002.8,279944.56,514366,442,1024552,512276.0,3580.7888,514808,509744,1024223,512111.5,3841.7112,514828,509395,0,0,0,0,92,60,2.9267893,2.9267893,0,6,2.5714285,3.207135,10.285714,0,0,0,1,0,0,0,0,1,3.0,0.0,6.0,0,0,0,0,0,0,3,0,3,18,8192,0,0,28,0.0,0.0,0,0,0.0,0.0,0,0
6,1025021,3,3,0,18,0,0,0.0,0.0,6,6,6.0,0.0,17.56061583,5.85353861,205004.2,280061.94,514305,428,1024593,512296.5,3534.827,514796,509797,1024500,512250.0,3511.4922,514733,509767,0,0,0,0,92,60,2.9267693,2.9267693,0,6,2.5714285,3.207135,10.285714,0,0,0,1,0,0,0,0,1,3.0,0.0,6.0,0,0,0,0,0,0,3,0,3,18,8192,0,0,28,0.0,0.0,0,0,0.0,0.0,0,0
6,84526,4,3,206,134,194,0,51.5,95.0421,128,0,44.666668,72.23111,4022.430968,82.81475522,14087.667,33507.066,82481,51,84526,28175.334,48207.035,83839,51,83153,41576.5,57847.7,82481,672,0,0,0,0,92,72,47.322716,35.49204,0,194,42.5,75.28802,5668.2856,0,0,0,1,0,0,0,0,0,48.57143,51.5,44.666668,0,0,0,0,0,0,4,206,3,134,8192,237,3,20,0.0,0.0,0,0,0.0,0.0,0,0
6,80,1,1,6,6,6,6,6.0,0.0,6,6,6.0,0.0,150000.0,25000.0,80.0,0.0,80,80,0,0.0,0.0,0,0,0,0.0,0.0,0,0,0,0,0,0,20,20,12500.0,12500.0,6,6,6.0,0.0,0.0,0,0,0,0,1,1,0,0,1,9.0,6.0,6.0,0,0,0,0,0,0,1,6,1,6,237,256,0,20,0.0,0.0,0,0,0.0,0.0,0,0
6,1045199,3,3,0,18,0,0,0.0,0.0,6,6,6.0,0.0,17.22160086,5.740533621,209039.8,285281.75,530445,610,1044589,522294.5,12650.848,531240,513349,1044351,522175.5,12557.51,531055,513296,0,0,0,0,92,60,2.870267,2.870267,0,6,2.5714285,3.207135,10.285714,0,0,0,1,0,0,0,0,1,3.0,0.0,6.0,0,0,0,0,0,0,3,0,3,18,8192,0,0,28,0.0,0.0,0,0,0.0,0.0,0,0
6,1029497,3,3,0,18,0,0,0.0,0.0,6,6,6.0,0.0,17.48426659,5.828088863,205899.4,281055.5,515112,514,1028983,514491.5,1645.4375,515655,513328,1028614,514307.0,1865.3477,515626,512988,0,0,0,0,92,60,2.9140444,2.9140444,0,6,2.5714285,3.207135,10.285714,0,0,0,1,0,0,0,0,1,3.0,0.0,6.0,0,0,0,0,0,0,3,0,3,18,8192,0,0,28,0.0,0.0,0,0,0.0,0.0,0,0
6,1030192,3,3,0,18,0,0,0.0,0.0,6,6,6.0,0.0,17.47247115,5.82415705,206038.4,281393.06,515320,437,1029576,514788.0,1370.3729,515757,513819,1029629,514814.5,1586.0405,515936,513693,0,0,0,0,92,60,2.9120786,2.9120786,0,6,2.5714285,3.207135,10.285714,0,0,0,1,0,0,0,0,1,3.0,0.0,6.0,0,0,0,0,0,0,3,0,3,18,8192,0,0,28,0.0,0.0,0,0,0.0,0.0,0,0
6,991785,3,3,0,18,0,0,0.0,0.0,6,6,6.0,0.0,18.14909481,6.049698271,198357.0,270926.53,499475,480,991305,495652.5,6196.377,500034,491271,991285,495642.5,6098.796,499955,491330,0,0,0,0,92,60,3.0248492,3.0248492,0,6,2.5714285,3.207135,10.285714,0,0,0,1,0,0,0,0,1,3.0,0.0,6.0,0,0,0,0,0,0,3,0,3,18,8192,0,0,28,0.0,0.0,0,0,0.0,0.0,0,0
6,1029352,3,3,0,18,0,0,0.0,0.0,6,6,6.0,0.0,17.48672952,5.828909838,205870.4,281285.44,515094,336,1029016,514508.0,1557.0491,515609,513407,1028855,514427.5,1417.7491,515430,513425,0,0,0,0,92,60,2.914455,2.914455,0,6,2.5714285,3.207135,10.285714,0,0,0,1,0,0,0,0,1,3.0,0.0,6.0,0,0,0,0,0,0,3,0,3,18,8192,0,0,28,0.0,0.0,0,0,0.0,0.0,0,0
6,196135,5,4,214,145,196,0,42.8,85.6808,129,0,36.25,61.96975,1830.371938,45.88676167,24516.875,68423.836,193856,35,196135,49033.75,97073.41,194643,35,194725,64908.332,111672.125,193856,239,0,0,0,0,112,92,25.492645,20.394115,0,196,35.9,68.64797,4712.5444,0,0,0,1,0,0,0,0,0,39.88889,42.8,36.25,0,0,0,0,0,0,5,214,4,145,8192,237,4,20,0.0,0.0,0,0,0.0,0.0,0,0
6,113363,4,3,208,134,196,0,52.0,96.04166,128,0,44.666668,72.23111,3016.857352,61.74854229,18893.834,45332.152,111426,23,113363,37787.668,64827.496,112643,23,112053,56026.5,78346.73,111426,627,0,0,0,0,92,72,35.28488,26.463661,0,196,42.75,75.86407,5755.357,0,0,0,1,0,0,0,0,0,48.857143,52.0,44.666668,0,0,0,0,0,0,4,208,3,134,8192,237,3,20,0.0,0.0,0,0,0.0,0.0,0,0
6,71601,4,3,206,134,194,0,51.5,95.0421,128,0,44.666668,72.23111,4748.537032,97.76399771,11933.5,28126.31,69341,49,71601,23867.0,40744.098,70913,49,69982,34991.0,48578.234,69341,641,0,0,0,0,92,72,55.865143,41.898857,0,194,42.5,75.28802,5668.2856,0,0,0,1,0,0,0,0,0,48.57143,51.5,44.666668,0,0,0,0,0,0,4,206,3,134,8192,237,3,20,0.0,0.0,0,0,0.0,0.0,0,0
6,993752,3,3,0,18,0,0,0.0,0.0,6,6,6.0,0.0,18.11317109,6.037723698,198750.4,271492.0,499519,399,993353,496676.5,4735.494,500025,493328,993192,496596.0,4698.0176,499918,493274,0,0,0,0,92,60,3.0188618,3.0188618,0,6,2.5714285,3.207135,10.285714,0,0,0,1,0,0,0,0,1,3.0,0.0,6.0,0,0,0,0,0,0,3,0,3,18,8192,0,0,28,0.0,0.0,0,0,0.0,0.0,0,0
6,20,1,1,6,6,6,6,6.0,0.0,6,6,6.0,0.0,600000.0,100000.0,20.0,0.0,20,20,0,0.0,0.0,0,0,0,0.0,0.0,0,0,0,0,0,0,20,20,50000.0,50000.0,6,6,6.0,0.0,0.0,0,0,0,0,1,1,0,0,1,9.0,6.0,6.0,0,0,0,0,0,0,1,6,1,6,251,16393,0,20,0.0,0.0,0,0,0.0,0.0,0,0
6,78021,4,3,1723,134,1711,0,430.75,853.5047,128,0,44.666668,72.23111,23801.28427,89.71943451,13003.5,30801.637,75874,64,78021,26007.0,44481.57,77369,64,76717,38358.5,53054.93,75874,843,0,0,0,0,92,72,51.26825,38.451187,0,1711,232.125,599.16095,358993.84,0,0,0,1,0,0,0,0,0,265.2857,430.75,44.666668,0,0,0,0,0,0,4,1723,3,134,8192,255,3,20,0.0,0.0,0,0,0.0,0.0,0,0
6,93817,21,28,73320,284,10528,0,3491.4285,2670.3306,128,0,10.142858,23.125607,784548.6426,522.293401,1954.5209,12221.322,84854,0,93817,4690.85,19765.908,88663,48,92843,3438.6296,16272.552,84854,1,0,0,0,0,432,572,223.84003,298.45337,0,10528,1472.08,2433.9067,5923902.0,0,0,0,1,0,0,0,0,1,1502.1224,3491.4285,10.142858,0,0,0,0,0,0,21,73320,28,284,8192,1164,20,20,0.0,0.0,0,0,0.0,0.0,0,0
6,66607,4,3,210,134,198,0,52.5,97.04123,128,0,44.666668,72.23111,5164.622337,105.0940592,11101.167,26301.559,64786,17,66607,22202.334,37828.418,65881,17,65354,32677.0,45408.984,64786,568,0,0,0,0,92,72,60.05375,45.04031,0,198,43.0,76.44232,5843.4287,0,0,0,1,0,0,0,0,0,49.142857,52.5,44.666668,0,0,0,0,0,0,4,210,3,134,8192,237,3,20,0.0,0.0,0,0,0.0,0.0,0,0
6,83,1,1,6,6,6,6,6.0,0.0,6,6,6.0,0.0,144578.3133,24096.38554,83.0,0.0,83,83,0,0.0,0.0,0,0,0,0.0,0.0,0,0,0,0,0,0,20,20,12048.192,12048.192,6,6,6.0,0.0,0.0,0,0,0,0,1,1,0,0,1,9.0,6.0,6.0,0,0,0,0,0,0,1,6,1,6,890,256,0,20,0.0,0.0,0,0,0.0,0.0,0,0
6,1012267,3,3,0,18,0,0,0.0,0.0,6,6,6.0,0.0,17.7818698,5.927289934,202453.4,276573.84,514242,485,1011782,505891.0,12644.483,514832,496950,1011768,505884.0,12505.891,514727,497041,0,0,0,0,92,60,2.963645,2.963645,0,6,2.5714285,3.207135,10.285714,0,0,0,1,0,0,0,0,1,3.0,0.0,6.0,0,0,0,0,0,0,3,0,3,18,8192,0,0,28,0.0,0.0,0,0,0.0,0.0,0,0
6,143431,4,3,207,134,195,0,51.75,95.54188,128,0,44.666668,72.23111,2377.449784,48.80395451,23905.166,57548.65,141374,22,143431,47810.332,82228.555,142759,22,141971,70985.5,99544.375,141374,597,0,0,0,0,92,72,27.887974,20.915981,0,195,42.625,75.57577,5711.6963,0,0,0,1,0,0,0,0,0,48.714287,51.75,44.666668,0,0,0,0,0,0,4,207,3,134,8192,237,3,20,0.0,0.0,0,0,0.0,0.0,0,0
6,8,1,1,6,6,6,6,6.0,0.0,6,6,6.0,0.0,1500000.0,250000.0,8.0,0.0,8,8,0,0.0,0.0,0,0,0,0.0,0.0,0,0,0,0,0,0,20,20,125000.0,125000.0,6,6,6.0,0.0,0.0,0,0,0,0,1,1,0,0,1,9.0,6.0,6.0,0,0,0,0,0,0,1,6,1,6,245,256,0,20,0.0,0.0,0,0,0.0,0.0,0,0
6,77117,4,3,207,134,195,0,51.75,95.54188,128,0,44.666668,72.23111,4421.85251,90.77116589,12852.833,30457.793,75021,41,77117,25705.666,43673.37,76133,72,75581,37790.5,52651.88,75021,560,0,0,0,0,92,72,51.869236,38.901928,0,195,42.625,75.57577,5711.6963,0,0,0,1,0,0,0,0,0,48.714287,51.75,44.666668,0,0,0,0,0,0,4,207,3,134,8192,237,3,20,0.0,0.0,0,0,0.0,0.0,0,0
6,71258,4,3,208,134,196,0,52.0,96.04166,128,0,44.666668,72.23111,4799.461113,98.23458419,11876.333,28091.115,69214,38,71258,23752.666,40499.605,70516,38,69854,34927.0,48489.14,69214,640,0,0,0,0,92,72,56.13405,42.100536,0,196,42.75,75.86407,5755.357,0,0,0,1,0,0,0,0,0,48.857143,52.0,44.666668,0,0,0,0,0,0,4,208,3,134,8192,237,3,20,0.0,0.0,0,0,0.0,0.0,0,0
6,1014302,3,3,0,18,0,0,0.0,0.0,6,6,6.0,0.0,17.74619393,5.915397978,202860.4,277144.75,513397,466,1013767,506883.5,9894.545,513880,499887,1013819,506909.5,9833.734,513863,499956,0,0,0,0,92,60,2.957699,2.957699,0,6,2.5714285,3.207135,10.285714,0,0,0,1,0,0,0,0,1,3.0,0.0,6.0,0,0,0,0,0,0,3,0,3,18,8192,0,0,28,0.0,0.0,0,0,0.0,0.0,0,0
6,63550,4,3,210,134,198,0,52.5,97.04123,128,0,44.666668,72.23111,5413.060582,110.1494886,10591.667,25119.53,61864,18,63550,21183.334,36199.684,62982,18,62397,31198.5,43367.566,61864,533,0,0,0,0,92,72,62.942566,47.206924,0,198,43.0,76.44232,5843.4287,0,0,0,1,0,0,0,0,0,49.142857,52.5,44.666668,0,0,0,0,0,0,4,210,3,134,8192,237,3,20,0.0,0.0,0,0,0.0,0.0,0,0
6,71722,4,3,206,134,194,0,51.5,95.0421,128,0,44.666668,72.23111,4740.52592,97.59906305,11953.667,28140.648,69391,47,71722,23907.334,40680.38,70879,47,70047,35023.5,48602.984,69391,656,0,0,0,0,92,72,55.770893,41.82817,0,194,42.5,75.28802,5668.2856,0,0,0,1,0,0,0,0,0,48.57143,51.5,44.666668,0,0,0,0,0,0,4,206,3,134,8192,237,3,20,0.0,0.0,0,0,0.0,0.0,0,0
6,81689,28,51,98277,422,16060,0,3509.8928,3323.1365,128,0,8.274509,17.12084,1208228.77,967.0824713,1047.2949,7977.67,70575,0,81689,3025.5186,14464.251,75394,2,80246,1604.92,9956.884,70575,0,0,0,0,0,572,1032,342.7634,624.3191,0,16060,1233.7375,2568.9446,6599476.0,0,0,0,1,0,0,0,0,1,1249.3544,3509.8928,8.274509,0,0,0,0,0,0,28,98277,51,422,8192,1278,27,20,0.0,0.0,0,0,0.0,0.0,0,0
6,77676,4,3,207,134,195,0,51.75,95.54188,128,0,44.666668,72.23111,4390.030383,90.11792574,12946.0,30647.51,75501,21,77676,25892.0,44217.984,76949,21,76106,38053.0,52959.47,75501,605,0,0,0,0,92,72,51.495956,38.621967,0,195,42.625,75.57577,5711.6963,0,0,0,1,0,0,0,0,0,48.714287,51.75,44.666668,0,0,0,0,0,0,4,207,3,134,8192,237,3,20,0.0,0.0,0,0,0.0,0.0,0,0
6,997161,3,3,0,18,0,0,0.0,0.0,6,6,6.0,0.0,18.05124749,6.017082497,199432.2,272346.44,498649,499,996662,498331.0,1234.6084,499204,497458,996598,498299.0,1200.6674,499148,497450,0,0,0,0,92,60,3.0085413,3.0085413,0,6,2.5714285,3.207135,10.285714,0,0,0,1,0,0,0,0,1,3.0,0.0,6.0,0,0,0,0,0,0,3,0,3,18,8192,0,0,28,0.0,0.0,0,0,0.0,0.0,0,0
6,62528,4,3,210,134,198,0,52.5,97.04123,128,0,44.666668,72.23111,5501.535312,111.9498465,10421.333,24624.537,60683,19,62528,20842.666,35472.63,61801,19,61276,30638.0,42490.047,60683,593,0,0,0,0,92,72,63.97134,47.978504,0,198,43.0,76.44232,5843.4287,0,0,0,1,0,0,0,0,0,49.142857,52.5,44.666668,0,0,0,0,0,0,4,210,3,134,8192,237,3,20,0.0,0.0,0,0,0.0,0.0,0,0
6,66381,4,3,207,134,195,0,51.75,95.54188,128,0,44.666668,72.23111,5137.012097,105.4518612,11063.5,25949.318,64027,18,66381,22127.0,37649.703,65599,18,64720,32360.0,44783.902,64027,693,0,0,0,0,92,72,60.258205,45.193653,0,195,42.625,75.57577,5711.6963,0,0,0,1,0,0,0,0,0,48.714287,51.75,44.666668,0,0,0,0,0,0,4,207,3,134,8192,237,3,20,0.0,0.0,0,0,0.0,0.0,0,0
6,1022099,3,3,0,18,0,0,0.0,0.0,6,6,6.0,0.0,17.61081852,5.87027284,204419.8,278715.5,515339,654,1021445,510722.5,7507.3525,516031,505414,1020758,510379.0,7939.395,515993,504765,0,0,0,0,92,60,2.9351363,2.9351363,0,6,2.5714285,3.207135,10.285714,0,0,0,1,0,0,0,0,1,3.0,0.0,6.0,0,0,0,0,0,0,3,0,3,18,8192,0,0,28,0.0,0.0,0,0,0.0,0.0,0,0
6,1006904,3,3,0,18,0,0,0.0,0.0,6,6,6.0,0.0,17.87658009,5.95886003,201380.8,275083.16,505843,383,1006268,503134.0,4372.7485,506226,500042,1006521,503260.5,4311.23,506309,500212,0,0,0,0,92,60,2.97943,2.97943,0,6,2.5714285,3.207135,10.285714,0,0,0,1,0,0,0,0,1,3.0,0.0,6.0,0,0,0,0,0,0,3,0,3,18,8192,0,0,28,0.0,0.0,0,0,0.0,0.0,0,0
6,80607,4,3,206,134,194,0,51.5,95.0421,128,0,44.666668,72.23111,4217.995956,86.84109321,13434.5,31792.873,78327,44,80607,26869.0,45923.785,79896,44,78976,39488.0,54926.64,78327,649,0,0,0,0,92,72,49.62348,37.217613,0,194,42.5,75.28802,5668.2856,0,0,0,1,0,0,0,0,0,48.57143,51.5,44.666668,0,0,0,0,0,0,4,206,3,134,8192,237,3,20,0.0,0.0,0,0,0.0,0.0,0,0
6,66461,4,3,208,134,196,0,52.0,96.04166,128,0,44.666668,72.23111,5145.875024,105.3249274,11076.833,26269.588,64697,62,66461,22153.666,37807.55,65809,62,65242,32621.0,45362.312,64697,545,0,0,0,0,92,72,60.185673,45.139256,0,196,42.75,75.86407,5755.357,0,0,0,1,0,0,0,0,0,48.857143,52.0,44.666668,0,0,0,0,0,0,4,208,3,134,8192,237,3,20,0.0,0.0,0,0,0.0,0.0,0,0
6,996686,3,3,0,18,0,0,0.0,0.0,6,6,6.0,0.0,18.05985034,6.019950115,199337.2,272273.9,499667,423,996199,498099.5,3048.3374,500255,495944,996098,498049.0,2886.41,500090,496008,0,0,0,0,92,60,3.009975,3.009975,0,6,2.5714285,3.207135,10.285714,0,0,0,1,0,0,0,0,1,3.0,0.0,6.0,0,0,0,0,0,0,3,0,3,18,8192,0,0,28,0.0,0.0,0,0,0.0,0.0,0,0
6,1020376,3,3,0,18,0,0,0.0,0.0,6,6,6.0,0.0,17.64055603,5.880185343,204075.2,278705.1,512010,522,1019824,509912.0,3705.2395,512532,507292,1019823,509911.5,3748.373,512562,507261,0,0,0,0,92,60,2.9400926,2.9400926,0,6,2.5714285,3.207135,10.285714,0,0,0,1,0,0,0,0,1,3.0,0.0,6.0,0,0,0,0,0,0,3,0,3,18,8192,0,0,28,0.0,0.0,0,0,0.0,0.0,0,0
6,1001004,3,3,0,18,0,0,0.0,0.0,6,6,6.0,0.0,17.98194613,5.993982042,200200.8,273190.97,499527,618,1000226,500113.0,125.865005,500202,500024,1000329,500164.5,27.577164,500184,500145,0,0,0,0,92,60,2.996991,2.996991,0,6,2.5714285,3.207135,10.285714,0,0,0,1,0,0,0,0,1,3.0,0.0,6.0,0,0,0,0,0,0,3,0,3,18,8192,0,0,28,0.0,0.0,0,0,0.0,0.0,0,0
6,997356,3,3,0,18,0,0,0.0,0.0,6,6,6.0,0.0,18.04771817,6.015906056,199471.2,272198.53,498503,614,996609,498304.5,1266.4282,499200,497409,996742,498371.0,1243.0938,499250,497492,0,0,0,0,92,60,3.007953,3.007953,0,6,2.5714285,3.207135,10.285714,0,0,0,1,0,0,0,0,1,3.0,0.0,6.0,0,0,0,0,0,0,3,0,3,18,8192,0,0,28,0.0,0.0,0,0,0.0,0.0,0,0
6,61151,4,3,207,134,195,0,51.75,95.54188,128,0,44.666668,72.23111,5576.360158,114.4707364,10191.833,24025.375,59230,24,61151,20383.666,34705.168,60456,24,59808,29904.0,41473.227,59230,578,0,0,0,0,92,72,65.41185,49.058887,0,195,42.625,75.57577,5711.6963,0,0,0,1,0,0,0,0,0,48.714287,51.75,44.666668,0,0,0,0,0,0,4,207,3,134,8192,237,3,20,0.0,0.0,0,0,0.0,0.0,0,0
6,85976,4,3,206,134,194,0,51.5,95.0421,128,0,44.666668,72.23111,3954.591979,81.41807016,14329.333,33740.277,83195,47,85976,28658.666,48740.758,84937,47,83847,41923.5,58366.715,83195,652,0,0,0,0,92,72,46.524612,34.89346,0,194,42.5,75.28802,5668.2856,0,0,0,1,0,0,0,0,0,48.57143,51.5,44.666668,0,0,0,0,0,0,4,206,3,134,8192,237,3,20,0.0,0.0,0,0,0.0,0.0,0,0
6,1025052,3,3,0,18,0,0,0.0,0.0,6,6,6.0,0.0,17.56008476,5.853361586,205010.4,280046.75,514302,403,1024649,512324.5,3489.572,514792,509857,1024453,512226.5,3505.1284,514705,509748,0,0,0,0,92,60,2.9266808,2.9266808,0,6,2.5714285,3.207135,10.285714,0,0,0,1,0,0,0,0,1,3.0,0.0,6.0,0,0,0,0,0,0,3,0,3,18,8192,0,0,28,0.0,0.0,0,0,0.0,0.0,0,0
6,71560,4,3,207,134,195,0,51.75,95.54188,128,0,44.666668,72.23111,4765.231973,97.82001118,11926.667,28310.693,69713,70,71560,23853.334,40791.902,70955,70,70316,35158.0,48868.15,69713,603,0,0,0,0,92,72,55.89715,41.922863,0,195,42.625,75.57577,5711.6963,0,0,0,1,0,0,0,0,0,48.714287,51.75,44.666668,0,0,0,0,0,0,4,207,3,134,8192,237,3,20,0.0,0.0,0,0,0.0,0.0,0,0
6,1029770,3,3,0,18,0,0,0.0,0.0,6,6,6.0,0.0,17.47963137,5.826543791,205954.0,281114.38,515080,551,1028967,514483.5,1622.81,515631,513336,1029150,514575.0,1849.7914,515883,513267,0,0,0,0,92,60,2.913272,2.913272,0,6,2.5714285,3.207135,10.285714,0,0,0,1,0,0,0,0,1,3.0,0.0,6.0,0,0,0,0,0,0,3,0,3,18,8192,0,0,28,0.0,0.0,0,0,0.0,0.0,0,0
6,65538,4,3,207,134,195,0,51.75,95.54188,128,0,44.666668,72.23111,5203.088285,106.8082639,10923.0,25782.033,63547,39,65538,21846.0,37208.473,64809,39,64154,32077.0,44505.3,63547,607,0,0,0,0,92,72,61.033295,45.77497,0,195,42.625,75.57577,5711.6963,0,0,0,1,0,0,0,0,0,48.714287,51.75,44.666668,0,0,0,0,0,0,4,207,3,134,8192,237,3,20,0.0,0.0,0,0,0.0,0.0,0,0
6,65808,4,3,208,134,196,0,52.0,96.04166,128,0,44.666668,72.23111,5196.936543,106.3700462,10968.0,25972.758,63982,62,65808,21936.0,37443.49,65171,62,64565,32282.5,44829.863,63982,583,0,0,0,0,92,72,60.782883,45.587162,0,196,42.75,75.86407,5755.357,0,0,0,1,0,0,0,0,0,48.857143,52.0,44.666668,0,0,0,0,0,0,4,208,3,134,8192,237,3,20,0.0,0.0,0,0,0.0,0.0,0,0
6,95859,35,81,207875,602,18980,0,5939.2856,5536.549,128,0,7.432099,13.58026,2174829.698,1210.110683,833.5565,6996.6113,75153,0,95859,2819.3823,14390.438,84245,6,94100,1176.25,8383.313,75153,0,0,0,0,0,712,1632,365.1196,844.9911,0,18980,1781.8547,4052.8696,16400000.0,0,0,0,1,0,0,0,0,2,1797.2156,5939.2856,7.432099,0,0,0,0,0,0,35,207875,81,602,8192,1255,34,20,0.0,0.0,0,0,0.0,0.0,0,0
6,81,1,1,6,6,6,6,6.0,0.0,6,6,6.0,0.0,148148.1481,24691.35802,81.0,0.0,81,81,0,0.0,0.0,0,0,0,0.0,0.0,0,0,0,0,0,0,20,20,12345.679,12345.679,6,6,6.0,0.0,0.0,0,0,0,0,1,1,0,0,1,9.0,6.0,6.0,0,0,0,0,0,0,1,6,1,6,237,256,0,20,0.0,0.0,0,0,0.0,0.0,0,0
6,164481,4,3,207,134,195,0,51.75,95.54188,128,0,44.666668,72.23111,2073.187785,42.55810702,27413.5,66017.445,162169,51,164481,54827.0,94159.52,163552,51,162746,81373.0,114262.8,162169,577,0,0,0,0,92,72,24.318918,18.23919,0,195,42.625,75.57577,5711.6963,0,0,0,1,0,0,0,0,0,48.714287,51.75,44.666668,0,0,0,0,0,0,4,207,3,134,8192,237,3,20,0.0,0.0,0,0,0.0,0.0,0,0
6,85139,4,3,210,134,198,0,52.5,97.04123,128,0,44.666668,72.23111,4040.451497,82.21848976,14189.833,33866.883,83318,17,85139,28379.666,48504.875,84387,49,83880,41940.0,58517.33,83318,562,0,0,0,0,92,72,46.981995,35.236496,0,198,43.0,76.44232,5843.4287,0,0,0,1,0,0,0,0,0,49.142857,52.5,44.666668,0,0,0,0,0,0,4,210,3,134,8192,237,3,20,0.0,0.0,0,0,0.0,0.0,0,0
6,62,1,1,6,6,6,6,6.0,0.0,6,6,6.0,0.0,193548.3871,32258.06452,62.0,0.0,62,62,0,0.0,0.0,0,0,0,0.0,0.0,0,0,0,0,0,0,20,20,16129.032,16129.032,6,6,6.0,0.0,0.0,0,0,0,0,1,1,0,0,1,9.0,6.0,6.0,0,0,0,0,0,0,1,6,1,6,1255,256,0,20,0.0,0.0,0,0,0.0,0.0,0,0
6,79204,4,3,206,134,194,0,51.5,95.0421,128,0,44.666668,72.23111,4292.712489,88.37937478,13200.667,24166.615,60745,59,79204,26401.334,31917.307,62078,557,77889,38944.5,30830.562,60745,17144,0,0,0,0,92,72,50.5025,37.876873,0,194,42.5,75.28802,5668.2856,0,0,0,1,0,0,0,0,0,48.57143,51.5,44.666668,0,0,0,0,0,0,4,206,3,134,8192,237,3,20,0.0,0.0,0,0,0.0,0.0,0,0
6,98418,24,45,111383,386,20440,0,4640.9585,4300.085,128,0,8.577778,18.22896,1135656.079,701.0912638,1447.3235,10454.124,86370,0,98418,4279.0435,19098.258,91884,51,97216,2209.4546,12986.176,86370,0,0,0,0,0,492,912,243.85783,457.23343,0,20440,1596.7,3327.0237,11100000.0,0,0,0,1,0,0,0,0,1,1619.8406,4640.9585,8.577778,0,0,0,0,0,0,24,111383,45,386,8192,1164,23,20,0.0,0.0,0,0,0.0,0.0,0,0
6,1009265,3,3,0,18,0,0,0.0,0.0,6,6,6.0,0.0,17.83476094,5.944920313,201853.0,275607.88,508834,556,1008693,504346.5,7274.0073,509490,499203,1008609,504304.5,7191.983,509390,499219,0,0,0,0,92,60,2.9724603,2.9724603,0,6,2.5714285,3.207135,10.285714,0,0,0,1,0,0,0,0,1,3.0,0.0,6.0,0,0,0,0,0,0,3,0,3,18,8192,0,0,28,0.0,0.0,0,0,0.0,0.0,0,0
6,1024501,3,3,0,18,0,0,0.0,0.0,6,6,6.0,0.0,17.56952897,5.856509657,204900.2,279990.22,514394,370,1024038,512019.0,3882.016,514764,509274,1024046,512023.0,4007.8813,514857,509189,0,0,0,0,92,60,2.9282548,2.9282548,0,6,2.5714285,3.207135,10.285714,0,0,0,1,0,0,0,0,1,3.0,0.0,6.0,0,0,0,0,0,0,3,0,3,18,8192,0,0,28,0.0,0.0,0,0,0.0,0.0,0,0
6,143095,4,3,208,134,196,0,52.0,96.04166,128,0,44.666668,72.23111,2390.020616,48.91855061,23849.166,57446.633,141110,54,143095,47698.332,82062.98,142456,54,141727,70863.5,99343.555,141110,617,0,0,0,0,92,72,27.953457,20.965094,0,196,42.75,75.86407,5755.357,0,0,0,1,0,0,0,0,0,48.857143,52.0,44.666668,0,0,0,0,0,0,4,208,3,134,8192,237,3,20,0.0,0.0,0,0,0.0,0.0,0,0
6,80608,4,3,208,134,196,0,52.0,96.04166,128,0,44.666668,72.23111,4242.755062,86.84001588,13434.667,31939.943,78629,31,80608,26869.334,45984.84,79967,31,79261,39630.5,55152.207,78629,632,0,0,0,0,92,72,49.622868,37.217148,0,196,42.75,75.86407,5755.357,0,0,0,1,0,0,0,0,0,48.857143,52.0,44.666668,0,0,0,0,0,0,4,208,3,134,8192,237,3,20,0.0,0.0,0,0,0.0,0.0,0,0
6,997169,3,3,0,18,0,0,0.0,0.0,6,6,6.0,0.0,18.05110267,6.017034224,199433.8,272158.5,498559,564,996605,498302.5,1262.1855,499195,497410,996335,498167.5,1351.281,499123,497212,0,0,0,0,92,60,3.008517,3.008517,0,6,2.5714285,3.207135,10.285714,0,0,0,1,0,0,0,0,1,3.0,0.0,6.0,0,0,0,0,0,0,3,0,3,18,8192,0,0,28,0.0,0.0,0,0,0.0,0.0,0,0
6,298309,5,4,214,145,196,0,42.8,85.6808,129,0,36.25,61.96975,1203.450114,30.17005856,37288.625,104627.24,296227,4,298309,74577.25,148182.86,296851,24,296868,98956.0,170841.98,296227,4,0,0,0,0,112,92,16.761143,13.408915,0,196,35.9,68.64797,4712.5444,0,0,0,1,0,0,0,0,0,39.88889,42.8,36.25,0,0,0,0,0,0,5,214,4,145,8192,237,4,20,0.0,0.0,0,0,0.0,0.0,0,0
6,993328,3,3,0,18,0,0,0.0,0.0,6,6,6.0,0.0,18.12090266,6.040300888,198665.6,271241.38,499896,485,992843,496421.5,5991.316,500658,492185,992804,496402.0,5627.156,500381,492423,0,0,0,0,92,60,3.0201504,3.0201504,0,6,2.5714285,3.207135,10.285714,0,0,0,1,0,0,0,0,1,3.0,0.0,6.0,0,0,0,0,0,0,3,0,3,18,8192,0,0,28,0.0,0.0,0,0,0.0,0.0,0,0
6,1028597,3,3,0,18,0,0,0.0,0.0,6,6,6.0,0.0,17.49956494,5.833188314,205719.4,281101.8,528137,467,1027862,513931.0,20817.225,528651,499211,1028083,514041.5,20594.484,528604,499479,0,0,0,0,92,60,2.9165943,2.9165943,0,6,2.5714285,3.207135,10.285714,0,0,0,1,0,0,0,0,1,3.0,0.0,6.0,0,0,0,0,0,0,3,0,3,18,8192,0,0,28,0.0,0.0,0,0,0.0,0.0,0,0
6,225433,4,3,1870,134,1858,0,467.5,927.00433,128,0,44.666668,72.23111,8889.559204,31.0513545,37572.168,90534.73,222374,65,225433,75144.336,129013.375,224116,477,223927,111963.5,156144.03,222374,1553,0,0,0,0,92,72,17.743631,13.307723,0,1858,250.5,651.0051,423807.72,0,0,0,1,0,0,0,0,0,286.2857,467.5,44.666668,0,0,0,0,0,0,4,1870,3,134,8192,258,3,20,0.0,0.0,0,0,0.0,0.0,0,0
6,72994,4,3,208,134,196,0,52.0,96.04166,128,0,44.666668,72.23111,4685.316601,95.89829301,12165.667,28850.74,71054,57,72994,24331.334,41609.527,72377,57,71678,35839.0,49801.53,71054,624,0,0,0,0,92,72,54.799023,41.09927,0,196,42.75,75.86407,5755.357,0,0,0,1,0,0,0,0,0,48.857143,52.0,44.666668,0,0,0,0,0,0,4,208,3,134,8192,237,3,20,0.0,0.0,0,0,0.0,0.0,0,0
6,82339,4,3,207,134,195,0,51.75,95.54188,128,0,44.666668,72.23111,4141.415368,85.01439172,13723.167,32556.334,80175,27,82339,27446.334,46890.215,81589,27,80787,40393.5,56259.535,80175,612,0,0,0,0,92,72,48.57965,36.43474,0,195,42.625,75.57577,5711.6963,0,0,0,1,0,0,0,0,0,48.714287,51.75,44.666668,0,0,0,0,0,0,4,207,3,134,8192,237,3,20,0.0,0.0,0,0,0.0,0.0,0,0
6,60257,4,3,207,134,195,0,51.75,95.54188,128,0,44.666668,72.23111,5659.093549,116.1690758,10042.833,23660.797,58337,54,60257,20085.666,34182.734,59555,54,58937,29468.5,40826.223,58337,600,0,0,0,0,92,72,66.38233,49.786747,0,195,42.625,75.57577,5711.6963,0,0,0,1,0,0,0,0,0,48.714287,51.75,44.666668,0,0,0,0,0,0,4,207,3,134,8192,237,3,20,0.0,0.0,0,0,0.0,0.0,0,0
6,1000275,3,3,0,18,0,0,0.0,0.0,6,6,6.0,0.0,17.99505136,5.998350454,200055.0,273092.66,499363,538,999693,499846.5,347.18942,500092,499601,999737,499868.5,108.18734,499945,499792,0,0,0,0,92,60,2.9991753,2.9991753,0,6,2.5714285,3.207135,10.285714,0,0,0,1,0,0,0,0,1,3.0,0.0,6.0,0,0,0,0,0,0,3,0,3,18,8192,0,0,28,0.0,0.0,0,0,0.0,0.0,0,0
6,1000375,3,3,0,18,0,0,0.0,0.0,6,6,6.0,0.0,17.99325253,5.997750843,200075.0,273204.9,500051,469,999707,499853.5,942.57336,500520,499187,999848,499924.0,1124.2998,500719,499129,0,0,0,0,92,60,2.9988754,2.9988754,0,6,2.5714285,3.207135,10.285714,0,0,0,1,0,0,0,0,1,3.0,0.0,6.0,0,0,0,0,0,0,3,0,3,18,8192,0,0,28,0.0,0.0,0,0,0.0,0.0,0,0
6,49,1,1,6,6,6,6,6.0,0.0,6,6,6.0,0.0,244897.9592,40816.32653,49.0,0.0,49,49,0,0.0,0.0,0,0,0,0.0,0.0,0,0,0,0,0,0,20,20,20408.164,20408.164,6,6,6.0,0.0,0.0,0,0,0,0,1,1,0,0,1,9.0,6.0,6.0,0,0,0,0,0,0,1,6,1,6,245,256,0,20,0.0,0.0,0,0,0.0,0.0,0,0
6,62884,4,3,206,134,194,0,51.5,95.0421,128,0,44.666668,72.23111,5406.780739,111.316074,10480.667,24592.492,60674,49,62884,20961.334,35745.105,62235,49,61279,30639.5,42475.195,60674,605,0,0,0,0,92,72,63.609184,47.70689,0,194,42.5,75.28802,5668.2856,0,0,0,1,0,0,0,0,0,48.57143,51.5,44.666668,0,0,0,0,0,0,4,206,3,134,8192,237,3,20,0.0,0.0,0,0,0.0,0.0,0,0
6,71634,4,3,207,134,195,0,51.75,95.54188,128,0,44.666668,72.23111,4760.30935,97.71896027,11939.0,28347.25,69800,50,71634,23878.0,40825.254,71018,50,70392,35196.0,48937.445,69800,592,0,0,0,0,92,72,55.839405,41.879555,0,195,42.625,75.57577,5711.6963,0,0,0,1,0,0,0,0,0,48.714287,51.75,44.666668,0,0,0,0,0,0,4,207,3,134,8192,237,3,20,0.0,0.0,0,0,0.0,0.0,0,0
6,95311,4,3,1053,134,1041,0,263.25,518.5077,128,0,44.666668,72.23111,12453.96649,73.44377879,15885.167,37726.293,92889,96,95311,31770.334,54371.062,94552,136,93539,46769.5,65222.824,92889,650,0,0,0,0,92,72,41.967873,31.475904,0,1041,148.375,363.32825,132007.4,0,0,0,1,0,0,0,0,0,169.57143,263.25,44.666668,0,0,0,0,0,0,4,1053,3,134,8192,245,3,20,0.0,0.0,0,0,0.0,0.0,0,0
6,207270,5,4,213,145,195,0,42.6,85.233795,129,0,36.25,61.96975,1727.215709,43.42162397,25908.75,72347.586,204958,3,207270,51817.5,102496.336,205561,53,205540,68513.336,118164.9,204958,3,0,0,0,0,112,92,24.123125,19.2985,0,195,35.8,68.389084,4677.067,0,0,0,1,0,0,0,0,0,39.77778,42.6,36.25,0,0,0,0,0,0,5,213,4,145,8192,237,4,20,0.0,0.0,0,0,0.0,0.0,0,0
6,123108,4,3,208,134,196,0,52.0,96.04166,128,0,44.666668,72.23111,2778.048543,56.86064269,20518.0,49342.316,121236,35,123108,41036.0,70571.15,122524,35,121872,60936.0,85277.08,121236,636,0,0,0,0,92,72,32.491795,24.368847,0,196,42.75,75.86407,5755.357,0,0,0,1,0,0,0,0,0,48.857143,52.0,44.666668,0,0,0,0,0,0,4,208,3,134,8192,237,3,20,0.0,0.0,0,0,0.0,0.0,0,0
6,1024853,3,3,0,18,0,0,0.0,0.0,6,6,6.0,0.0,17.56349447,5.854498157,204970.6,280096.8,514332,373,1024480,512240.0,3623.215,514802,509678,1024433,512216.5,3519.2705,514705,509728,0,0,0,0,92,60,2.9272492,2.9272492,0,6,2.5714285,3.207135,10.285714,0,0,0,1,0,0,0,0,1,3.0,0.0,6.0,0,0,0,0,0,0,3,0,3,18,8192,0,0,28,0.0,0.0,0,0,0.0,0.0,0,0
6,69344,4,3,207,134,195,0,51.75,95.54188,128,0,44.666668,72.23111,4917.51269,100.9460083,11557.333,27238.31,67153,39,69344,23114.666,39173.324,68345,39,67721,33860.5,47082.703,67153,568,0,0,0,0,92,72,57.683434,43.262573,0,195,42.625,75.57577,5711.6963,0,0,0,1,0,0,0,0,0,48.714287,51.75,44.666668,0,0,0,0,0,0,4,207,3,134,8192,237,3,20,0.0,0.0,0,0,0.0,0.0,0,0
6,62023,4,3,210,134,198,0,52.5,97.04123,128,0,44.666668,72.23111,5546.329587,112.8613579,10337.167,24502.451,60350,14,62023,20674.334,35272.18,61402,47,60918,30459.0,42272.258,60350,568,0,0,0,0,92,72,64.4922,48.369152,0,198,43.0,76.44232,5843.4287,0,0,0,1,0,0,0,0,0,49.142857,52.5,44.666668,0,0,0,0,0,0,4,210,3,134,8192,237,3,20,0.0,0.0,0,0,0.0,0.0,0,0
6,1029384,3,3,0,18,0,0,0.0,0.0,6,6,6.0,0.0,17.48618591,5.828728638,205876.8,280778.6,514918,415,1028969,514484.5,1610.0822,515623,513346,1028024,514012.0,1868.1761,515333,512691,0,0,0,0,92,60,2.9143643,2.9143643,0,6,2.5714285,3.207135,10.285714,0,0,0,1,0,0,0,0,1,3.0,0.0,6.0,0,0,0,0,0,0,3,0,3,18,8192,0,0,28,0.0,0.0,0,0,0.0,0.0,0,0
6,996833,3,3,0,18,0,0,0.0,0.0,6,6,6.0,0.0,18.05718711,6.019062371,199366.6,272043.28,498626,608,996049,498024.5,1710.4913,499234,496815,996139,498069.5,1895.7533,499410,496729,0,0,0,0,92,60,3.0095313,3.0095313,0,6,2.5714285,3.207135,10.285714,0,0,0,1,0,0,0,0,1,3.0,0.0,6.0,0,0,0,0,0,0,3,0,3,18,8192,0,0,28,0.0,0.0,0,0,0.0,0.0,0,0
6,72508,4,3,210,134,198,0,52.5,97.04123,128,0,44.666668,72.23111,4744.304077,96.54107133,12084.667,28716.904,70700,4,72508,24169.334,41266.363,71818,4,71289,35644.5,49575.965,70700,589,0,0,0,0,92,72,55.166325,41.374744,0,198,43.0,76.44232,5843.4287,0,0,0,1,0,0,0,0,0,49.142857,52.5,44.666668,0,0,0,0,0,0,4,210,3,134,8192,237,3,20,0.0,0.0,0,0,0.0,0.0,0,0
6,58659,4,3,207,134,195,0,51.75,95.54188,128,0,44.666668,72.23111,5813.259687,119.3337766,9776.5,22985.766,56692,22,58659,19553.0,33302.668,58006,22,57292,28646.0,39663.035,56692,600,0,0,0,0,92,72,68.19073,51.143047,0,195,42.625,75.57577,5711.6963,0,0,0,1,0,0,0,0,0,48.714287,51.75,44.666668,0,0,0,0,0,0,4,207,3,134,8192,237,3,20,0.0,0.0,0,0,0.0,0.0,0,0
6,249080,5,4,212,145,194,0,42.4,84.78679,129,0,36.25,61.96975,1433.27445,36.13296933,31135.0,87150.03,246819,3,249080,62270.0,123459.8,247459,117,247456,82485.336,142317.48,246819,3,0,0,0,0,112,92,20.073872,16.059097,0,194,35.7,68.13068,4641.789,0,0,0,1,0,0,0,0,0,39.666668,42.4,36.25,0,0,0,0,0,0,5,212,4,145,8192,237,4,20,0.0,0.0,0,0,0.0,0.0,0,0
6,63198,4,3,206,134,194,0,51.5,95.0421,128,0,44.666668,72.23111,5379.917086,110.7629988,10533.0,24772.314,61094,78,63198,21066.0,35977.082,62608,78,61722,30861.0,42755.918,61094,628,0,0,0,0,92,72,63.29314,47.469856,0,194,42.5,75.28802,5668.2856,0,0,0,1,0,0,0,0,0,48.57143,51.5,44.666668,0,0,0,0,0,0,4,206,3,134,8192,237,3,20,0.0,0.0,0,0,0.0,0.0,0,0
6,1020129,3,3,0,18,0,0,0.0,0.0,6,6,6.0,0.0,17.64482727,5.881609091,204025.8,278692.56,512016,468,1019655,509827.5,3756.8584,512484,507171,1019564,509782.0,3829.6904,512490,507074,0,0,0,0,92,60,2.9408045,2.9408045,0,6,2.5714285,3.207135,10.285714,0,0,0,1,0,0,0,0,1,3.0,0.0,6.0,0,0,0,0,0,0,3,0,3,18,8192,0,0,28,0.0,0.0,0,0,0.0,0.0,0,0
6,59701,4,3,210,134,198,0,52.5,97.04123,128,0,44.666668,72.23111,5762.047537,117.2509673,9950.167,23395.59,57702,4,59701,19900.334,33946.617,59097,4,58456,29228.0,40268.316,57702,754,0,0,0,0,92,72,67.00055,50.250416,0,198,43.0,76.44232,5843.4287,0,0,0,1,0,0,0,0,0,49.142857,52.5,44.666668,0,0,0,0,0,0,4,210,3,134,8192,237,3,20,0.0,0.0,0,0,0.0,0.0,0,0
6,1044192,3,3,0,18,0,0,0.0,0.0,6,6,6.0,0.0,17.23820906,5.746069688,208838.4,285388.34,530881,352,1043660,521830.0,13297.851,531233,512427,1043642,521821.0,13565.137,531413,512229,0,0,0,0,92,60,2.873035,2.873035,0,6,2.5714285,3.207135,10.285714,0,0,0,1,0,0,0,0,1,3.0,0.0,6.0,0,0,0,0,0,0,3,0,3,18,8192,0,0,28,0.0,0.0,0,0,0.0,0.0,0,0
6,1017626,3,3,0,18,0,0,0.0,0.0,6,6,6.0,0.0,17.68822731,5.896075769,203525.2,277927.47,510099,351,1016893,508446.5,3174.2024,510691,506202,1017034,508517.0,2733.6748,510450,506584,0,0,0,0,92,60,2.9480379,2.9480379,0,6,2.5714285,3.207135,10.285714,0,0,0,1,0,0,0,0,1,3.0,0.0,6.0,0,0,0,0,0,0,3,0,3,18,8192,0,0,28,0.0,0.0,0,0,0.0,0.0,0,0
6,13,1,1,6,6,6,6,6.0,0.0,6,6,6.0,0.0,923076.9231,153846.1538,13.0,0.0,13,13,0,0.0,0.0,0,0,0,0.0,0.0,0,0,0,0,0,0,20,20,76923.08,76923.08,6,6,6.0,0.0,0.0,0,0,0,0,1,1,0,0,1,9.0,6.0,6.0,0,0,0,0,0,0,1,6,1,6,237,256,0,20,0.0,0.0,0,0,0.0,0.0,0,0
6,110974,4,3,207,134,195,0,51.75,95.54188,128,0,44.666668,72.23111,3072.791825,63.07783805,18495.666,44247.562,108813,23,110974,36991.332,63472.402,110282,23,109459,54729.5,76485.62,108813,646,0,0,0,0,92,72,36.04448,27.03336,0,195,42.625,75.57577,5711.6963,0,0,0,1,0,0,0,0,0,48.714287,51.75,44.666668,0,0,0,0,0,0,4,207,3,134,8192,237,3,20,0.0,0.0,0,0,0.0,0.0,0,0
6,65033,4,3,1870,134,1858,0,467.5,927.00433,128,0,44.666668,72.23111,30815.12463,107.6376609,10838.833,25181.309,62233,55,65033,21677.666,36790.824,64158,76,63250,31625.0,43286.25,62233,1017,0,0,0,0,92,72,61.507236,46.130424,0,1858,250.5,651.0051,423807.72,0,0,0,1,0,0,0,0,0,286.2857,467.5,44.666668,0,0,0,0,0,0,4,1870,3,134,8192,258,3,20,0.0,0.0,0,0,0.0,0.0,0,0
6,70479,4,3,207,134,195,0,51.75,95.54188,128,0,44.666668,72.23111,4838.320635,99.32036493,11746.5,27918.73,68733,20,70479,23493.0,40219.88,69934,20,69345,34672.5,48168.82,68733,612,0,0,0,0,92,72,56.754494,42.565872,0,195,42.625,75.57577,5711.6963,0,0,0,1,0,0,0,0,0,48.714287,51.75,44.666668,0,0,0,0,0,0,4,207,3,134,8192,237,3,20,0.0,0.0,0,0,0.0,0.0,0,0
6,1029871,3,3,0,18,0,0,0.0,0.0,6,6,6.0,0.0,17.47791714,5.825972379,205974.2,281313.6,515033,379,1029492,514746.0,1211.9811,515603,513889,1029223,514611.5,1132.078,515412,513811,0,0,0,0,92,60,2.9129863,2.9129863,0,6,2.5714285,3.207135,10.285714,0,0,0,1,0,0,0,0,1,3.0,0.0,6.0,0,0,0,0,0,0,3,0,3,18,8192,0,0,28,0.0,0.0,0,0,0.0,0.0,0,0
6,51,1,1,6,6,6,6,6.0,0.0,6,6,6.0,0.0,235294.1176,39215.68627,51.0,0.0,51,51,0,0.0,0.0,0,0,0,0.0,0.0,0,0,0,0,0,0,20,20,19607.844,19607.844,6,6,6.0,0.0,0.0,0,0,0,0,1,1,0,0,1,9.0,6.0,6.0,0,0,0,0,0,0,1,6,1,6,237,256,0,20,0.0,0.0,0,0,0.0,0.0,0,0
6,98124,4,3,206,134,194,0,51.5,95.0421,128,0,44.666668,72.23111,3465.003465,71.33830663,16354.0,38903.31,95762,110,98124,32708.0,55827.766,97171,115,96419,48209.5,67249.39,95762,657,0,0,0,0,92,72,40.764748,30.57356,0,194,42.5,75.28802,5668.2856,0,0,0,1,0,0,0,0,0,48.57143,51.5,44.666668,0,0,0,0,0,0,4,206,3,134,8192,237,3,20,0.0,0.0,0,0,0.0,0.0,0,0
6,81562,4,3,210,134,198,0,52.5,97.04123,128,0,44.666668,72.23111,4217.650376,85.82428092,13593.667,32501.93,79936,17,81562,27187.334,46661.73,81067,17,80496,40248.0,56127.31,79936,560,0,0,0,0,92,72,49.042446,36.781834,0,198,43.0,76.44232,5843.4287,0,0,0,1,0,0,0,0,0,49.142857,52.5,44.666668,0,0,0,0,0,0,4,210,3,134,8192,237,3,20,0.0,0.0,0,0,0.0,0.0,0,0
6,58,1,1,6,6,6,6,6.0,0.0,6,6,6.0,0.0,206896.5517,34482.75862,58.0,0.0,58,58,0,0.0,0.0,0,0,0,0.0,0.0,0,0,0,0,0,0,20,20,17241.379,17241.379,6,6,6.0,0.0,0.0,0,0,0,0,1,1,0,0,1,9.0,6.0,6.0,0,0,0,0,0,0,1,6,1,6,237,16393,0,20,0.0,0.0,0,0,0.0,0.0,0,0
6,62933,4,3,207,134,195,0,51.75,95.54188,128,0,44.666668,72.23111,5418.460903,111.2294027,10488.833,24837.953,61187,66,62933,20977.666,35772.965,62284,112,61804,30902.0,42829.457,61187,617,0,0,0,0,92,72,63.559658,47.669743,0,195,42.625,75.57577,5711.6963,0,0,0,1,0,0,0,0,0,48.714287,51.75,44.666668,0,0,0,0,0,0,4,207,3,134,8192,237,3,20,0.0,0.0,0,0,0.0,0.0,0,0
6,137424,4,3,206,134,194,0,51.5,95.0421,128,0,44.666668,72.23111,2474.094772,50.93724531,22904.0,54976.2,135121,42,137424,45808.0,78674.51,136653,125,135714,67857.0,95125.664,135121,593,0,0,0,0,92,72,29.106997,21.830248,0,194,42.5,75.28802,5668.2856,0,0,0,1,0,0,0,0,0,48.57143,51.5,44.666668,0,0,0,0,0,0,4,206,3,134,8192,237,3,20,0.0,0.0,0,0,0.0,0.0,0,0
6,79995,4,3,206,134,194,0,51.5,95.0421,128,0,44.666668,72.23111,4250.265642,87.50546909,13332.5,31562.615,77755,46,79995,26665.0,45607.54,79327,46,78411,39205.5,54517.227,77755,656,0,0,0,0,92,72,50.003124,37.502342,0,194,42.5,75.28802,5668.2856,0,0,0,1,0,0,0,0,0,48.57143,51.5,44.666668,0,0,0,0,0,0,4,206,3,134,8192,237,3,20,0.0,0.0,0,0,0.0,0.0,0,0
6,1011372,3,3,0,18,0,0,0.0,0.0,6,6,6.0,0.0,17.79760563,5.93253521,202274.4,276293.44,507628,469,1010809,505404.5,3819.0837,508105,502704,1010903,505451.5,3874.238,508191,502712,0,0,0,0,92,60,2.9662676,2.9662676,0,6,2.5714285,3.207135,10.285714,0,0,0,1,0,0,0,0,1,3.0,0.0,6.0,0,0,0,0,0,0,3,0,3,18,8192,0,0,28,0.0,0.0,0,0,0.0,0.0,0,0
6,1024402,3,3,0,18,0,0,0.0,0.0,6,6,6.0,0.0,17.57122692,5.85707564,204880.4,279972.34,514377,400,1023947,511973.5,3983.1326,514790,509157,1024002,512001.0,4003.6387,514832,509170,0,0,0,0,92,60,2.9285378,2.9285378,0,6,2.5714285,3.207135,10.285714,0,0,0,1,0,0,0,0,1,3.0,0.0,6.0,0,0,0,0,0,0,3,0,3,18,8192,0,0,28,0.0,0.0,0,0,0.0,0.0,0,0
6,993768,3,3,0,18,0,0,0.0,0.0,6,6,6.0,0.0,18.11287946,6.037626488,198753.6,271381.47,499490,516,993252,496626.0,4845.0957,500052,493200,993128,496564.0,4867.723,500006,493122,0,0,0,0,92,60,3.0188131,3.0188131,0,6,2.5714285,3.207135,10.285714,0,0,0,1,0,0,0,0,1,3.0,0.0,6.0,0,0,0,0,0,0,3,0,3,18,8192,0,0,28,0.0,0.0,0,0,0.0,0.0,0,0
6,25,1,1,6,6,6,6,6.0,0.0,6,6,6.0,0.0,480000.0,80000.0,25.0,0.0,25,25,0,0.0,0.0,0,0,0,0.0,0.0,0,0,0,0,0,0,20,20,40000.0,40000.0,6,6,6.0,0.0,0.0,0,0,0,0,1,1,0,0,1,9.0,6.0,6.0,0,0,0,0,0,0,1,6,1,6,237,256,0,20,0.0,0.0,0,0,0.0,0.0,0,0
6,1060848,3,3,0,18,0,0,0.0,0.0,6,6,6.0,0.0,16.96755803,5.655852676,212169.6,289766.1,530822,420,1060254,530127.0,1576.8481,531242,529012,1060196,530098.0,1863.9335,531416,528780,0,0,0,0,92,60,2.8279264,2.8279264,0,6,2.5714285,3.207135,10.285714,0,0,0,1,0,0,0,0,1,3.0,0.0,6.0,0,0,0,0,0,0,3,0,3,18,8192,0,0,28,0.0,0.0,0,0,0.0,0.0,0,0
6,68031,4,3,207,134,195,0,51.75,95.54188,128,0,44.666668,72.23111,5012.420808,102.8942688,11338.5,26860.727,66165,53,68031,22677.0,38649.363,67304,53,66746,33373.0,46374.89,66165,581,0,0,0,0,92,72,58.796726,44.097546,0,195,42.625,75.57577,5711.6963,0,0,0,1,0,0,0,0,0,48.714287,51.75,44.666668,0,0,0,0,0,0,4,207,3,134,8192,237,3,20,0.0,0.0,0,0,0.0,0.0,0,0
6,994027,3,3,0,18,0,0,0.0,0.0,6,6,6.0,0.0,18.10816004,6.036053347,198805.4,271181.3,499255,735,993197,496598.5,4811.862,500001,493196,993292,496646.0,4863.4805,500085,493207,0,0,0,0,92,60,3.0180266,3.0180266,0,6,2.5714285,3.207135,10.285714,0,0,0,1,0,0,0,0,1,3.0,0.0,6.0,0,0,0,0,0,0,3,0,3,18,8192,0,0,28,0.0,0.0,0,0,0.0,0.0,0,0
6,64994,4,3,208,134,196,0,52.0,96.04166,128,0,44.666668,72.23111,5262.024187,107.7022494,10832.333,25568.797,63021,29,64994,21664.666,36951.367,64331,29,63645,31822.5,44121.344,63021,624,0,0,0,0,92,72,61.544144,46.158108,0,196,42.75,75.86407,5755.357,0,0,0,1,0,0,0,0,0,48.857143,52.0,44.666668,0,0,0,0,0,0,4,208,3,134,8192,237,3,20,0.0,0.0,0,0,0.0,0.0,0,0
6,77831,4,3,210,134,198,0,52.5,97.04123,128,0,44.666668,72.23111,4419.832714,89.9384564,12971.833,30827.564,75895,3,77831,25943.666,44181.836,76958,3,76436,38218.0,53283.324,75895,541,0,0,0,0,92,72,51.393402,38.54505,0,198,43.0,76.44232,5843.4287,0,0,0,1,0,0,0,0,0,49.142857,52.5,44.666668,0,0,0,0,0,0,4,210,3,134,8192,237,3,20,0.0,0.0,0,0,0.0,0.0,0,0
6,138008,4,3,207,134,195,0,51.75,95.54188,128,0,44.666668,72.23111,2470.871254,50.72169729,23001.334,55385.105,136054,21,138008,46002.668,79157.24,137405,21,136663,68331.5,95774.08,136054,609,0,0,0,0,92,72,28.983828,21.737871,0,195,42.625,75.57577,5711.6963,0,0,0,1,0,0,0,0,0,48.714287,51.75,44.666668,0,0,0,0,0,0,4,207,3,134,8192,237,3,20,0.0,0.0,0,0,0.0,0.0,0,0
6,1013740,3,3,0,18,0,0,0.0,0.0,6,6,6.0,0.0,17.75603212,5.918677373,202748.0,277026.38,512781,420,1013320,506660.0,9427.147,513326,499994,1013195,506597.5,9354.315,513212,499983,0,0,0,0,92,60,2.9593387,2.9593387,0,6,2.5714285,3.207135,10.285714,0,0,0,1,0,0,0,0,1,3.0,0.0,6.0,0,0,0,0,0,0,3,0,3,18,8192,0,0,28,0.0,0.0,0,0,0.0,0.0,0,0
6,38,1,1,6,6,6,6,6.0,0.0,6,6,6.0,0.0,315789.4737,52631.57895,38.0,0.0,38,38,0,0.0,0.0,0,0,0,0.0,0.0,0,0,0,0,0,0,20,20,26315.79,26315.79,6,6,6.0,0.0,0.0,0,0,0,0,1,1,0,0,1,9.0,6.0,6.0,0,0,0,0,0,0,1,6,1,6,1255,256,0,20,0.0,0.0,0,0,0.0,0.0,0,0
6,154385,4,3,207,134,195,0,51.75,95.54188,128,0,44.666668,72.23111,2208.763805,45.34119247,25730.834,61972.11,152229,53,154385,51461.668,88489.61,153640,53,152830,76415.0,107217.19,152229,601,0,0,0,0,92,72,25.909252,19.43194,0,195,42.625,75.57577,5711.6963,0,0,0,1,0,0,0,0,0,48.714287,51.75,44.666668,0,0,0,0,0,0,4,207,3,134,8192,237,3,20,0.0,0.0,0,0,0.0,0.0,0,0
6,68,1,1,6,6,6,6,6.0,0.0,6,6,6.0,0.0,176470.5882,29411.76471,68.0,0.0,68,68,0,0.0,0.0,0,0,0,0.0,0.0,0,0,0,0,0,0,20,20,14705.883,14705.883,6,6,6.0,0.0,0.0,0,0,0,0,1,1,0,0,1,9.0,6.0,6.0,0,0,0,0,0,0,1,6,1,6,1346,256,0,20,0.0,0.0,0,0,0.0,0.0,0,0
6,64865,4,3,208,134,196,0,52.0,96.04166,128,0,44.666668,72.23111,5272.489016,107.9164418,10810.833,25525.258,62911,27,64865,21621.666,36772.67,64081,27,63512,31756.0,44059.824,62911,601,0,0,0,0,92,72,61.66654,46.249905,0,196,42.75,75.86407,5755.357,0,0,0,1,0,0,0,0,0,48.857143,52.0,44.666668,0,0,0,0,0,0,4,208,3,134,8192,237,3,20,0.0,0.0,0,0,0.0,0.0,0,0
6,11,1,1,6,6,6,6,6.0,0.0,6,6,6.0,0.0,1090909.091,181818.1818,11.0,0.0,11,11,0,0.0,0.0,0,0,0,0.0,0.0,0,0,0,0,0,0,20,20,90909.09,90909.09,6,6,6.0,0.0,0.0,0,0,0,0,1,1,0,0,1,9.0,6.0,6.0,0,0,0,0,0,0,1,6,1,6,237,16393,0,20,0.0,0.0,0,0,0.0,0.0,0,0
6,1000903,3,3,0,18,0,0,0.0,0.0,6,6,6.0,0.0,17.98376066,5.994586888,200180.6,273411.2,499844,360,1000543,500271.5,201.52544,500414,500129,1000305,500152.5,72.832,500204,500101,0,0,0,0,92,60,2.9972935,2.9972935,0,6,2.5714285,3.207135,10.285714,0,0,0,1,0,0,0,0,1,3.0,0.0,6.0,0,0,0,0,0,0,3,0,3,18,8192,0,0,28,0.0,0.0,0,0,0.0,0.0,0,0
6,1000622,3,3,0,18,0,0,0.0,0.0,6,6,6.0,0.0,17.98881096,5.99627032,200124.4,273172.16,499467,562,1000060,500030.0,11.313708,500038,500022,1000051,500025.5,270.8219,500217,499834,0,0,0,0,92,60,2.998135,2.998135,0,6,2.5714285,3.207135,10.285714,0,0,0,1,0,0,0,0,1,3.0,0.0,6.0,0,0,0,0,0,0,3,0,3,18,8192,0,0,28,0.0,0.0,0,0,0.0,0.0,0,0
6,194339,5,4,216,145,198,0,43.2,86.57482,129,0,36.25,61.96975,1857.578767,46.31082799,24292.375,67999.42,192581,4,194339,48584.75,96330.6,193080,19,193111,64370.332,111034.0,192581,4,0,0,0,0,112,92,25.728237,20.58259,0,198,36.1,69.16719,4784.1,0,0,0,1,0,0,0,0,0,40.11111,43.2,36.25,0,0,0,0,0,0,5,216,4,145,8192,237,4,20,0.0,0.0,0,0,0.0,0.0,0,0
6,1045211,3,3,0,18,0,0,0.0,0.0,6,6,6.0,0.0,17.22140314,5.740467714,209042.2,285362.34,528173,569,1044642,522321.0,9483.716,529027,515615,1044357,522178.5,9310.475,528762,515595,0,0,0,0,92,60,2.8702338,2.8702338,0,6,2.5714285,3.207135,10.285714,0,0,0,1,0,0,0,0,1,3.0,0.0,6.0,0,0,0,0,0,0,3,0,3,18,8192,0,0,28,0.0,0.0,0,0,0.0,0.0,0,0
6,75962,4,3,206,134,194,0,51.5,95.0421,128,0,44.666668,72.23111,4475.922172,92.15133883,12660.333,29809.734,73505,88,75962,25320.666,43142.566,75136,88,74319,37159.5,51400.3,73505,814,0,0,0,0,92,72,52.65791,39.49343,0,194,42.5,75.28802,5668.2856,0,0,0,1,0,0,0,0,0,48.57143,51.5,44.666668,0,0,0,0,0,0,4,206,3,134,8192,237,3,20,0.0,0.0,0,0,0.0,0.0,0,0
6,65995,4,3,207,134,195,0,51.75,95.54188,128,0,44.666668,72.23111,5167.05811,106.0686416,10999.167,26025.65,64121,40,65995,21998.334,37501.605,65300,40,64719,32359.5,44917.543,64121,598,0,0,0,0,92,72,60.610653,45.45799,0,195,42.625,75.57577,5711.6963,0,0,0,1,0,0,0,0,0,48.714287,51.75,44.666668,0,0,0,0,0,0,4,207,3,134,8192,237,3,20,0.0,0.0,0,0,0.0,0.0,0,0
6,35,1,1,6,6,6,6,6.0,0.0,6,6,6.0,0.0,342857.1429,57142.85714,35.0,0.0,35,35,0,0.0,0.0,0,0,0,0.0,0.0,0,0,0,0,0,0,20,20,28571.428,28571.428,6,6,6.0,0.0,0.0,0,0,0,0,1,1,0,0,1,9.0,6.0,6.0,0,0,0,0,0,0,1,6,1,6,297,256,0,20,0.0,0.0,0,0,0.0,0.0,0,0
6,124557,4,3,210,134,198,0,52.5,97.04123,128,0,44.666668,72.23111,2761.787776,56.19916986,20759.5,49996.965,122814,16,124557,41519.0,71352.36,123909,49,123383,61691.5,86440.266,122814,569,0,0,0,0,92,72,32.11381,24.085358,0,198,43.0,76.44232,5843.4287,0,0,0,1,0,0,0,0,0,49.142857,52.5,44.666668,0,0,0,0,0,0,4,210,3,134,8192,237,3,20,0.0,0.0,0,0,0.0,0.0,0,0
6,201470,5,4,213,145,195,0,42.6,85.233795,129,0,36.25,61.96975,1776.939495,44.67166327,25183.75,70418.766,199460,3,201470,50367.5,99810.79,200083,43,200075,66691.664,114981.16,199460,3,0,0,0,0,112,92,24.81759,19.854073,0,195,35.8,68.389084,4677.067,0,0,0,1,0,0,0,0,0,39.77778,42.6,36.25,0,0,0,0,0,0,5,213,4,145,8192,237,4,20,0.0,0.0,0,0,0.0,0.0,0,0
6,71073,4,3,206,134,194,0,51.5,95.0421,128,0,44.666668,72.23111,4783.813825,98.49028464,11845.5,27918.88,68830,66,71073,23691.0,40362.402,70296,66,69424,34712.0,48250.137,68830,594,0,0,0,0,92,72,56.280163,42.21012,0,194,42.5,75.28802,5668.2856,0,0,0,1,0,0,0,0,0,48.57143,51.5,44.666668,0,0,0,0,0,0,4,206,3,134,8192,237,3,20,0.0,0.0,0,0,0.0,0.0,0,0
6,71845,4,3,206,134,194,0,51.5,95.0421,128,0,44.666668,72.23111,4732.410049,97.43197161,11974.167,28211.871,69557,74,71845,23948.334,40779.594,71035,74,70202,35101.0,48728.14,69557,645,0,0,0,0,92,72,55.67541,41.756557,0,194,42.5,75.28802,5668.2856,0,0,0,1,0,0,0,0,0,48.57143,51.5,44.666668,0,0,0,0,0,0,4,206,3,134,8192,237,3,20,0.0,0.0,0,0,0.0,0.0,0,0
6,64334,4,3,207,134,195,0,51.75,95.54188,128,0,44.666668,72.23111,5300.463208,108.8071626,10722.333,25243.299,62246,48,64334,21444.666,36359.777,63427,71,62812,31406.0,43614.348,62246,566,0,0,0,0,92,72,62.17552,46.63164,0,195,42.625,75.57577,5711.6963,0,0,0,1,0,0,0,0,0,48.714287,51.75,44.666668,0,0,0,0,0,0,4,207,3,134,8192,237,3,20,0.0,0.0,0,0,0.0,0.0,0,0
6,993747,3,3,0,18,0,0,0.0,0.0,6,6,6.0,0.0,18.11326223,6.037754076,198749.4,271540.38,499642,391,993280,496640.0,4798.427,500033,493247,993248,496624.0,4928.534,500109,493139,0,0,0,0,92,60,3.018877,3.018877,0,6,2.5714285,3.207135,10.285714,0,0,0,1,0,0,0,0,1,3.0,0.0,6.0,0,0,0,0,0,0,3,0,3,18,8192,0,0,28,0.0,0.0,0,0,0.0,0.0,0,0
6,997075,3,3,0,18,0,0,0.0,0.0,6,6,6.0,0.0,18.05280445,6.017601484,199415.0,272287.28,498563,404,996671,498335.5,1222.5876,499200,497471,996421,498210.5,1069.8525,498967,497454,0,0,0,0,92,60,3.0088007,3.0088007,0,6,2.5714285,3.207135,10.285714,0,0,0,1,0,0,0,0,1,3.0,0.0,6.0,0,0,0,0,0,0,3,0,3,18,8192,0,0,28,0.0,0.0,0,0,0.0,0.0,0,0
6,1004303,3,3,0,18,0,0,0.0,0.0,6,6,6.0,0.0,17.92287786,5.974292619,200860.6,274347.8,501658,375,1003783,501891.5,200.11122,502033,501750,1003682,501841.0,476.58997,502178,501504,0,0,0,0,92,60,2.9871464,2.9871464,0,6,2.5714285,3.207135,10.285714,0,0,0,1,0,0,0,0,1,3.0,0.0,6.0,0,0,0,0,0,0,3,0,3,18,8192,0,0,28,0.0,0.0,0,0,0.0,0.0,0,0
6,70258,4,3,207,134,195,0,51.75,95.54188,128,0,44.666668,72.23111,4853.53981,99.63278203,11709.667,27772.29,68397,22,70258,23419.334,39964.637,69565,22,68994,34497.0,47941.84,68397,597,0,0,0,0,92,72,56.933018,42.699764,0,195,42.625,75.57577,5711.6963,0,0,0,1,0,0,0,0,0,48.714287,51.75,44.666668,0,0,0,0,0,0,4,207,3,134,8192,237,3,20,0.0,0.0,0,0,0.0,0.0,0,0
6,1029385,3,3,0,18,0,0,0.0,0.0,6,6,6.0,0.0,17.48616893,5.828722975,205877.0,281152.75,515240,398,1028985,514492.5,1619.9817,515638,513347,1028523,514261.5,1949.4934,515640,512883,0,0,0,0,92,60,2.9143615,2.9143615,0,6,2.5714285,3.207135,10.285714,0,0,0,1,0,0,0,0,1,3.0,0.0,6.0,0,0,0,0,0,0,3,0,3,18,8192,0,0,28,0.0,0.0,0,0,0.0,0.0,0,0
6,86644,24,28,73347,284,5840,0,3056.125,2084.705,128,0,10.142858,23.125607,849810.7197,600.1569641,1698.902,10790.687,77239,1,86644,3767.1304,16702.28,80379,47,85232,3156.7407,14806.878,77239,1,0,0,0,0,492,572,276.9955,323.16144,0,5840,1389.2642,2065.4666,4266152.0,0,0,0,1,0,0,0,0,1,1415.9807,3056.125,10.142858,0,0,0,0,0,0,24,73347,28,284,8192,1255,23,20,0.0,0.0,0,0,0.0,0.0,0,0
6,64756,4,3,207,134,195,0,51.75,95.54188,128,0,44.666668,72.23111,5265.921305,108.0980913,10792.667,25517.834,62878,52,64756,21585.334,36765.293,64037,79,63489,31744.5,44029.418,62878,611,0,0,0,0,92,72,61.770336,46.327755,0,195,42.625,75.57577,5711.6963,0,0,0,1,0,0,0,0,0,48.714287,51.75,44.666668,0,0,0,0,0,0,4,207,3,134,8192,237,3,20,0.0,0.0,0,0,0.0,0.0,0,0
6,94191,4,3,210,134,198,0,52.5,97.04123,128,0,44.666668,72.23111,3652.153603,74.31707913,15698.5,37640.445,92530,3,94191,31397.0,53896.938,93631,3,93098,46549.0,65026.953,92530,568,0,0,0,0,92,72,42.466904,31.850176,0,198,43.0,76.44232,5843.4287,0,0,0,1,0,0,0,0,0,49.142857,52.5,44.666668,0,0,0,0,0,0,4,210,3,134,8192,237,3,20,0.0,0.0,0,0,0.0,0.0,0,0
6,63174,4,3,206,134,194,0,51.5,95.0421,128,0,44.666668,72.23111,5381.960933,110.805078,10529.0,24648.596,60837,73,63174,21058.0,35740.0,62325,73,61433,30716.5,42596.82,60837,596,0,0,0,0,92,72,63.31719,47.487892,0,194,42.5,75.28802,5668.2856,0,0,0,1,0,0,0,0,0,48.57143,51.5,44.666668,0,0,0,0,0,0,4,206,3,134,8192,237,3,20,0.0,0.0,0,0,0.0,0.0,0,0
6,1002015,3,3,0,18,0,0,0.0,0.0,6,6,6.0,0.0,17.96380294,5.987934312,200403.0,273527.75,500392,540,1001475,500737.5,365.57422,500996,500479,1001219,500609.5,456.08386,500932,500287,0,0,0,0,92,60,2.993967,2.993967,0,6,2.5714285,3.207135,10.285714,0,0,0,1,0,0,0,0,1,3.0,0.0,6.0,0,0,0,0,0,0,3,0,3,18,8192,0,0,28,0.0,0.0,0,0,0.0,0.0,0,0
6,63175,4,3,207,134,195,0,51.75,95.54188,128,0,44.666668,72.23111,5397.704788,110.8033241,10529.167,24746.738,61039,40,63175,21058.334,35724.566,62307,40,61631,30815.5,42742.484,61039,592,0,0,0,0,92,72,63.316185,47.48714,0,195,42.625,75.57577,5711.6963,0,0,0,1,0,0,0,0,0,48.714287,51.75,44.666668,0,0,0,0,0,0,4,207,3,134,8192,237,3,20,0.0,0.0,0,0,0.0,0.0,0,0
6,68920,4,3,206,134,194,0,51.5,95.0421,128,0,44.666668,72.23111,4933.255949,101.5670342,11486.667,27171.332,66947,79,68920,22973.334,39220.207,68260,79,67613,33806.5,46867.746,66947,666,0,0,0,0,92,72,58.038303,43.52873,0,194,42.5,75.28802,5668.2856,0,0,0,1,0,0,0,0,0,48.57143,51.5,44.666668,0,0,0,0,0,0,4,206,3,134,8192,237,3,20,0.0,0.0,0,0,0.0,0.0,0,0
6,202783,5,4,213,145,195,0,42.6,85.233795,129,0,36.25,61.96975,1765.433986,44.38241864,25347.875,70784.375,200529,30,202783,50695.75,100432.08,201343,30,201381,67127.0,115529.664,200529,244,0,0,0,0,112,92,24.656898,19.72552,0,195,35.8,68.389084,4677.067,0,0,0,1,0,0,0,0,0,39.77778,42.6,36.25,0,0,0,0,0,0,5,213,4,145,8192,237,4,20,0.0,0.0,0,0,0.0,0.0,0,0
6,17,1,1,6,6,6,6,6.0,0.0,6,6,6.0,0.0,705882.3529,117647.0588,17.0,0.0,17,17,0,0.0,0.0,0,0,0,0.0,0.0,0,0,0,0,0,0,20,20,58823.53,58823.53,6,6,6.0,0.0,0.0,0,0,0,0,1,1,0,0,1,9.0,6.0,6.0,0,0,0,0,0,0,1,6,1,6,1210,256,0,20,0.0,0.0,0,0,0.0,0.0,0,0
6,98300,4,3,208,134,196,0,52.0,96.04166,128,0,44.666668,72.23111,3479.145473,71.21057986,16383.333,39275.406,96552,66,98300,32766.666,56341.566,97824,66,97171,48585.5,67834.875,96552,619,0,0,0,0,92,72,40.69176,30.51882,0,196,42.75,75.86407,5755.357,0,0,0,1,0,0,0,0,0,48.857143,52.0,44.666668,0,0,0,0,0,0,4,208,3,134,8192,237,3,20,0.0,0.0,0,0,0.0,0.0,0,0
6,86250,21,23,56958,254,5840,0,2712.2856,2128.9404,128,0,11.043478,25.52624,663327.5362,510.1449275,2005.814,11992.498,78811,2,86250,4312.5,18223.055,81730,2,85278,3876.2727,16737.814,78811,2,0,0,0,0,432,472,243.47826,266.66666,0,5840,1271.3778,1979.5155,3918481.5,0,0,0,1,0,0,0,0,1,1300.2727,2712.2856,11.043478,0,0,0,0,0,0,21,56958,23,254,8192,1118,20,20,0.0,0.0,0,0,0.0,0.0,0,0
6,14,1,1,6,6,6,6,6.0,0.0,6,6,6.0,0.0,857142.8571,142857.1429,14.0,0.0,14,14,0,0.0,0.0,0,0,0,0.0,0.0,0,0,0,0,0,0,20,20,71428.57,71428.57,6,6,6.0,0.0,0.0,0,0,0,0,1,0,0,0,1,9.0,6.0,6.0,0,0,0,0,0,0,1,6,1,6,16393,237,0,20,0.0,0.0,0,0,0.0,0.0,0,0
6,34,1,1,6,6,6,6,6.0,0.0,6,6,6.0,0.0,352941.1765,58823.52941,34.0,0.0,34,34,0,0.0,0.0,0,0,0,0.0,0.0,0,0,0,0,0,0,20,20,29411.766,29411.766,6,6,6.0,0.0,0.0,0,0,0,0,1,1,0,0,1,9.0,6.0,6.0,0,0,0,0,0,0,1,6,1,6,1128,256,0,20,0.0,0.0,0,0,0.0,0.0,0,0
6,1025028,3,3,0,18,0,0,0.0,0.0,6,6,6.0,0.0,17.56049591,5.853498636,205005.6,279948.12,514121,486,1024542,512271.0,3572.3035,514797,509745,1024497,512248.5,3335.4226,514607,509890,0,0,0,0,92,60,2.9267492,2.9267492,0,6,2.5714285,3.207135,10.285714,0,0,0,1,0,0,0,0,1,3.0,0.0,6.0,0,0,0,0,0,0,3,0,3,18,8192,0,0,28,0.0,0.0,0,0,0.0,0.0,0,0
6,80105,4,3,206,134,194,0,51.5,95.0421,128,0,44.666668,72.23111,4244.429187,87.38530678,13350.833,31571.773,77792,41,80105,26701.666,45582.24,79334,41,78429,39214.5,54556.824,77792,637,0,0,0,0,92,72,49.93446,37.450848,0,194,42.5,75.28802,5668.2856,0,0,0,1,0,0,0,0,0,48.57143,51.5,44.666668,0,0,0,0,0,0,4,206,3,134,8192,237,3,20,0.0,0.0,0,0,0.0,0.0,0,0
6,48,1,1,6,6,6,6,6.0,0.0,6,6,6.0,0.0,250000.0,41666.66667,48.0,0.0,48,48,0,0.0,0.0,0,0,0,0.0,0.0,0,0,0,0,0,0,20,20,20833.334,20833.334,6,6,6.0,0.0,0.0,0,0,0,0,1,1,0,0,1,9.0,6.0,6.0,0,0,0,0,0,0,1,6,1,6,1255,16393,0,20,0.0,0.0,0,0,0.0,0.0,0,0
6,1045087,3,3,0,18,0,0,0.0,0.0,6,6,6.0,0.0,17.22344647,5.741148823,209017.4,285524.47,528391,481,1044606,522303.0,9468.16,528998,515608,1044480,522240.0,9400.277,528887,515593,0,0,0,0,92,60,2.8705745,2.8705745,0,6,2.5714285,3.207135,10.285714,0,0,0,1,0,0,0,0,1,3.0,0.0,6.0,0,0,0,0,0,0,3,0,3,18,8192,0,0,28,0.0,0.0,0,0,0.0,0.0,0,0
6,1003669,3,3,0,18,0,0,0.0,0.0,6,6,6.0,0.0,17.93419942,5.978066474,200733.8,274095.75,501312,368,1003134,501567.0,749.5332,502097,501037,1002884,501442.0,336.58282,501680,501204,0,0,0,0,92,60,2.9890332,2.9890332,0,6,2.5714285,3.207135,10.285714,0,0,0,1,0,0,0,0,1,3.0,0.0,6.0,0,0,0,0,0,0,3,0,3,18,8192,0,0,28,0.0,0.0,0,0,0.0,0.0,0,0
6,70098,4,3,208,134,196,0,52.0,96.04166,128,0,44.666668,72.23111,4878.883848,99.86019573,11683.0,27627.902,68075,67,70098,23366.0,39807.254,69330,67,68666,34333.0,47718.395,68075,591,0,0,0,0,92,72,57.06297,42.797226,0,196,42.75,75.86407,5755.357,0,0,0,1,0,0,0,0,0,48.857143,52.0,44.666668,0,0,0,0,0,0,4,208,3,134,8192,237,3,20,0.0,0.0,0,0,0.0,0.0,0,0
6,64980,4,3,208,134,196,0,52.0,96.04166,128,0,44.666668,72.23111,5263.157895,107.725454,10830.0,25561.906,63005,36,64980,21660.0,36859.645,64220,36,63622,31811.0,44114.977,63005,617,0,0,0,0,92,72,61.557404,46.168053,0,196,42.75,75.86407,5755.357,0,0,0,1,0,0,0,0,0,48.857143,52.0,44.666668,0,0,0,0,0,0,4,208,3,134,8192,237,3,20,0.0,0.0,0,0,0.0,0.0,0,0
6,1029595,3,3,0,18,0,0,0.0,0.0,6,6,6.0,0.0,17.48260238,5.827534127,205919.0,281166.38,515092,531,1029024,514512.0,1571.1913,515623,513401,1028942,514471.0,1685.7426,515663,513279,0,0,0,0,92,60,2.913767,2.913767,0,6,2.5714285,3.207135,10.285714,0,0,0,1,0,0,0,0,1,3.0,0.0,6.0,0,0,0,0,0,0,3,0,3,18,8192,0,0,28,0.0,0.0,0,0,0.0,0.0,0,0
6,1001512,3,3,0,18,0,0,0.0,0.0,6,6,6.0,0.0,17.97282509,5.990941696,200302.4,273393.06,503235,561,1000686,500343.0,4883.2793,503796,496890,1000951,500475.5,4708.624,503805,497146,0,0,0,0,92,60,2.9954708,2.9954708,0,6,2.5714285,3.207135,10.285714,0,0,0,1,0,0,0,0,1,3.0,0.0,6.0,0,0,0,0,0,0,3,0,3,18,8192,0,0,28,0.0,0.0,0,0,0.0,0.0,0,0
6,90,1,1,6,6,6,6,6.0,0.0,6,6,6.0,0.0,133333.3333,22222.22222,90.0,0.0,90,90,0,0.0,0.0,0,0,0,0.0,0.0,0,0,0,0,0,0,20,20,11111.111,11111.111,6,6,6.0,0.0,0.0,0,0,0,0,1,1,0,0,1,9.0,6.0,6.0,0,0,0,0,0,0,1,6,1,6,237,256,0,20,0.0,0.0,0,0,0.0,0.0,0,0
6,992846,3,3,0,18,0,0,0.0,0.0,6,6,6.0,0.0,18.12969987,6.043233291,198569.2,271211.38,499552,484,992279,496139.5,5510.483,500036,492243,992353,496176.5,5575.537,500119,492234,0,0,0,0,92,60,3.0216167,3.0216167,0,6,2.5714285,3.207135,10.285714,0,0,0,1,0,0,0,0,1,3.0,0.0,6.0,0,0,0,0,0,0,3,0,3,18,8192,0,0,28,0.0,0.0,0,0,0.0,0.0,0,0
6,105752,4,3,208,134,196,0,52.0,96.04166,128,0,44.666668,72.23111,3233.98139,66.19260156,17625.334,42192.832,103749,24,105752,35250.668,60297.867,104875,24,104328,52164.0,72952.2,103749,579,0,0,0,0,92,72,37.824345,28.368258,0,196,42.75,75.86407,5755.357,0,0,0,1,0,0,0,0,0,48.857143,52.0,44.666668,0,0,0,0,0,0,4,208,3,134,8192,237,3,20,0.0,0.0,0,0,0.0,0.0,0,0
6,76420,4,3,207,134,195,0,51.75,95.54188,128,0,44.666668,72.23111,4462.182675,91.59905784,12736.667,30340.154,74666,57,76420,25473.334,43531.406,75738,57,75154,37577.0,52451.766,74666,488,0,0,0,0,92,72,52.34232,39.25674,0,195,42.625,75.57577,5711.6963,0,0,0,1,0,0,0,0,0,48.714287,51.75,44.666668,0,0,0,0,0,0,4,207,3,134,8192,237,3,20,0.0,0.0,0,0,0.0,0.0,0,0
6,221092,5,4,212,145,194,0,42.4,84.78679,129,0,36.25,61.96975,1614.712427,40.70703599,27636.5,77176.586,218637,3,221092,55273.0,109350.05,219297,70,219348,73116.0,126025.375,218637,3,0,0,0,0,112,92,22.61502,18.092016,0,194,35.7,68.13068,4641.789,0,0,0,1,0,0,0,0,0,39.666668,42.4,36.25,0,0,0,0,0,0,5,212,4,145,8192,237,4,20,0.0,0.0,0,0,0.0,0.0,0,0
6,71930,4,3,207,134,195,0,51.75,95.54188,128,0,44.666668,72.23111,4740.720145,97.31683581,11988.333,28205.734,69558,49,71930,23976.666,40735.855,71012,49,70151,35075.5,48765.62,69558,593,0,0,0,0,92,72,55.60962,41.707214,0,195,42.625,75.57577,5711.6963,0,0,0,1,0,0,0,0,0,48.714287,51.75,44.666668,0,0,0,0,0,0,4,207,3,134,8192,237,3,20,0.0,0.0,0,0,0.0,0.0,0,0
6,40,1,1,6,6,6,6,6.0,0.0,6,6,6.0,0.0,300000.0,50000.0,40.0,0.0,40,40,0,0.0,0.0,0,0,0,0.0,0.0,0,0,0,0,0,0,20,20,25000.0,25000.0,6,6,6.0,0.0,0.0,0,0,0,0,1,1,0,0,1,9.0,6.0,6.0,0,0,0,0,0,0,1,6,1,6,255,256,0,20,0.0,0.0,0,0,0.0,0.0,0,0
6,63982,4,3,206,134,194,0,51.5,95.0421,128,0,44.666668,72.23111,5313.994561,109.4057704,10663.667,25074.979,61843,78,63982,21327.334,36335.67,63283,80,62441,31220.5,43306.754,61843,598,0,0,0,0,92,72,62.517582,46.888187,0,194,42.5,75.28802,5668.2856,0,0,0,1,0,0,0,0,0,48.57143,51.5,44.666668,0,0,0,0,0,0,4,206,3,134,8192,237,3,20,0.0,0.0,0,0,0.0,0.0,0,0
6,1030405,3,3,0,18,0,0,0.0,0.0,6,6,6.0,0.0,17.46885933,5.822953111,206081.0,281271.25,515309,583,1029822,514911.0,1407.1425,515906,513916,1029574,514787.0,1562.7059,515892,513682,0,0,0,0,92,60,2.9114766,2.9114766,0,6,2.5714285,3.207135,10.285714,0,0,0,1,0,0,0,0,1,3.0,0.0,6.0,0,0,0,0,0,0,3,0,3,18,8192,0,0,28,0.0,0.0,0,0,0.0,0.0,0,0
6,69152,4,3,207,134,195,0,51.75,95.54188,128,0,44.666668,72.23111,4931.166127,101.2262841,11525.333,27191.64,67026,19,69152,23050.666,39291.664,68419,19,67640,33820.0,46960.375,67026,614,0,0,0,0,92,72,57.84359,43.382694,0,195,42.625,75.57577,5711.6963,0,0,0,1,0,0,0,0,0,48.714287,51.75,44.666668,0,0,0,0,0,0,4,207,3,134,8192,237,3,20,0.0,0.0,0,0,0.0,0.0,0,0
6,1029553,3,3,0,18,0,0,0.0,0.0,6,6,6.0,0.0,17.48331557,5.827771858,205910.6,280948.1,515164,476,1028994,514497.0,1616.446,515640,513354,1028378,514189.0,2169.4036,515723,512655,0,0,0,0,92,60,2.9138858,2.9138858,0,6,2.5714285,3.207135,10.285714,0,0,0,1,0,0,0,0,1,3.0,0.0,6.0,0,0,0,0,0,0,3,0,3,18,8192,0,0,28,0.0,0.0,0,0,0.0,0.0,0,0
6,65459,4,3,207,134,195,0,51.75,95.54188,128,0,44.666668,72.23111,5209.367696,106.9371668,10909.833,25645.492,63254,24,65459,21819.666,37061.402,64612,24,63864,31932.0,44295.996,63254,610,0,0,0,0,92,72,61.106953,45.830215,0,195,42.625,75.57577,5711.6963,0,0,0,1,0,0,0,0,0,48.714287,51.75,44.666668,0,0,0,0,0,0,4,207,3,134,8192,237,3,20,0.0,0.0,0,0,0.0,0.0,0,0
6,69400,4,3,208,134,196,0,52.0,96.04166,128,0,44.666668,72.23111,4927.95389,100.8645533,11566.667,27320.148,67330,34,69400,23133.334,39462.293,68699,34,67949,33974.5,47171.8,67330,619,0,0,0,0,92,72,57.636887,43.227665,0,196,42.75,75.86407,5755.357,0,0,0,1,0,0,0,0,0,48.857143,52.0,44.666668,0,0,0,0,0,0,4,208,3,134,8192,237,3,20,0.0,0.0,0,0,0.0,0.0,0,0
6,23,1,1,6,6,6,6,6.0,0.0,6,6,6.0,0.0,521739.1304,86956.52174,23.0,0.0,23,23,0,0.0,0.0,0,0,0,0.0,0.0,0,0,0,0,0,0,20,20,43478.26,43478.26,6,6,6.0,0.0,0.0,0,0,0,0,1,1,0,0,1,9.0,6.0,6.0,0,0,0,0,0,0,1,6,1,6,237,16393,0,20,0.0,0.0,0,0,0.0,0.0,0,0
6,76288,4,3,1172,134,1160,0,293.0,578.0069,128,0,44.666668,72.23111,17119.33725,91.75755034,12714.667,30243.934,74447,18,76288,25429.334,43533.96,75697,18,75007,37503.5,52246.0,74447,560,0,0,0,0,92,72,52.432884,39.324665,0,1160,163.25,405.12564,164126.78,0,0,0,1,0,0,0,0,0,186.57143,293.0,44.666668,0,0,0,0,0,0,4,1172,3,134,8192,251,3,20,0.0,0.0,0,0,0.0,0.0,0,0
6,349000,4,0,24,0,6,6,6.0,0.0,0,0,0.0,0.0,68.76790831,11.46131805,116333.336,200641.08,348013,3,349000,116333.336,200641.08,348013,3,0,0.0,0.0,0,0,0,0,0,0,80,0,11.461318,0.0,6,6,6.0,0.0,0.0,0,0,0,0,1,0,0,0,0,7.5,6.0,0.0,0,0,0,0,0,0,4,24,0,0,256,-1,3,20,0.0,0.0,0,0,0.0,0.0,0,0
6,105376,3,6,26,11601,20,0,8.666667,10.263203,4380,0,1933.5,1998.0254,110338.2174,85.40844215,13172.0,30951.098,88547,2,15996,7998.0,11308.052,15994,2,105289,21057.8,38345.715,88547,159,0,0,0,0,72,132,28.46948,56.93896,0,4380,1162.7,1791.1134,3208087.0,0,0,0,1,0,0,0,0,2,1291.8889,8.666667,1933.5,0,0,0,0,0,0,3,26,6,11601,8192,229,2,20,0.0,0.0,0,0,0.0,0.0,0,0
6,103253,3,5,26,11607,20,0,8.666667,10.263203,10135,0,2321.4,4413.202,112665.0073,77.47958897,14750.429,38612.23,102314,4,689,344.5,335.87573,582,107,103156,25789.0,51017.367,102314,4,0,0,0,0,72,112,29.054846,48.424744,0,10135,1292.5555,3350.635,11200000.0,0,0,0,1,0,0,0,0,1,1454.125,8.666667,2321.4,0,0,0,0,0,0,3,26,5,11607,8192,229,2,20,0.0,0.0,0,0,0.0,0.0,0,0
6,82518409,8,5,56,11607,20,0,7.0,5.656854,5840,0,2321.4,3173.3738,141.3381589,0.157540604,6876534.0,23300000.0,81000000,4,81300000,11600000.0,30600000.0,81000000,4,1206263,301565.75,602463.6,1205261,4,0,0,0,0,172,112,0.096948065,0.06059254,0,5840,833.5,2103.1155,4423095.0,0,0,0,0,1,0,0,0,0,897.61536,7.0,2321.4,0,0,0,0,0,0,8,56,5,11607,256,229,6,20,307899.0,0.0,307899,307899,81000000.0,0.0,81000000,81000000
6,485852,3,5,26,11607,20,0,8.666667,10.263203,7215,0,2321.4,3327.7698,23943.50543,16.46591966,69407.43,183204.98,484877,4,701,350.5,454.66965,672,29,485808,121452.0,242283.56,484877,4,0,0,0,0,72,112,6.17472,10.2912,0,7215,1292.5555,2650.5857,7025604.5,0,0,0,1,0,0,0,0,1,1454.125,8.666667,2321.4,0,0,0,0,0,0,3,26,5,11607,8192,229,2,20,0.0,0.0,0,0,0.0,0.0,0,0
6,1111435,3,5,26,11607,20,0,8.666667,10.263203,10135,0,2321.4,4413.202,10466.64897,7.197901812,158776.42,419616.94,1110378,1,776,388.0,547.30066,775,1,1111388,277847.0,555020.75,1110378,4,0,0,0,0,72,112,2.6992133,4.4986887,0,10135,1292.5555,3350.635,11200000.0,0,0,0,1,0,0,0,0,1,1454.125,8.666667,2321.4,0,0,0,0,0,0,3,26,5,11607,8192,229,2,20,0.0,0.0,0,0,0.0,0.0,0,0
6,1310437,3,4,26,11601,20,0,8.666667,10.263203,5840,0,2900.25,3345.637,8872.612724,5.341729515,218406.17,518189.84,1275790,27,34446,17223.0,24074.158,34246,200,1310410,436803.34,726786.2,1275790,157,0,0,0,0,72,92,2.2893126,3.0524168,0,5840,1453.375,2681.3564,7189672.5,0,0,0,1,0,0,0,0,1,1661.0,8.666667,2900.25,0,0,0,0,0,0,3,26,4,11601,8192,229,2,20,0.0,0.0,0,0,0.0,0.0,0,0
6,5148216,4,0,24,0,6,6,6.0,0.0,0,0,0.0,0.0,4.661809062,0.776968177,1716072.0,2971339.2,5147079,353,5148216,1716072.0,2971339.2,5147079,353,0,0.0,0.0,0,0,0,0,0,0,80,0,0.7769682,0.0,6,6,6.0,0.0,0.0,0,0,0,0,1,0,0,0,0,7.5,6.0,0.0,0,0,0,0,0,0,4,24,0,0,256,-1,3,20,1137.0,0.0,1137,1137,5147079.0,0.0,5147079,5147079
6,494099,3,6,26,11607,20,0,8.666667,10.263203,5840,0,1934.5,2538.9192,23543.86469,18.21497311,61762.375,174292.12,493113,3,816,408.0,572.7565,813,3,493966,98793.2,220431.72,493113,3,0,0,0,0,72,132,6.0716577,12.143315,0,5840,1163.3,2138.329,4572451.5,0,0,0,1,0,0,0,0,2,1292.5555,8.666667,1934.5,0,0,0,0,0,0,3,26,6,11607,8192,229,2,20,0.0,0.0,0,0,0.0,0.0,0,0
6,1307090,3,5,26,11601,20,0,8.666667,10.263203,5840,0,2320.2,2436.833,8895.33238,6.120466073,186727.14,481315.22,1277982,28,28712,14356.0,20163.857,28614,98,1307062,326765.5,634287.4,1277982,150,0,0,0,0,72,112,2.2951748,3.8252914,0,5840,1291.8889,2110.9507,4456113.0,0,0,0,1,0,0,0,0,1,1453.375,8.666667,2320.2,0,0,0,0,0,0,3,26,5,11601,8192,229,2,20,0.0,0.0,0,0,0.0,0.0,0,0
6,73895992,9,7,62,11601,20,0,6.888889,5.3019915,4380,0,1657.2858,1561.9694,157.8299402,0.216520539,4926399.5,17300000.0,67100000,1,73700000,9212991.0,23500000.0,67100000,1,229931,38321.832,76462.51,191284,15,0,0,0,0,192,152,0.1217928,0.09472774,0,4380,686.41174,1271.2103,1615975.6,0,0,0,0,1,0,0,0,0,729.3125,6.888889,1657.2858,0,0,0,0,0,0,9,62,7,11601,256,229,7,20,1000.0,0.0,1000,1000,36800000.0,42800000.0,67100000,6586832
6,499715,3,5,26,11601,20,0,8.666667,10.263203,5840,0,2320.2,2436.833,23267.26234,16.0091252,71387.86,184956.66,490778,59,8149,4074.5,5633.5195,8058,91,499656,124914.0,243937.38,490778,161,0,0,0,0,72,112,6.003422,10.005703,0,5840,1291.8889,2110.9507,4456113.0,0,0,0,1,0,0,0,0,1,1453.375,8.666667,2320.2,0,0,0,0,0,0,3,26,5,11601,8192,229,2,20,0.0,0.0,0,0,0.0,0.0,0,0
6,710820,3,6,26,11607,20,0,8.666667,10.263203,5755,0,1934.5,2529.1245,16365.60592,12.66143327,88852.5,250832.19,709630,3,1005,502.5,706.39966,1002,3,710745,142149.0,317231.8,709630,3,0,0,0,0,72,132,4.2204776,8.440955,0,5755,1163.3,2131.8708,4544874.0,0,0,0,1,0,0,0,0,2,1292.5555,8.666667,1934.5,0,0,0,0,0,0,3,26,6,11607,8192,229,2,20,0.0,0.0,0,0,0.0,0.0,0,0
6,75651377,8,4,56,11607,20,0,7.0,5.656854,11595,0,2901.75,5795.5005,154.1677159,0.158622361,6877398.0,20600000.0,68900000,3,74200000,10600000.0,25800000.0,68900000,3,1416629,472209.66,817146.44,1415769,4,0,0,0,0,172,92,0.10574824,0.05287412,0,11595,897.61536,3214.1675,10300000.0,0,0,0,0,1,0,0,0,0,972.4167,7.0,2901.75,0,0,0,0,0,0,8,56,4,11607,256,229,6,20,1002.0,0.0,1002,1002,37100000.0,45000000.0,68900000,5319875
6,80365295,9,5,62,11601,20,0,6.888889,5.3019915,4380,0,2320.2,2207.3413,145.1248328,0.174204549,6181946.0,19400000.0,70000000,1,80200000,10000000.0,24500000.0,70000000,1,221484,55371.0,96401.91,199173,163,0,0,0,0,192,112,0.11198864,0.06221591,0,4380,777.93335,1632.8994,2666360.2,0,0,0,0,1,0,0,0,0,833.5,6.888889,2320.2,0,0,0,0,0,0,9,62,5,11601,256,229,7,20,1007.0,0.0,1007,1007,40100000.0,42300000.0,70000000,10200000
6,6068862,4,0,24,0,6,6,6.0,0.0,0,0,0.0,0.0,3.954612908,0.659102151,2022954.0,3502967.2,6067832,1,6068862,2022954.0,3502967.2,6067832,1,0,0.0,0.0,0,0,0,0,0,0,80,0,0.65910214,0.0,6,6,6.0,0.0,0.0,0,0,0,0,1,0,0,0,0,7.5,6.0,0.0,0,0,0,0,0,0,4,24,0,0,256,-1,3,20,1030.0,0.0,1030,1030,6067832.0,0.0,6067832,6067832
6,1769035,3,5,26,11601,20,0,8.666667,10.263203,7215,0,2320.2,2991.5557,6572.509871,4.522239526,252719.28,665295.06,1761456,28,7286,3643.0,4666.905,6943,343,1768931,442232.75,879488.5,1761456,71,0,0,0,0,72,112,1.6958398,2.8263998,0,7215,1291.8889,2441.667,5961738.0,0,0,0,1,0,0,0,0,1,1453.375,8.666667,2320.2,0,0,0,0,0,0,3,26,5,11601,8192,229,2,20,0.0,0.0,0,0,0.0,0.0,0,0
6,1411910,3,6,26,11607,20,0,8.666667,10.263203,4380,0,1934.5,2177.345,8239.193716,6.374343974,176488.75,498840.94,1411057,3,697,348.5,424.97116,649,48,1411855,282371.0,630954.75,1411057,3,0,0,0,0,72,132,2.1247814,4.2495627,0,4380,1163.3,1903.9626,3625073.8,0,0,0,1,0,0,0,0,2,1292.5555,8.666667,1934.5,0,0,0,0,0,0,3,26,6,11607,8192,229,2,20,0.0,0.0,0,0,0.0,0.0,0,0
6,85831325,8,4,56,11601,20,0,7.0,5.656854,8760,0,2900.25,4128.3193,135.8128865,0.139809097,7802847.5,23800000.0,79500000,1,85100000,12200000.0,29800000.0,79500000,1,752635,250878.33,429273.6,746551,344,0,0,0,0,172,92,0.09320606,0.04660303,0,8760,897.1539,2488.507,6192667.5,0,0,0,0,1,0,0,0,0,971.9167,7.0,2900.25,0,0,0,0,0,0,8,56,4,11601,256,229,6,20,3066.0,0.0,3066,3066,42500000.0,52200000.0,79500000,5613845
6,4596928,4,0,24,0,6,6,6.0,0.0,0,0,0.0,0.0,5.220877943,0.870146324,1532309.4,2648556.5,4590598,996,4596928,1532309.4,2648556.5,4590598,996,0,0.0,0.0,0,0,0,0,0,0,80,0,0.87014633,0.0,6,6,6.0,0.0,0.0,0,0,0,0,1,0,0,0,0,7.5,6.0,0.0,0,0,0,0,0,0,4,24,0,0,256,-1,3,20,0.0,0.0,0,0,0.0,0.0,0,0
6,526466,3,5,26,11607,20,0,8.666667,10.263203,10135,0,2321.4,4413.202,22096.39369,15.19566316,75209.43,198498.8,525362,3,846,423.0,499.21738,776,70,526449,131612.25,262500.12,525362,3,0,0,0,0,72,112,5.698374,9.49729,0,10135,1292.5555,3350.635,11200000.0,0,0,0,1,0,0,0,0,1,1454.125,8.666667,2321.4,0,0,0,0,0,0,3,26,5,11607,8192,229,2,20,0.0,0.0,0,0,0.0,0.0,0,0
6,1649468,3,5,26,11607,20,0,8.666667,10.263203,10135,0,2321.4,4413.202,7052.576952,4.850048622,235638.28,622948.25,1648352,7,845,422.5,429.2138,726,119,1649420,412355.0,823998.06,1648352,7,0,0,0,0,72,112,1.8187683,3.0312803,0,10135,1292.5555,3350.635,11200000.0,0,0,0,1,0,0,0,0,1,1454.125,8.666667,2321.4,0,0,0,0,0,0,3,26,5,11607,8192,229,2,20,0.0,0.0,0,0,0.0,0.0,0,0
6,882581,3,6,26,11601,20,0,8.666667,10.263203,4380,0,1933.5,1757.7899,13173.86166,10.19736432,110322.625,306951.97,869920,15,12352,6176.0,8471.14,12166,186,882429,176485.8,387677.3,869920,15,0,0,0,0,72,132,3.3991215,6.798243,0,4380,1162.7,1645.2418,2706820.5,0,0,0,1,0,0,0,0,2,1291.8889,8.666667,1933.5,0,0,0,0,0,0,3,26,6,11601,8192,229,2,20,0.0,0.0,0,0,0.0,0.0,0,0
6,99034655,8,6,56,11607,20,0,7.0,5.656854,5840,0,1934.5,2538.9192,117.7668565,0.141364657,7618050.5,27400000.0,98900000,1,99000000,14100000.0,37400000.0,98900000,1,72734,14546.8,32002.96,71792,3,0,0,0,0,172,132,0.080779806,0.060584854,0,5840,777.93335,1804.899,3257660.2,0,0,0,0,1,0,0,0,0,833.5,7.0,1934.5,0,0,0,0,0,0,8,56,6,11607,256,229,6,20,43978.0,0.0,43978,43978,98900000.0,0.0,98900000,98900000
6,11771620,4,0,24,0,6,6,6.0,0.0,0,0,0.0,0.0,2.038801796,0.339800299,3923873.2,6795766.0,11800000,323,11800000,3923873.2,6795766.0,11800000,323,0,0.0,0.0,0,0,0,0,0,0,80,0,0.3398003,0.0,6,6,6.0,0.0,0.0,0,0,0,0,1,0,0,0,0,7.5,6.0,0.0,0,0,0,0,0,0,4,24,0,0,256,-1,3,20,672.0,0.0,672,672,11800000.0,0.0,11800000,11800000
6,90744124,9,5,62,11607,20,0,6.888889,5.3019915,5840,0,2321.4,3173.3738,128.5923483,0.154279962,6980317.0,24300000.0,87800000,1,90600000,11300000.0,30900000.0,87800000,1,174780,43695.0,86696.18,173738,2,0,0,0,0,192,112,0.099179976,0.055099986,0,5840,778.3333,2037.8445,4152810.2,0,0,0,0,1,0,0,0,0,833.9286,6.888889,2321.4,0,0,0,0,0,0,9,62,5,11607,256,229,7,20,2721959.0,0.0,2721959,2721959,87800000.0,0.0,87800000,87800000
6,1354396,3,4,26,11601,20,0,8.666667,10.263203,8760,0,2900.25,4128.3193,8584.638466,5.168355488,225732.67,548813.1,1345980,148,8011,4005.5,4267.3896,7023,988,1354248,451416.0,774725.2,1345980,189,0,0,0,0,72,92,2.2150095,2.953346,0,8760,1453.375,3113.9526,9696701.0,0,0,0,1,0,0,0,0,1,1661.0,8.666667,2900.25,0,0,0,0,0,0,3,26,4,11601,8192,229,2,20,0.0,0.0,0,0,0.0,0.0,0,0
6,1610050,3,6,26,11607,20,0,8.666667,10.263203,5840,0,1934.5,2538.9192,7225.241452,5.589888513,201256.25,568879.06,1609160,2,731,365.5,379.71634,634,97,1610006,322001.2,719543.7,1609160,2,0,0,0,0,72,132,1.8632962,3.7265923,0,5840,1163.3,2138.329,4572451.5,0,0,0,1,0,0,0,0,2,1292.5555,8.666667,1934.5,0,0,0,0,0,0,3,26,6,11607,8192,229,2,20,0.0,0.0,0,0,0.0,0.0,0,0
6,2564983,5,0,30,0,6,6,6.0,0.0,0,0,0.0,0.0,11.69598395,1.949330658,641245.75,1280474.2,2561956,1,2564983,641245.75,1280474.2,2561956,1,0,0.0,0.0,0,0,0,0,0,0,100,0,1.9493307,0.0,6,6,6.0,0.0,0.0,0,0,0,0,1,0,0,0,0,7.2,6.0,0.0,0,0,0,0,0,0,5,30,0,0,256,-1,4,20,0.0,0.0,0,0,0.0,0.0,0,0
6,1026269,3,5,26,11607,20,0,8.666667,10.263203,10135,0,2321.4,4413.202,11335.23472,7.795227177,146609.86,387489.34,1025353,3,632,316.0,442.64883,629,3,1026169,256542.25,512540.56,1025353,4,0,0,0,0,72,112,2.9232101,4.872017,0,10135,1292.5555,3350.635,11200000.0,0,0,0,1,0,0,0,0,1,1454.125,8.666667,2321.4,0,0,0,0,0,0,3,26,5,11607,8192,229,2,20,0.0,0.0,0,0,0.0,0.0,0,0
6,97009588,8,5,56,11601,20,0,7.0,5.656854,7300,0,2320.2,3022.508,120.1633801,0.134007373,8084132.5,26400000.0,91900000,4,97000000,13900000.0,34400000.0,91900000,4,32281,8070.25,11699.544,25033,159,0,0,0,0,172,112,0.08246607,0.0515413,0,7300,833.0714,2033.2505,4134107.8,0,0,0,0,1,0,0,0,0,897.1539,7.0,2320.2,0,0,0,0,0,0,8,56,5,11601,256,229,6,20,2478.0,0.0,2478,2478,48500000.0,61300000.0,91900000,5120387
6,979333,3,5,26,11607,20,0,8.666667,10.263203,5840,0,2321.4,3173.3738,11878.49281,8.168825109,139904.72,369719.25,978349,3,746,373.0,414.36456,666,80,979306,244826.5,489015.12,978349,3,0,0,0,0,72,112,3.0633094,5.1055155,0,5840,1292.5555,2554.1592,6523729.5,0,0,0,1,0,0,0,0,1,1454.125,8.666667,2321.4,0,0,0,0,0,0,3,26,5,11607,8192,229,2,20,0.0,0.0,0,0,0.0,0.0,0,0
6,4653457,4,0,24,0,6,6,6.0,0.0,0,0,0.0,0.0,5.157456059,0.85957601,1551152.4,2686116.0,4652812,312,4653457,1551152.4,2686116.0,4652812,312,0,0.0,0.0,0,0,0,0,0,0,80,0,0.859576,0.0,6,6,6.0,0.0,0.0,0,0,0,0,1,0,0,0,0,7.5,6.0,0.0,0,0,0,0,0,0,4,24,0,0,256,-1,3,20,0.0,0.0,0,0,0.0,0.0,0,0
6,8123787,5,0,30,0,6,6,6.0,0.0,0,0,0.0,0.0,3.692859008,0.615476501,2030946.8,4061230.2,8122792,3,8123787,2030946.8,4061230.2,8122792,3,0,0.0,0.0,0,0,0,0,0,0,100,0,0.6154765,0.0,6,6,6.0,0.0,0.0,0,0,0,0,1,0,0,0,0,7.2,6.0,0.0,0,0,0,0,0,0,5,30,0,0,256,-1,4,20,995.0,0.0,995,995,8122792.0,0.0,8122792,8122792
6,583653,3,4,26,11601,20,0,8.666667,10.263203,8760,0,2900.25,4128.3193,19921.08325,11.9934276,97275.5,235177.95,577309,32,6069,3034.5,3837.4685,5748,321,583621,194540.33,331500.7,577309,185,0,0,0,0,72,92,5.1400404,6.8533874,0,8760,1453.375,3113.9526,9696701.0,0,0,0,1,0,0,0,0,1,1661.0,8.666667,2900.25,0,0,0,0,0,0,3,26,4,11601,8192,229,2,20,0.0,0.0,0,0,0.0,0.0,0,0
6,6464412,4,0,24,0,6,6,6.0,0.0,0,0,0.0,0.0,3.712634653,0.618772442,2154804.0,3731368.2,6463417,3,6464412,2154804.0,3731368.2,6463417,3,0,0.0,0.0,0,0,0,0,0,0,80,0,0.61877245,0.0,6,6,6.0,0.0,0.0,0,0,0,0,1,0,0,0,0,7.5,6.0,0.0,0,0,0,0,0,0,4,24,0,0,256,-1,3,20,995.0,0.0,995,995,6463417.0,0.0,6463417,6463417
6,587849,3,6,26,11601,20,0,8.666667,10.263203,4380,0,1933.5,1757.7899,19778.8888,15.31005411,73481.125,203393.2,576772,1,10580,5290.0,7479.7754,10579,1,587819,117563.8,256745.33,576772,18,0,0,0,0,72,132,5.1033516,10.206703,0,4380,1162.7,1645.2418,2706820.5,0,0,0,1,0,0,0,0,2,1291.8889,8.666667,1933.5,0,0,0,0,0,0,3,26,6,11601,8192,229,2,20,0.0,0.0,0,0,0.0,0.0,0,0
6,188415,3,4,26,11607,20,0,8.666667,10.263203,11595,0,2901.75,5795.5005,61741.36879,37.15203142,31402.5,76377.74,187307,6,969,484.5,529.623,859,110,188292,62764.0,107858.5,187307,6,0,0,0,0,72,92,15.922299,21.229733,0,11595,1454.125,4097.5376,16800000.0,0,0,0,1,0,0,0,0,1,1661.8572,8.666667,2901.75,0,0,0,0,0,0,3,26,4,11607,8192,229,2,20,0.0,0.0,0,0,0.0,0.0,0,0
6,11121206,5,0,30,0,6,6,6.0,0.0,0,0,0.0,0.0,2.697549169,0.449591528,2780301.5,5559930.5,11100000,1,11100000,2780301.5,5559930.5,11100000,1,0,0.0,0.0,0,0,0,0,0,0,100,0,0.44959152,0.0,6,6,6.0,0.0,0.0,0,0,0,0,1,0,0,0,0,7.2,6.0,0.0,0,0,0,0,0,0,5,30,0,0,256,-1,4,20,1009.0,0.0,1009,1009,11100000.0,0.0,11100000,11100000
6,8069776,4,0,24,0,6,6,6.0,0.0,0,0,0.0,0.0,2.974060247,0.495676708,2689925.2,4659084.0,8069772,1,8069776,2689925.2,4659084.0,8069772,1,0,0.0,0.0,0,0,0,0,0,0,80,0,0.4956767,0.0,6,6,6.0,0.0,0.0,0,0,0,0,1,0,0,0,0,7.5,6.0,0.0,0,0,0,0,0,0,4,24,0,0,256,-1,3,20,4.0,0.0,4,4,8069772.0,0.0,8069772,8069772
6,1002898,3,6,26,11607,20,0,8.666667,10.263203,4380,0,1934.5,2177.345,11599.38498,8.973993367,125362.25,354228.56,1002033,3,750,375.0,506.28845,733,17,1002879,200575.8,448028.3,1002033,3,0,0,0,0,72,132,2.991331,5.982662,0,4380,1163.3,1903.9626,3625073.8,0,0,0,1,0,0,0,0,2,1292.5555,8.666667,1934.5,0,0,0,0,0,0,3,26,6,11607,8192,229,2,20,0.0,0.0,0,0,0.0,0.0,0,0
6,279847,3,5,26,11607,20,0,8.666667,10.263203,7215,0,2321.4,3327.7698,41569.14314,28.58704935,39978.145,105238.984,278637,4,986,493.0,558.6144,888,98,279733,69933.25,139136.5,278637,4,0,0,0,0,72,112,10.720143,17.866905,0,7215,1292.5555,2650.5857,7025604.5,0,0,0,1,0,0,0,0,1,1454.125,8.666667,2321.4,0,0,0,0,0,0,3,26,5,11607,8192,229,2,20,0.0,0.0,0,0,0.0,0.0,0,0
6,6154782,4,0,24,0,6,6,6.0,0.0,0,0,0.0,0.0,3.899406998,0.649901166,2051594.0,3552637.2,6153826,2,6154782,2051594.0,3552637.2,6153826,2,0,0.0,0.0,0,0,0,0,0,0,80,0,0.64990115,0.0,6,6,6.0,0.0,0.0,0,0,0,0,1,0,0,0,0,7.5,6.0,0.0,0,0,0,0,0,0,4,24,0,0,256,-1,3,20,956.0,0.0,956,956,6153826.0,0.0,6153826,6153826
6,584547,3,5,26,11601,20,0,8.666667,10.263203,8760,0,2320.2,3668.897,19890.61615,13.68581141,83506.71,209549.72,558227,51,25854,12927.0,18209.414,25803,51,584486,146121.5,275003.28,558227,190,0,0,0,0,72,112,5.1321793,8.553632,0,8760,1291.8889,2866.6074,8217438.0,0,0,0,1,0,0,0,0,1,1453.375,8.666667,2320.2,0,0,0,0,0,0,3,26,5,11601,8192,229,2,20,0.0,0.0,0,0,0.0,0.0,0,0
6,9922752,4,0,24,0,6,6,6.0,0.0,0,0,0.0,0.0,2.418683849,0.403113975,3307584.0,5728042.5,9921758,3,9922752,3307584.0,5728042.5,9921758,3,0,0.0,0.0,0,0,0,0,0,0,80,0,0.40311396,0.0,6,6,6.0,0.0,0.0,0,0,0,0,1,0,0,0,0,7.5,6.0,0.0,0,0,0,0,0,0,4,24,0,0,256,-1,3,20,994.0,0.0,994,994,9921758.0,0.0,9921758,9921758
6,1872730,3,4,26,11607,20,0,8.666667,10.263203,11595,0,2901.75,5795.5005,6211.78707,3.737858634,312121.66,763672.8,1870962,50,1533,766.5,901.56116,1404,129,1872549,624183.0,1079742.5,1870962,185,0,0,0,0,72,92,1.6019394,2.1359193,0,11595,1454.125,4097.5376,16800000.0,0,0,0,1,0,0,0,0,1,1661.8572,8.666667,2901.75,0,0,0,0,0,0,3,26,4,11607,8192,229,2,20,0.0,0.0,0,0,0.0,0.0,0,0
6,261658,3,4,26,11607,20,0,8.666667,10.263203,11595,0,2901.75,5795.5005,44458.79736,26.75247843,43609.668,106482.12,260965,6,677,338.5,328.80466,571,106,261618,87206.0,150480.05,260965,6,0,0,0,0,72,92,11.465348,15.28713,0,11595,1454.125,4097.5376,16800000.0,0,0,0,1,0,0,0,0,1,1661.8572,8.666667,2901.75,0,0,0,0,0,0,3,26,4,11607,8192,229,2,20,0.0,0.0,0,0,0.0,0.0,0,0
6,97799478,8,5,56,11601,20,0,7.0,5.656854,4380,0,2320.2,2207.3413,119.1928652,0.132925045,8149956.5,26700000.0,93000000,1,97200000,13900000.0,34900000.0,93000000,1,641178,160294.5,316263.8,634675,153,0,0,0,0,172,112,0.08180003,0.051125016,0,4380,833.0714,1679.9863,2822354.0,0,0,0,0,1,0,0,0,0,897.1539,7.0,2320.2,0,0,0,0,0,0,8,56,5,11601,256,229,6,20,4201897.0,0.0,4201897,4201897,93000000.0,0.0,93000000,93000000
6,6074923,5,0,30,0,6,6,6.0,0.0,0,0,0.0,0.0,4.938334198,0.8230557,1518730.8,3036128.2,6072923,1,6074923,1518730.8,3036128.2,6072923,1,0,0.0,0.0,0,0,0,0,0,0,100,0,0.8230557,0.0,6,6,6.0,0.0,0.0,0,0,0,0,1,0,0,0,0,7.2,6.0,0.0,0,0,0,0,0,0,5,30,0,0,256,-1,4,20,2000.0,0.0,2000,2000,6072923.0,0.0,6072923,6072923
6,35076,3,6,26,11607,20,0,8.666667,10.263203,5840,0,1934.5,2538.9192,331651.2715,256.5856996,4384.5,11972.64,34007,2,896,448.0,629.325,893,3,35026,7005.2,15099.349,34007,2,0,0,0,0,72,132,85.528564,171.05713,0,5840,1163.3,2138.329,4572451.5,0,0,0,1,0,0,0,0,2,1292.5555,8.666667,1934.5,0,0,0,0,0,0,3,26,6,11607,8192,229,2,20,0.0,0.0,0,0,0.0,0.0,0,0
6,9287777,4,0,24,0,6,6,6.0,0.0,0,0,0.0,0.0,2.58404137,0.430673562,3095925.8,5361433.0,9286775,4,9287777,3095925.8,5361433.0,9286775,4,0,0.0,0.0,0,0,0,0,0,0,80,0,0.43067357,0.0,6,6,6.0,0.0,0.0,0,0,0,0,1,0,0,0,0,7.5,6.0,0.0,0,0,0,0,0,0,4,24,0,0,256,-1,3,20,1002.0,0.0,1002,1002,9286775.0,0.0,9286775,9286775
6,1257870,3,5,26,11601,20,0,8.666667,10.263203,5840,0,2320.2,2436.833,9243.403531,6.359957706,179695.72,462347.1,1227925,52,29397,14698.5,19898.691,28769,628,1257780,314445.0,609141.25,1227925,149,0,0,0,0,72,112,2.3849843,3.9749737,0,5840,1291.8889,2110.9507,4456113.0,0,0,0,1,0,0,0,0,1,1453.375,8.666667,2320.2,0,0,0,0,0,0,3,26,5,11601,8192,229,2,20,0.0,0.0,0,0,0.0,0.0,0,0
6,1738461,3,5,26,11607,20,0,8.666667,10.263203,10220,0,2321.4,4455.1826,6691.550745,4.601771337,248351.58,656626.75,1737441,2,754,377.0,463.86206,705,49,1738427,434606.75,868556.25,1737441,2,0,0,0,0,72,112,1.7256643,2.876107,0,10220,1292.5555,3378.299,11400000.0,0,0,0,1,0,0,0,0,1,1454.125,8.666667,2321.4,0,0,0,0,0,0,3,26,5,11607,8192,229,2,20,0.0,0.0,0,0,0.0,0.0,0,0
6,6960839,5,0,30,0,6,6,6.0,0.0,0,0,0.0,0.0,4.309825295,0.718304216,1740209.8,3478431.5,6957857,3,6960839,1740209.8,3478431.5,6957857,3,0,0.0,0.0,0,0,0,0,0,0,100,0,0.7183042,0.0,6,6,6.0,0.0,0.0,0,0,0,0,1,0,0,0,0,7.2,6.0,0.0,0,0,0,0,0,0,5,30,0,0,256,-1,4,20,2982.0,0.0,2982,2982,6957857.0,0.0,6957857,6957857
6,8604782,4,0,24,0,6,6,6.0,0.0,0,0,0.0,0.0,2.789146779,0.464857797,2868260.8,4967116.0,8603792,1,8604782,2868260.8,4967116.0,8603792,1,0,0.0,0.0,0,0,0,0,0,0,80,0,0.4648578,0.0,6,6,6.0,0.0,0.0,0,0,0,0,1,0,0,0,0,7.5,6.0,0.0,0,0,0,0,0,0,4,24,0,0,256,-1,3,20,990.0,0.0,990,990,8603792.0,0.0,8603792,8603792
6,36477,3,5,26,11607,20,0,8.666667,10.263203,10135,0,2321.4,4413.202,318913.2878,219.3162815,5211.0,12433.727,33331,37,2684,1342.0,1796.0513,2612,72,36440,9110.0,16193.49,33331,150,0,0,0,0,72,112,82.24361,137.07268,0,10135,1292.5555,3350.635,11200000.0,0,0,0,1,0,0,0,0,1,1454.125,8.666667,2321.4,0,0,0,0,0,0,3,26,5,11607,8192,229,2,20,0.0,0.0,0,0,0.0,0.0,0,0
6,8082066,4,0,24,0,6,6,6.0,0.0,0,0,0.0,0.0,2.969537739,0.494922957,2694022.0,4664755.0,8080417,246,8082066,2694022.0,4664755.0,8080417,246,0,0.0,0.0,0,0,0,0,0,0,80,0,0.49492297,0.0,6,6,6.0,0.0,0.0,0,0,0,0,1,0,0,0,0,7.5,6.0,0.0,0,0,0,0,0,0,4,24,0,0,256,-1,3,20,1649.0,0.0,1649,1649,8080417.0,0.0,8080417,8080417
6,5965859,4,0,24,0,6,6,6.0,0.0,0,0,0.0,0.0,4.02289092,0.67048182,1988619.6,3443822.2,5965203,4,5965859,1988619.6,3443822.2,5965203,4,0,0.0,0.0,0,0,0,0,0,0,80,0,0.6704818,0.0,6,6,6.0,0.0,0.0,0,0,0,0,1,0,0,0,0,7.5,6.0,0.0,0,0,0,0,0,0,4,24,0,0,256,-1,3,20,656.0,0.0,656,656,5965203.0,0.0,5965203,5965203
6,119113,3,5,26,11607,20,0,8.666667,10.263203,10135,0,2321.4,4413.202,97663.56317,67.16311402,17016.143,44639.387,118248,4,604,302.0,352.1392,551,53,119069,29767.25,58987.734,118248,4,0,0,0,0,72,112,25.186169,41.976948,0,10135,1292.5555,3350.635,11200000.0,0,0,0,1,0,0,0,0,1,1454.125,8.666667,2321.4,0,0,0,0,0,0,3,26,5,11607,8192,229,2,20,0.0,0.0,0,0,0.0,0.0,0,0
6,578451,3,6,26,11601,20,0,8.666667,10.263203,5840,0,1933.5,2189.773,20100.23321,15.55879409,72306.375,202354.48,573098,45,4446,2223.0,2879.3389,4259,187,578066,115613.2,255747.44,573098,45,0,0,0,0,72,132,5.1862645,10.372529,0,5840,1162.7,1911.5957,3654198.2,0,0,0,1,0,0,0,0,2,1291.8889,8.666667,1933.5,0,0,0,0,0,0,3,26,6,11601,8192,229,2,20,0.0,0.0,0,0,0.0,0.0,0,0
6,1792368,3,6,26,11601,20,0,8.666667,10.263203,4380,0,1933.5,1771.8536,6486.949109,5.021290271,224046.0,628990.3,1780689,3,11023,5511.5,7790.1953,11020,3,1792343,358468.6,795060.5,1780689,16,0,0,0,0,72,132,1.6737634,3.3475268,0,4380,1162.7,1653.6016,2734398.2,0,0,0,1,0,0,0,0,2,1291.8889,8.666667,1933.5,0,0,0,0,0,0,3,26,6,11601,8192,229,2,20,0.0,0.0,0,0,0.0,0.0,0,0
6,11308730,5,0,30,0,6,6,6.0,0.0,0,0,0.0,0.0,2.652817779,0.442136296,2827182.5,5651690.0,11300000,3,11300000,2827182.5,5651690.0,11300000,3,0,0.0,0.0,0,0,0,0,0,0,100,0,0.4421363,0.0,6,6,6.0,0.0,0.0,0,0,0,0,1,0,0,0,0,7.2,6.0,0.0,0,0,0,0,0,0,5,30,0,0,256,-1,4,20,4013.0,0.0,4013,4013,11300000.0,0.0,11300000,11300000
6,7316356,5,0,30,0,6,6,6.0,0.0,0,0,0.0,0.0,4.100401894,0.683400316,1829089.0,3657490.8,7315325,218,7316356,1829089.0,3657490.8,7315325,218,0,0.0,0.0,0,0,0,0,0,0,100,0,0.68340033,0.0,6,6,6.0,0.0,0.0,0,0,0,0,1,0,0,0,0,7.2,6.0,0.0,0,0,0,0,0,0,5,30,0,0,256,-1,4,20,1031.0,0.0,1031,1031,7315325.0,0.0,7315325,7315325
6,98024,3,5,26,11601,20,0,8.666667,10.263203,7300,0,2320.2,3022.508,118613.8089,81.61266629,14003.429,31502.414,84781,68,12610,6305.0,7847.471,11854,756,97939,24484.75,40614.3,84781,197,0,0,0,0,72,112,30.60475,51.007915,0,7300,1291.8889,2460.653,6054813.0,0,0,0,1,0,0,0,0,1,1453.375,8.666667,2320.2,0,0,0,0,0,0,3,26,5,11601,8192,229,2,20,0.0,0.0,0,0,0.0,0.0,0,0
6,41407,3,4,26,11601,20,0,8.666667,10.263203,8760,0,2900.25,4128.3193,280797.9327,169.0535417,6901.1665,11240.102,27905,141,29027,14513.5,19137.846,28046,981,41266,13755.333,14508.022,29170,367,0,0,0,0,72,92,72.451515,96.60202,0,8760,1453.375,3113.9526,9696701.0,0,0,0,1,0,0,0,0,1,1661.0,8.666667,2900.25,0,0,0,0,0,0,3,26,4,11601,8192,229,2,20,0.0,0.0,0,0,0.0,0.0,0,0
6,3833689,4,0,24,0,6,6,6.0,0.0,0,0,0.0,0.0,6.260288719,1.043381453,1277896.4,2208185.5,3827687,5,3833689,1277896.4,2208185.5,3827687,5,0,0.0,0.0,0,0,0,0,0,0,80,0,1.0433815,0.0,6,6,6.0,0.0,0.0,0,0,0,0,1,0,0,0,0,7.5,6.0,0.0,0,0,0,0,0,0,4,24,0,0,256,-1,3,20,0.0,0.0,0,0,0.0,0.0,0,0
6,3191379,5,0,30,0,6,6,6.0,0.0,0,0,0.0,0.0,9.400325063,1.566720844,797844.75,1594416.9,3189470,319,3191379,797844.75,1594416.9,3189470,319,0,0.0,0.0,0,0,0,0,0,0,100,0,1.5667208,0.0,6,6,6.0,0.0,0.0,0,0,0,0,1,0,0,0,0,7.2,6.0,0.0,0,0,0,0,0,0,5,30,0,0,256,-1,4,20,0.0,0.0,0,0,0.0,0.0,0,0
6,413940,3,6,26,11607,20,0,8.666667,10.263203,5840,0,1934.5,2538.9192,28103.10673,21.74228149,51742.5,145780.06,412529,2,1030,515.0,626.4966,958,72,413894,82778.8,184336.47,412529,2,0,0,0,0,72,132,7.247427,14.494854,0,5840,1163.3,2138.329,4572451.5,0,0,0,1,0,0,0,0,2,1292.5555,8.666667,1934.5,0,0,0,0,0,0,3,26,6,11607,8192,229,2,20,0.0,0.0,0,0,0.0,0.0,0,0
6,6698817,5,0,30,0,6,6,6.0,0.0,0,0,0.0,0.0,4.478402679,0.746400447,1674704.2,3349301.2,6698656,1,6698817,1674704.2,3349301.2,6698656,1,0,0.0,0.0,0,0,0,0,0,0,100,0,0.7464005,0.0,6,6,6.0,0.0,0.0,0,0,0,0,1,0,0,0,0,7.2,6.0,0.0,0,0,0,0,0,0,5,30,0,0,256,-1,4,20,161.0,0.0,161,161,6698656.0,0.0,6698656,6698656
6,86646563,8,6,56,11601,20,0,7.0,5.656854,4380,0,1933.5,1998.0254,134.5350536,0.161575942,6665120.0,20500000.0,74400000,1,84900000,12100000.0,27700000.0,74400000,1,1790898,358179.6,798019.56,1785716,95,0,0,0,0,172,132,0.09232911,0.06924683,0,4380,777.5333,1542.8022,2380238.8,0,0,0,0,1,0,0,0,0,833.0714,7.0,1933.5,0,0,0,0,0,0,8,56,6,11601,256,229,6,20,1243.0,0.0,1243,1243,42400000.0,45200000.0,74400000,10500000
6,9229767,5,0,30,0,6,6,6.0,0.0,0,0,0.0,0.0,3.250352907,0.541725485,2307441.8,4614021.0,9228473,4,9229767,2307441.8,4614021.0,9228473,4,0,0.0,0.0,0,0,0,0,0,0,100,0,0.54172546,0.0,6,6,6.0,0.0,0.0,0,0,0,0,1,0,0,0,0,7.2,6.0,0.0,0,0,0,0,0,0,5,30,0,0,256,-1,4,20,1294.0,0.0,1294,1294,9228473.0,0.0,9228473,9228473
6,35894,3,4,26,11601,20,0,8.666667,10.263203,8760,0,2900.25,4128.3193,323926.0043,195.0186661,5982.3335,12371.744,31028,22,31542,15771.0,21607.77,31050,492,35872,11957.333,17094.803,31565,182,0,0,0,0,72,92,83.57943,111.43924,0,8760,1453.375,3113.9526,9696701.0,0,0,0,1,0,0,0,0,1,1661.0,8.666667,2900.25,0,0,0,0,0,0,3,26,4,11601,8192,229,2,20,0.0,0.0,0,0,0.0,0.0,0,0
6,31642,3,6,26,11601,20,0,8.666667,10.263203,5840,0,1933.5,2189.773,367454.6489,284.4320839,3955.25,10899.374,30929,1,30969,15484.5,21896.977,30968,1,31603,6320.6,13831.705,31063,46,0,0,0,0,72,132,94.81069,189.62138,0,5840,1162.7,1911.5957,3654198.2,0,0,0,1,0,0,0,0,2,1291.8889,8.666667,1933.5,0,0,0,0,0,0,3,26,6,11601,8192,229,2,20,0.0,0.0,0,0,0.0,0.0,0,0
6,21242,3,5,26,11607,20,0,8.666667,10.263203,7215,0,2321.4,3327.7698,547641.465,376.6123717,3034.5715,7631.353,20335,4,710,355.0,478.00418,693,17,21132,5283.0,10038.695,20335,4,0,0,0,0,72,112,141.22964,235.38274,0,7215,1292.5555,2650.5857,7025604.5,0,0,0,1,0,0,0,0,1,1454.125,8.666667,2321.4,0,0,0,0,0,0,3,26,5,11607,8192,229,2,20,0.0,0.0,0,0,0.0,0.0,0,0
6,1929976,4,0,24,0,6,6,6.0,0.0,0,0,0.0,0.0,12.4353878,2.072564633,643325.3,1111676.0,1926977,3,1929976,643325.3,1111676.0,1926977,3,0,0.0,0.0,0,0,0,0,0,0,80,0,2.0725646,0.0,6,6,6.0,0.0,0.0,0,0,0,0,1,0,0,0,0,7.5,6.0,0.0,0,0,0,0,0,0,4,24,0,0,256,-1,3,20,0.0,0.0,0,0,0.0,0.0,0,0
6,7938801,5,0,30,0,6,6,6.0,0.0,0,0,0.0,0.0,3.778908175,0.629818029,1984700.2,3965278.0,7932617,984,7938801,1984700.2,3965278.0,7932617,984,0,0.0,0.0,0,0,0,0,0,0,100,0,0.629818,0.0,6,6,6.0,0.0,0.0,0,0,0,0,1,0,0,0,0,7.2,6.0,0.0,0,0,0,0,0,0,5,30,0,0,256,-1,4,20,6184.0,0.0,6184,6184,7932617.0,0.0,7932617,7932617
6,4232787,4,0,24,0,6,6,6.0,0.0,0,0,0.0,0.0,5.670023084,0.945003847,1410929.0,2443295.8,4232204,259,4232787,1410929.0,2443295.8,4232204,259,0,0.0,0.0,0,0,0,0,0,0,80,0,0.94500387,0.0,6,6,6.0,0.0,0.0,0,0,0,0,1,0,0,0,0,7.5,6.0,0.0,0,0,0,0,0,0,4,24,0,0,256,-1,3,20,0.0,0.0,0,0,0.0,0.0,0,0
6,6112701,4,0,24,0,6,6,6.0,0.0,0,0,0.0,0.0,3.926251259,0.65437521,2037567.0,3525711.2,6108707,4,6112701,2037567.0,3525711.2,6108707,4,0,0.0,0.0,0,0,0,0,0,0,80,0,0.6543752,0.0,6,6,6.0,0.0,0.0,0,0,0,0,1,0,0,0,0,7.5,6.0,0.0,0,0,0,0,0,0,4,24,0,0,256,-1,3,20,3994.0,0.0,3994,3994,6108707.0,0.0,6108707,6108707
6,5092818,4,0,24,0,6,6,6.0,0.0,0,0,0.0,0.0,4.712518688,0.785419781,1697606.0,2939956.2,5092375,84,5092818,1697606.0,2939956.2,5092375,84,0,0.0,0.0,0,0,0,0,0,0,80,0,0.78541976,0.0,6,6,6.0,0.0,0.0,0,0,0,0,1,0,0,0,0,7.5,6.0,0.0,0,0,0,0,0,0,4,24,0,0,256,-1,3,20,443.0,0.0,443,443,5092375.0,0.0,5092375,5092375
6,1758219,3,4,26,11601,20,0,8.666667,10.263203,8760,0,2900.25,4128.3193,6612.941846,3.981301533,293036.5,715332.5,1753200,53,3922,1961.0,2630.4373,3821,101,1758136,586045.3,1010786.6,1753200,1044,0,0,0,0,72,92,1.7062721,2.2750294,0,8760,1453.375,3113.9526,9696701.0,0,0,0,1,0,0,0,0,1,1661.0,8.666667,2900.25,0,0,0,0,0,0,3,26,4,11601,8192,229,2,20,0.0,0.0,0,0,0.0,0.0,0,0
6,1965991,4,0,24,0,6,6,6.0,0.0,0,0,0.0,0.0,12.20758386,2.03459731,655330.3,1134203.0,1964995,3,1965991,655330.3,1134203.0,1964995,3,0,0.0,0.0,0,0,0,0,0,0,80,0,2.0345974,0.0,6,6,6.0,0.0,0.0,0,0,0,0,1,0,0,0,0,7.5,6.0,0.0,0,0,0,0,0,0,4,24,0,0,256,-1,3,20,0.0,0.0,0,0,0.0,0.0,0,0
6,3247639,4,0,24,0,6,6,6.0,0.0,0,0,0.0,0.0,7.389983924,1.231663987,1082546.4,1874361.0,3246872,327,3247639,1082546.4,1874361.0,3246872,327,0,0.0,0.0,0,0,0,0,0,0,80,0,1.231664,0.0,6,6,6.0,0.0,0.0,0,0,0,0,1,0,0,0,0,7.5,6.0,0.0,0,0,0,0,0,0,4,24,0,0,256,-1,3,20,0.0,0.0,0,0,0.0,0.0,0,0
6,20898588,4,0,24,0,6,6,6.0,0.0,0,0,0.0,0.0,1.148402945,0.191400491,6966196.0,12100000.0,20900000,325,20900000,6966196.0,12100000.0,20900000,325,0,0.0,0.0,0,0,0,0,0,0,80,0,0.1914005,0.0,6,6,6.0,0.0,0.0,0,0,0,0,1,0,0,0,0,7.5,6.0,0.0,0,0,0,0,0,0,4,24,0,0,256,-1,3,20,854.0,0.0,854,854,20900000.0,0.0,20900000,20900000
6,51798,3,5,26,11607,20,0,8.666667,10.263203,10220,0,2321.4,4455.1826,224583.9608,154.4461176,7399.7144,13679.178,36044,45,15111,7555.5,9778.58,14470,641,51688,12922.0,16910.006,36044,184,0,0,0,0,72,112,57.917294,96.528824,0,10220,1292.5555,3378.299,11400000.0,0,0,0,1,0,0,0,0,1,1454.125,8.666667,2321.4,0,0,0,0,0,0,3,26,5,11607,8192,229,2,20,0.0,0.0,0,0,0.0,0.0,0,0
6,3881733,5,0,30,0,6,6,6.0,0.0,0,0,0.0,0.0,7.728506829,1.288084472,970433.25,1940031.9,3880481,1,3881733,970433.25,1940031.9,3880481,1,0,0.0,0.0,0,0,0,0,0,0,100,0,1.2880845,0.0,6,6,6.0,0.0,0.0,0,0,0,0,1,0,0,0,0,7.2,6.0,0.0,0,0,0,0,0,0,5,30,0,0,256,-1,4,20,0.0,0.0,0,0,0.0,0.0,0,0
6,104921,3,5,26,11607,20,0,8.666667,10.263203,7215,0,2321.4,3327.7698,110873.8956,76.24784362,14988.714,39055.39,103554,11,1162,581.0,732.5626,1099,63,104876,26219.0,51559.24,103554,11,0,0,0,0,72,112,28.592941,47.654903,0,7215,1292.5555,2650.5857,7025604.5,0,0,0,1,0,0,0,0,1,1454.125,8.666667,2321.4,0,0,0,0,0,0,3,26,5,11607,8192,229,2,20,0.0,0.0,0,0,0.0,0.0,0,0
6,19704,2,6,20,11601,20,0,10.0,14.142136,4380,0,1933.5,1757.7899,589778.7251,406.0089322,2814.8572,7063.787,18832,40,19037,19037.0,0.0,19037,19037,19499,3899.8,8370.615,18872,47,0,0,0,0,52,132,101.502235,304.5067,0,4380,1291.2222,1690.9601,2859346.0,0,0,0,1,0,0,0,0,3,1452.625,10.0,1933.5,0,0,0,0,0,0,2,20,6,11601,8192,229,1,20,0.0,0.0,0,0,0.0,0.0,0,0
6,82234477,9,6,62,11607,20,0,6.888889,5.3019915,5840,0,1934.5,2538.9192,141.899121,0.182405246,5873891.0,21500000.0,80600000,1,80800000,10100000.0,28500000.0,80600000,1,1444505,288901.0,645322.1,1443288,3,0,0,0,0,192,132,0.10944315,0.0729621,0,5840,729.6875,1754.3447,3077725.5,0,0,0,0,1,0,0,0,0,778.3333,6.888889,1934.5,0,0,0,0,0,0,9,62,6,11607,256,229,7,20,192056.0,0.0,192056,192056,80600000.0,0.0,80600000,80600000
6,7508805,4,0,24,0,6,6,6.0,0.0,0,0,0.0,0.0,3.196247605,0.532707934,2502935.0,4335207.0,7508801,1,7508805,2502935.0,4335207.0,7508801,1,0,0.0,0.0,0,0,0,0,0,0,80,0,0.5327079,0.0,6,6,6.0,0.0,0.0,0,0,0,0,1,0,0,0,0,7.5,6.0,0.0,0,0,0,0,0,0,4,24,0,0,256,-1,3,20,4.0,0.0,4,4,7508801.0,0.0,7508801,7508801
6,89916997,8,6,56,11607,20,0,7.0,5.656854,4380,0,1934.5,2177.345,129.7085133,0.15569915,6916692.0,24700000.0,89100000,15,89100000,12700000.0,33700000.0,89100000,63,771646,154329.2,344507.66,770603,17,0,0,0,0,172,132,0.088970944,0.066728204,0,4380,777.93335,1627.4618,2648631.8,0,0,0,0,1,0,0,0,0,833.5,7.0,1934.5,0,0,0,0,0,0,8,56,6,11607,256,229,6,20,74386.0,0.0,74386,74386,89100000.0,0.0,89100000,89100000
6,650408,5,0,30,0,6,6,6.0,0.0,0,0,0.0,0.0,46.12489391,7.687482319,162602.0,323896.8,648447,225,650408,162602.0,323896.8,648447,225,0,0.0,0.0,0,0,0,0,0,0,100,0,7.6874824,0.0,6,6,6.0,0.0,0.0,0,0,0,0,1,0,0,0,0,7.2,6.0,0.0,0,0,0,0,0,0,5,30,0,0,256,-1,4,20,0.0,0.0,0,0,0.0,0.0,0,0
6,71907286,8,5,56,11607,20,0,7.0,5.656854,7215,0,2321.4,3327.7698,162.1949687,0.180788356,5992274.0,20500000.0,71200000,7,71800000,10300000.0,26900000.0,71200000,219,60366,15091.5,29407.947,59199,7,0,0,0,0,172,112,0.11125437,0.06953398,0,7215,833.5,2175.3025,4731941.5,0,0,0,0,1,0,0,0,0,897.61536,7.0,2321.4,0,0,0,0,0,0,8,56,5,11607,256,229,6,20,646060.0,0.0,646060,646060,71200000.0,0.0,71200000,71200000
6,5021902,4,0,24,0,6,6,6.0,0.0,0,0,0.0,0.0,4.77906578,0.796510963,1673967.4,2899393.8,5021899,1,5021902,1673967.4,2899393.8,5021899,1,0,0.0,0.0,0,0,0,0,0,0,80,0,0.79651093,0.0,6,6,6.0,0.0,0.0,0,0,0,0,1,0,0,0,0,7.5,6.0,0.0,0,0,0,0,0,0,4,24,0,0,256,-1,3,20,3.0,0.0,3,3,5021899.0,0.0,5021899,5021899
6,564690,3,5,26,11607,20,0,8.666667,10.263203,5840,0,2321.4,3173.3738,20600.68356,14.16706512,80670.0,212965.05,563629,4,818,409.0,445.47726,724,94,564674,141168.5,281640.56,563629,4,0,0,0,0,72,112,5.3126493,8.854416,0,5840,1292.5555,2554.1592,6523729.5,0,0,0,1,0,0,0,0,1,1454.125,8.666667,2321.4,0,0,0,0,0,0,3,26,5,11607,8192,229,2,20,0.0,0.0,0,0,0.0,0.0,0,0
6,98982753,8,6,56,11601,20,0,7.0,5.656854,4380,0,1933.5,1757.7899,117.7679914,0.141438782,7614058.0,24000000.0,86900000,1,99000000,14100000.0,32400000.0,86900000,1,59347,11869.4,16272.314,34908,48,0,0,0,0,172,132,0.08082216,0.06061662,0,4380,777.5333,1434.5717,2057995.9,0,0,0,0,1,0,0,0,0,833.0714,7.0,1933.5,0,0,0,0,0,0,8,56,6,11601,256,229,6,20,986.0,0.0,986,986,49500000.0,52900000.0,86900000,12000000
6,281639,3,6,26,11601,20,0,8.666667,10.263203,4380,0,1933.5,1757.7899,41283.34499,31.95580158,35204.875,89648.65,256127,16,25019,12509.5,16269.82,24014,1005,281522,56304.4,112229.81,256127,16,0,0,0,0,72,132,10.651934,21.303867,0,4380,1162.7,1645.2418,2706820.5,0,0,0,1,0,0,0,0,2,1291.8889,8.666667,1933.5,0,0,0,0,0,0,3,26,6,11601,8192,229,2,20,0.0,0.0,0,0,0.0,0.0,0,0
6,6072409,5,0,30,0,6,6,6.0,0.0,0,0,0.0,0.0,4.940378687,0.823396448,1518102.2,3035041.8,6070665,269,6072409,1518102.2,3035041.8,6070665,269,0,0.0,0.0,0,0,0,0,0,0,100,0,0.82339644,0.0,6,6,6.0,0.0,0.0,0,0,0,0,1,0,0,0,0,7.2,6.0,0.0,0,0,0,0,0,0,5,30,0,0,256,-1,4,20,1744.0,0.0,1744,1744,6070665.0,0.0,6070665,6070665
6,11765714,4,0,24,0,6,6,6.0,0.0,0,0,0.0,0.0,2.039825207,0.339970868,3921904.8,6792934.5,11800000,1,11800000,3921904.8,6792934.5,11800000,1,0,0.0,0.0,0,0,0,0,0,0,80,0,0.33997086,0.0,6,6,6.0,0.0,0.0,0,0,0,0,1,0,0,0,0,7.5,6.0,0.0,0,0,0,0,0,0,4,24,0,0,256,-1,3,20,4.0,0.0,4,4,11800000.0,0.0,11800000,11800000
6,325629,3,5,26,11607,20,0,8.666667,10.263203,5840,0,2321.4,3173.3738,35724.70511,24.5678364,46518.43,122592.68,324532,3,852,426.0,499.21738,779,73,325537,81384.25,162098.94,324532,3,0,0,0,0,72,112,9.212938,15.3548975,0,5840,1292.5555,2554.1592,6523729.5,0,0,0,1,0,0,0,0,1,1454.125,8.666667,2321.4,0,0,0,0,0,0,3,26,5,11607,8192,229,2,20,0.0,0.0,0,0,0.0,0.0,0,0
6,85845,3,6,26,11607,20,0,8.666667,10.263203,5840,0,1934.5,2538.9192,135511.678,104.8401188,10730.625,29899.38,84724,3,959,479.5,673.87274,956,3,85791,17158.2,37772.605,84724,3,0,0,0,0,72,132,34.946705,69.89341,0,5840,1163.3,2138.329,4572451.5,0,0,0,1,0,0,0,0,2,1292.5555,8.666667,1934.5,0,0,0,0,0,0,3,26,6,11607,8192,229,2,20,0.0,0.0,0,0,0.0,0.0,0,0
6,4148704,5,0,30,0,6,6,6.0,0.0,0,0,0.0,0.0,7.23117388,1.205195647,1037176.0,2073254.0,4147057,193,4148704,1037176.0,2073254.0,4147057,193,0,0.0,0.0,0,0,0,0,0,0,100,0,1.2051957,0.0,6,6,6.0,0.0,0.0,0,0,0,0,1,0,0,0,0,7.2,6.0,0.0,0,0,0,0,0,0,5,30,0,0,256,-1,4,20,0.0,0.0,0,0,0.0,0.0,0,0
6,1269800,3,6,26,11607,20,0,8.666667,10.263203,5840,0,1934.5,2538.9192,9161.285242,7.087730351,158725.0,448476.7,1268648,18,816,408.0,547.30066,795,21,1269782,253956.4,567229.94,1268648,48,0,0,0,0,72,132,2.3625767,4.7251534,0,5840,1163.3,2138.329,4572451.5,0,0,0,1,0,0,0,0,2,1292.5555,8.666667,1934.5,0,0,0,0,0,0,3,26,6,11607,8192,229,2,20,0.0,0.0,0,0,0.0,0.0,0,0
6,9454009,5,0,30,0,6,6,6.0,0.0,0,0,0.0,0.0,3.173256975,0.528876162,2363502.2,4726391.0,9453089,240,9454009,2363502.2,4726391.0,9453089,240,0,0.0,0.0,0,0,0,0,0,0,100,0,0.5288762,0.0,6,6,6.0,0.0,0.0,0,0,0,0,1,0,0,0,0,7.2,6.0,0.0,0,0,0,0,0,0,5,30,0,0,256,-1,4,20,920.0,0.0,920,920,9453089.0,0.0,9453089,9453089
6,80783228,9,5,62,11607,20,0,6.888889,5.3019915,8675,0,2321.4,3769.5361,144.4483006,0.1733033,6214094.5,21200000.0,76600000,19,80200000,10000000.0,26900000.0,76600000,115,548993,137248.25,273680.78,547769,96,0,0,0,0,192,112,0.11140926,0.061894037,0,8675,778.3333,2309.8506,5335410.0,0,0,0,0,1,0,0,0,0,833.9286,6.888889,2321.4,0,0,0,0,0,0,9,62,5,11607,256,229,7,20,3647693.0,0.0,3647693,3647693,76600000.0,0.0,76600000,76600000
6,1354478,3,5,26,11601,20,0,8.666667,10.263203,5840,0,2320.2,2436.833,8584.118753,5.906334396,193496.86,509080.34,1347972,3,6013,3006.5,4247.5903,6010,3,1354418,338604.5,672917.4,1347972,187,0,0,0,0,72,112,2.2148755,3.691459,0,5840,1291.8889,2110.9507,4456113.0,0,0,0,1,0,0,0,0,1,1453.375,8.666667,2320.2,0,0,0,0,0,0,3,26,5,11601,8192,229,2,20,0.0,0.0,0,0,0.0,0.0,0,0
6,8669797,4,0,24,0,6,6,6.0,0.0,0,0,0.0,0.0,2.768230906,0.461371818,2889932.2,5004641.0,8668794,1,8669797,2889932.2,5004641.0,8668794,1,0,0.0,0.0,0,0,0,0,0,0,80,0,0.4613718,0.0,6,6,6.0,0.0,0.0,0,0,0,0,1,0,0,0,0,7.5,6.0,0.0,0,0,0,0,0,0,4,24,0,0,256,-1,3,20,1003.0,0.0,1003,1003,8668794.0,0.0,8668794,8668794
6,9810761,5,0,30,0,6,6,6.0,0.0,0,0,0.0,0.0,3.057866765,0.509644461,2452690.2,4902049.5,9805764,4,9810761,2452690.2,4902049.5,9805764,4,0,0.0,0.0,0,0,0,0,0,0,100,0,0.50964445,0.0,6,6,6.0,0.0,0.0,0,0,0,0,1,0,0,0,0,7.2,6.0,0.0,0,0,0,0,0,0,5,30,0,0,256,-1,4,20,4997.0,0.0,4997,4997,9805764.0,0.0,9805764,9805764
6,6044883,5,0,30,0,6,6,6.0,0.0,0,0,0.0,0.0,4.962875212,0.827145869,1511220.8,3021758.8,6043859,1,6044883,1511220.8,3021758.8,6043859,1,0,0.0,0.0,0,0,0,0,0,0,100,0,0.8271459,0.0,6,6,6.0,0.0,0.0,0,0,0,0,1,0,0,0,0,7.2,6.0,0.0,0,0,0,0,0,0,5,30,0,0,256,-1,4,20,1024.0,0.0,1024,1024,6043859.0,0.0,6043859,6043859
6,97667518,9,6,62,11607,20,0,6.888889,5.3019915,5840,0,1934.5,2375.5234,119.4767743,0.153582279,6976251.5,25700000.0,96300000,2,96600000,12100000.0,34000000.0,96300000,19,1082935,216587.0,483704.62,1081864,2,0,0,0,0,192,132,0.09214937,0.061432913,0,5840,729.6875,1676.323,2810059.0,0,0,0,0,1,0,0,0,0,778.3333,6.888889,1934.5,0,0,0,0,0,0,9,62,6,11607,256,229,7,20,249379.0,0.0,249379,249379,96300000.0,0.0,96300000,96300000
6,21326,3,4,26,11607,20,0,8.666667,10.263203,11595,0,2901.75,5795.5005,545484.3853,328.2378318,3554.3333,8285.21,20462,6,780,390.0,258.8011,573,207,21281,7093.6665,11584.346,20462,6,0,0,0,0,72,92,140.67336,187.56447,0,11595,1454.125,4097.5376,16800000.0,0,0,0,1,0,0,0,0,1,1661.8572,8.666667,2901.75,0,0,0,0,0,0,3,26,4,11607,8192,229,2,20,0.0,0.0,0,0,0.0,0.0,0,0
6,395849,3,6,26,11601,20,0,8.666667,10.263203,4380,0,1933.5,1757.7899,29372.31116,22.73594224,49481.125,130972.59,373074,4,22056,11028.0,15590.29,22052,4,395690,79138.0,164597.97,373074,16,0,0,0,0,72,132,7.5786476,15.157295,0,4380,1162.7,1645.2418,2706820.5,0,0,0,1,0,0,0,0,2,1291.8889,8.666667,1933.5,0,0,0,0,0,0,3,26,6,11601,8192,229,2,20,0.0,0.0,0,0,0.0,0.0,0,0
6,814200,3,5,26,11607,20,0,8.666667,10.263203,5840,0,2321.4,3173.3738,14287.64431,9.825595677,116314.29,307228.56,813043,4,886,443.0,462.44785,770,116,814124,203531.0,406341.53,813043,4,0,0,0,0,72,112,3.6845984,6.1409974,0,5840,1292.5555,2554.1592,6523729.5,0,0,0,1,0,0,0,0,1,1454.125,8.666667,2321.4,0,0,0,0,0,0,3,26,5,11607,8192,229,2,20,0.0,0.0,0,0,0.0,0.0,0,0
6,1845770,3,6,26,11607,20,0,8.666667,10.263203,4380,0,1934.5,2177.345,6302.518732,4.876013805,230721.25,652266.75,1844999,3,658,329.0,397.394,610,48,1845723,369144.6,825027.75,1844999,3,0,0,0,0,72,132,1.625338,3.250676,0,4380,1163.3,1903.9626,3625073.8,0,0,0,1,0,0,0,0,2,1292.5555,8.666667,1934.5,0,0,0,0,0,0,3,26,6,11607,8192,229,2,20,0.0,0.0,0,0,0.0,0.0,0,0
6,2033909,5,0,30,0,6,6,6.0,0.0,0,0,0.0,0.0,14.74992244,2.458320407,508477.25,1016285.25,2032905,0,2033909,508477.25,1016285.25,2032905,0,0,0.0,0.0,0,0,0,0,0,0,100,0,2.4583204,0.0,6,6,6.0,0.0,0.0,0,0,0,0,1,0,0,0,0,7.2,6.0,0.0,0,0,0,0,0,0,5,30,0,0,256,-1,4,20,0.0,0.0,0,0,0.0,0.0,0,0
6,53129,3,5,26,11601,20,0,8.666667,10.263203,7300,0,2320.2,3022.508,218844.6988,150.5768977,7589.857,13346.023,33875,1,18016,9008.0,12737.821,18015,1,53102,13275.5,16046.308,33875,196,0,0,0,0,72,112,56.466335,94.11056,0,7300,1291.8889,2460.653,6054813.0,0,0,0,1,0,0,0,0,1,1453.375,8.666667,2320.2,0,0,0,0,0,0,3,26,5,11601,8192,229,2,20,0.0,0.0,0,0,0.0,0.0,0,0
6,5888653,5,0,30,0,6,6,6.0,0.0,0,0,0.0,0.0,5.094543693,0.849090615,1472163.2,2943820.5,5887894,237,5888653,1472163.2,2943820.5,5887894,237,0,0.0,0.0,0,0,0,0,0,0,100,0,0.84909064,0.0,6,6,6.0,0.0,0.0,0,0,0,0,1,0,0,0,0,7.2,6.0,0.0,0,0,0,0,0,0,5,30,0,0,256,-1,4,20,759.0,0.0,759,759,5887894.0,0.0,5887894,5887894
6,4040743,5,0,30,0,6,6,6.0,0.0,0,0,0.0,0.0,7.42437715,1.237396192,1010185.75,2019811.5,4039903,1,4040743,1010185.75,2019811.5,4039903,1,0,0.0,0.0,0,0,0,0,0,0,100,0,1.2373962,0.0,6,6,6.0,0.0,0.0,0,0,0,0,1,0,0,0,0,7.2,6.0,0.0,0,0,0,0,0,0,5,30,0,0,256,-1,4,20,0.0,0.0,0,0,0.0,0.0,0,0
6,1036712,3,5,26,11607,20,0,8.666667,10.263203,10135,0,2321.4,4413.202,11221.05271,7.71670435,148101.72,391398.5,1035710,4,756,378.0,359.21024,632,124,1036663,259165.75,517696.25,1035710,4,0,0,0,0,72,112,2.893764,4.8229403,0,10135,1292.5555,3350.635,11200000.0,0,0,0,1,0,0,0,0,1,1454.125,8.666667,2321.4,0,0,0,0,0,0,3,26,5,11607,8192,229,2,20,0.0,0.0,0,0,0.0,0.0,0,0
6,685147,4,0,24,0,6,6,6.0,0.0,0,0,0.0,0.0,35.02897918,5.838163197,228382.33,393855.44,683166,1,685147,228382.33,393855.44,683166,1,0,0.0,0.0,0,0,0,0,0,0,80,0,5.8381634,0.0,6,6,6.0,0.0,0.0,0,0,0,0,1,0,0,0,0,7.5,6.0,0.0,0,0,0,0,0,0,4,24,0,0,256,-1,3,20,0.0,0.0,0,0,0.0,0.0,0,0
6,1248991,5,0,30,0,6,6,6.0,0.0,0,0,0.0,0.0,24.01938845,4.003231408,312247.75,621828.75,1244989,3,1248991,312247.75,621828.75,1244989,3,0,0.0,0.0,0,0,0,0,0,0,100,0,4.0032315,0.0,6,6,6.0,0.0,0.0,0,0,0,0,1,0,0,0,0,7.2,6.0,0.0,0,0,0,0,0,0,5,30,0,0,256,-1,4,20,0.0,0.0,0,0,0.0,0.0,0,0
6,805712,3,6,26,11607,20,0,8.666667,10.263203,5840,0,1934.5,2538.9192,14438.16153,11.17024445,100714.0,284311.6,804349,36,1008,504.0,533.1585,881,127,805676,161135.2,359567.66,804349,48,0,0,0,0,72,132,3.723415,7.44683,0,5840,1163.3,2138.329,4572451.5,0,0,0,1,0,0,0,0,2,1292.5555,8.666667,1934.5,0,0,0,0,0,0,3,26,6,11607,8192,229,2,20,0.0,0.0,0,0,0.0,0.0,0,0
6,1226900,3,5,26,11607,20,0,8.666667,10.263203,10220,0,2321.4,4455.1826,9481.620344,6.520498818,175271.42,463210.97,1225735,3,906,453.0,574.1707,859,47,1226837,306709.25,612683.94,1225735,3,0,0,0,0,72,112,2.445187,4.0753117,0,10220,1292.5555,3378.299,11400000.0,0,0,0,1,0,0,0,0,1,1454.125,8.666667,2321.4,0,0,0,0,0,0,3,26,5,11607,8192,229,2,20,0.0,0.0,0,0,0.0,0.0,0,0
6,1624961,3,6,26,11601,20,0,8.666667,10.263203,5840,0,1933.5,2189.773,7155.248649,5.538594465,203120.12,569430.56,1612351,6,12033,6016.5,8500.131,12027,6,1624955,324991.0,719675.75,1612351,14,0,0,0,0,72,132,1.8461982,3.6923964,0,5840,1162.7,1911.5957,3654198.2,0,0,0,1,0,0,0,0,2,1291.8889,8.666667,1933.5,0,0,0,0,0,0,3,26,6,11601,8192,229,2,20,0.0,0.0,0,0,0.0,0.0,0,0
6,5901849,4,0,24,0,6,6,6.0,0.0,0,0,0.0,0.0,4.066522203,0.677753701,1967283.0,3407294.8,5901688,1,5901849,1967283.0,3407294.8,5901688,1,0,0.0,0.0,0,0,0,0,0,0,80,0,0.6777537,0.0,6,6,6.0,0.0,0.0,0,0,0,0,1,0,0,0,0,7.5,6.0,0.0,0,0,0,0,0,0,4,24,0,0,256,-1,3,20,161.0,0.0,161,161,5901688.0,0.0,5901688,5901688
6,3491912,4,0,24,0,6,6,6.0,0.0,0,0,0.0,0.0,6.873025437,1.14550424,1163970.6,2015197.2,3490920,3,3491912,1163970.6,2015197.2,3490920,3,0,0.0,0.0,0,0,0,0,0,0,80,0,1.1455042,0.0,6,6,6.0,0.0,0.0,0,0,0,0,1,0,0,0,0,7.5,6.0,0.0,0,0,0,0,0,0,4,24,0,0,256,-1,3,20,0.0,0.0,0,0,0.0,0.0,0,0
6,7193131,5,0,30,0,6,6,6.0,0.0,0,0,0.0,0.0,4.170645578,0.695107596,1798282.8,3595302.2,7191236,3,7193131,1798282.8,3595302.2,7191236,3,0,0.0,0.0,0,0,0,0,0,0,100,0,0.6951076,0.0,6,6,6.0,0.0,0.0,0,0,0,0,1,0,0,0,0,7.2,6.0,0.0,0,0,0,0,0,0,5,30,0,0,256,-1,4,20,1895.0,0.0,1895,1895,7191236.0,0.0,7191236,7191236
6,445307,3,6,26,11607,20,0,8.666667,10.263203,4380,0,1934.5,2177.345,26123.55072,20.21077594,55663.375,157132.0,444545,3,621,310.5,413.65747,603,18,445229,89045.8,198730.27,444545,3,0,0,0,0,72,132,6.736925,13.47385,0,4380,1163.3,1903.9626,3625073.8,0,0,0,1,0,0,0,0,2,1292.5555,8.666667,1934.5,0,0,0,0,0,0,3,26,6,11607,8192,229,2,20,0.0,0.0,0,0,0.0,0.0,0,0
6,72636173,8,6,56,11607,20,0,7.0,5.656854,4380,0,1934.5,2177.345,160.5673801,0.192741432,5587398.0,18400000.0,66800000,2,70900000,10100000.0,25000000.0,66800000,2,1768399,353679.8,790366.4,1767530,2,0,0,0,0,172,132,0.11013796,0.08260347,0,4380,777.93335,1627.4618,2648631.8,0,0,0,0,1,0,0,0,0,833.5,7.0,1934.5,0,0,0,0,0,0,8,56,6,11607,256,229,6,20,4049708.0,0.0,4049708,4049708,66800000.0,0.0,66800000,66800000
6,6254002,8,7,56,11601,20,0,7.0,5.656854,5840,0,1657.2858,1964.8956,1863.926491,2.398464215,446714.44,1630117.8,6109785,3,6167305,881043.56,2305694.0,6109785,3,111077,18512.834,34552.516,86200,48,0,0,0,0,172,152,1.2791809,1.1192833,0,5840,728.9375,1503.1105,2259341.0,0,0,0,0,1,0,0,0,0,777.5333,7.0,1657.2858,0,0,0,0,0,0,8,56,7,11601,256,229,6,20,33066.0,0.0,33066,33066,6109785.0,0.0,6109785,6109785
6,1197757,3,6,26,11607,20,0,8.666667,10.263203,5840,0,1934.5,2538.9192,9712.320613,7.514045002,149719.62,423041.2,1196693,3,865,432.5,416.4859,727,138,1197732,239546.4,535061.4,1196693,3,0,0,0,0,72,132,2.5046816,5.009363,0,5840,1163.3,2138.329,4572451.5,0,0,0,1,0,0,0,0,2,1292.5555,8.666667,1934.5,0,0,0,0,0,0,3,26,6,11607,8192,229,2,20,0.0,0.0,0,0,0.0,0.0,0,0
6,82089396,9,6,62,11607,20,0,6.888889,5.3019915,5840,0,1934.5,2538.9192,142.1499069,0.182727621,5863528.5,19100000.0,71700000,1,81600000,10200000.0,25100000.0,71700000,1,530752,106150.4,236737.7,529639,2,0,0,0,0,192,132,0.109636575,0.073091045,0,5840,729.6875,1754.3447,3077725.5,0,0,0,0,1,0,0,0,0,778.3333,6.888889,1934.5,0,0,0,0,0,0,9,62,6,11607,256,229,7,20,2012.0,0.0,2012,2012,40800000.0,43700000.0,71700000,9844759
6,834322,4,0,24,0,6,6,6.0,0.0,0,0,0.0,0.0,28.76587217,4.794312028,278107.34,480332.28,832747,321,834322,278107.34,480332.28,832747,321,0,0.0,0.0,0,0,0,0,0,0,80,0,4.794312,0.0,6,6,6.0,0.0,0.0,0,0,0,0,1,0,0,0,0,7.5,6.0,0.0,0,0,0,0,0,0,4,24,0,0,256,-1,3,20,0.0,0.0,0,0,0.0,0.0,0,0
6,71372412,8,6,56,11601,20,0,7.0,5.656854,5840,0,1933.5,2189.773,163.3264125,0.196154223,5490185.5,18100000.0,65700000,1,70900000,10100000.0,24600000.0,65700000,1,519367,103873.4,229839.9,515012,46,0,0,0,0,172,132,0.11208813,0.08406609,0,5840,777.5333,1633.1027,2667024.5,0,0,0,0,1,0,0,0,0,833.0714,7.0,1933.5,0,0,0,0,0,0,8,56,6,11601,256,229,6,20,991.0,0.0,991,991,35400000.0,42800000.0,65700000,5156893
6,11949666,5,0,30,0,6,6,6.0,0.0,0,0,0.0,0.0,2.51053042,0.418421737,2987416.5,5974170.5,11900000,1,11900000,2987416.5,5974170.5,11900000,1,0,0.0,0.0,0,0,0,0,0,0,100,0,0.41842175,0.0,6,6,6.0,0.0,0.0,0,0,0,0,1,0,0,0,0,7.2,6.0,0.0,0,0,0,0,0,0,5,30,0,0,256,-1,4,20,994.0,0.0,994,994,11900000.0,0.0,11900000,11900000
6,50494,3,4,26,11601,20,0,8.666667,10.263203,7300,0,2900.25,3563.297,230264.982,138.6303323,8415.667,14241.589,35318,27,14980,7490.0,9200.873,13996,984,50306,16768.666,17655.422,35318,169,0,0,0,0,72,92,59.413,79.21733,0,7300,1453.375,2798.9565,7834158.0,0,0,0,1,0,0,0,0,1,1661.0,8.666667,2900.25,0,0,0,0,0,0,3,26,4,11601,8192,229,2,20,0.0,0.0,0,0,0.0,0.0,0,0
6,40720,3,6,26,11607,20,0,8.666667,10.263203,5840,0,1934.5,2538.9192,285682.7112,221.021611,5090.0,13940.28,39587,7,826,413.0,519.01636,780,46,40559,8111.8,17597.516,39587,7,0,0,0,0,72,132,73.673874,147.34775,0,5840,1163.3,2138.329,4572451.5,0,0,0,1,0,0,0,0,2,1292.5555,8.666667,1934.5,0,0,0,0,0,0,3,26,6,11607,8192,229,2,20,0.0,0.0,0,0,0.0,0.0,0,0
6,425786,3,5,26,11601,20,0,8.666667,10.263203,4380,0,2320.2,2207.3413,27307.1449,18.78878122,60826.57,158019.61,419163,73,6009,3004.5,2303.0469,4633,1376,425689,106422.25,208511.25,419163,158,0,0,0,0,72,112,7.045793,11.742989,0,4380,1291.8889,1980.7102,3923213.0,0,0,0,1,0,0,0,0,1,1453.375,8.666667,2320.2,0,0,0,0,0,0,3,26,5,11601,8192,229,2,20,0.0,0.0,0,0,0.0,0.0,0,0
6,12027674,4,0,24,0,6,6,6.0,0.0,0,0,0.0,0.0,1.995398279,0.33256638,4009224.8,6938997.5,12000000,4,12000000,4009224.8,6938997.5,12000000,4,0,0.0,0.0,0,0,0,0,0,0,80,0,0.33256638,0.0,6,6,6.0,0.0,0.0,0,0,0,0,1,0,0,0,0,7.5,6.0,0.0,0,0,0,0,0,0,4,24,0,0,256,-1,3,20,5986.0,0.0,5986,5986,12000000.0,0.0,12000000,12000000
6,80338510,8,6,56,11607,20,0,7.0,5.656854,5840,0,1934.5,2538.9192,145.1732177,0.174262629,6179885.5,20500000.0,74300000,1,78500000,11200000.0,27900000.0,74300000,1,1839702,367940.4,822237.25,1838803,2,0,0,0,0,172,132,0.09957864,0.07468399,0,5840,777.93335,1804.899,3257660.2,0,0,0,0,1,0,0,0,0,833.5,7.0,1934.5,0,0,0,0,0,0,8,56,6,11607,256,229,6,20,4189892.0,0.0,4189892,4189892,74300000.0,0.0,74300000,74300000
6,10764706,4,0,24,0,6,6,6.0,0.0,0,0,0.0,0.0,2.229508172,0.371584695,3588235.2,6213255.0,10800000,6,10800000,3588235.2,6213255.0,10800000,6,0,0.0,0.0,0,0,0,0,0,0,80,0,0.37158468,0.0,6,6,6.0,0.0,0.0,0,0,0,0,1,0,0,0,0,7.5,6.0,0.0,0,0,0,0,0,0,4,24,0,0,256,-1,3,20,2022.0,0.0,2022,2022,10800000.0,0.0,10800000,10800000
6,7376051,5,0,30,0,6,6,6.0,0.0,0,0,0.0,0.0,4.067216997,0.6778695,1844012.8,3686613.0,7373932,4,7376051,1844012.8,3686613.0,7373932,4,0,0.0,0.0,0,0,0,0,0,0,100,0,0.6778695,0.0,6,6,6.0,0.0,0.0,0,0,0,0,1,0,0,0,0,7.2,6.0,0.0,0,0,0,0,0,0,5,30,0,0,256,-1,4,20,2119.0,0.0,2119,2119,7373932.0,0.0,7373932,7373932
6,9136763,4,0,24,0,6,6,6.0,0.0,0,0,0.0,0.0,2.626750853,0.437791809,3045587.8,5275109.0,9136759,1,9136763,3045587.8,5275109.0,9136759,1,0,0.0,0.0,0,0,0,0,0,0,80,0,0.4377918,0.0,6,6,6.0,0.0,0.0,0,0,0,0,1,0,0,0,0,7.5,6.0,0.0,0,0,0,0,0,0,4,24,0,0,256,-1,3,20,4.0,0.0,4,4,9136759.0,0.0,9136759,9136759
6,632085,3,7,26,11601,20,0,8.666667,10.263203,2920,0,1657.2858,1299.1721,18394.67793,15.82065703,70231.664,207008.72,622198,11,9378,4689.0,6247.9956,9107,271,632074,105345.664,253232.3,622198,16,0,0,0,0,72,152,4.746197,11.07446,0,2920,1057.0,1306.2909,1706395.8,0,0,0,1,0,0,0,0,2,1162.7,8.666667,1657.2858,0,0,0,0,0,0,3,26,7,11601,8192,229,2,20,0.0,0.0,0,0,0.0,0.0,0,0
6,7768825,4,0,24,0,6,6,6.0,0.0,0,0,0.0,0.0,3.089270256,0.514878376,2589608.2,4485329.5,7768821,0,7768825,2589608.2,4485329.5,7768821,0,0,0.0,0.0,0,0,0,0,0,0,80,0,0.5148784,0.0,6,6,6.0,0.0,0.0,0,0,0,0,1,0,0,0,0,7.5,6.0,0.0,0,0,0,0,0,0,4,24,0,0,256,-1,3,20,4.0,0.0,4,4,7768821.0,0.0,7768821,7768821
6,92139007,8,4,56,11601,20,0,7.0,5.656854,8760,0,2900.25,4128.3193,126.5153639,0.130238,8376273.5,27800000.0,92100000,3,92100000,13200000.0,34800000.0,92100000,3,34628,11542.667,10091.813,19489,188,0,0,0,0,172,92,0.08682533,0.043412667,0,8760,897.1539,2488.507,6192667.5,0,0,0,0,1,0,0,0,0,971.9167,7.0,2900.25,0,0,0,0,0,0,8,56,4,11601,256,229,6,20,30582.0,0.0,30582,30582,92100000.0,0.0,92100000,92100000
6,2046241,5,0,30,0,6,6,6.0,0.0,0,0,0.0,0.0,14.66102966,2.443504944,511560.25,1022454.6,2045242,1,2046241,511560.25,1022454.6,2045242,1,0,0.0,0.0,0,0,0,0,0,0,100,0,2.443505,0.0,6,6,6.0,0.0,0.0,0,0,0,0,1,0,0,0,0,7.2,6.0,0.0,0,0,0,0,0,0,5,30,0,0,256,-1,4,20,0.0,0.0,0,0,0.0,0.0,0,0
6,75501777,9,6,62,11607,20,0,6.888889,5.3019915,5840,0,1934.5,2538.9192,154.5526538,0.198670821,5392984.0,19400000.0,72900000,3,74300000,9286436.0,25700000.0,72900000,3,1211018,242203.6,540998.5,1209971,14,0,0,0,0,192,132,0.119202495,0.079468325,0,5840,729.6875,1754.3447,3077725.5,0,0,0,0,1,0,0,0,0,778.3333,6.888889,1934.5,0,0,0,0,0,0,9,62,6,11607,256,229,7,20,1377970.0,0.0,1377970,1377970,72900000.0,0.0,72900000,72900000
6,5967877,4,0,24,0,6,6,6.0,0.0,0,0,0.0,0.0,4.021530605,0.670255101,1989292.4,3445552.0,5967873,1,5967877,1989292.4,3445552.0,5967873,1,0,0.0,0.0,0,0,0,0,0,0,80,0,0.6702551,0.0,6,6,6.0,0.0,0.0,0,0,0,0,1,0,0,0,0,7.5,6.0,0.0,0,0,0,0,0,0,4,24,0,0,256,-1,3,20,4.0,0.0,4,4,5967873.0,0.0,5967873,5967873
6,8791453,8,4,56,11601,20,0,7.0,5.656854,8760,0,2900.25,4128.3193,1325.946917,1.364962083,799223.0,1999880.2,6475824,125,8789094,1255584.9,2449016.8,6475824,280,60223,20074.334,33021.5,58201,578,0,0,0,0,172,92,0.9099747,0.45498735,0,8760,897.1539,2488.507,6192667.5,0,0,0,0,1,0,0,0,0,971.9167,7.0,2900.25,0,0,0,0,0,0,8,56,4,11601,256,229,6,20,2255281.0,0.0,2255281,2255281,6475824.0,0.0,6475824,6475824
6,7229805,4,0,24,0,6,6,6.0,0.0,0,0,0.0,0.0,3.319591607,0.553265268,2409935.0,4173388.5,7228949,378,7229805,2409935.0,4173388.5,7228949,378,0,0.0,0.0,0,0,0,0,0,0,80,0,0.5532653,0.0,6,6,6.0,0.0,0.0,0,0,0,0,1,0,0,0,0,7.5,6.0,0.0,0,0,0,0,0,0,4,24,0,0,256,-1,3,20,856.0,0.0,856,856,7228949.0,0.0,7228949,7228949
6,94175119,8,5,56,11601,20,0,7.0,5.656854,4380,0,2320.2,2207.3413,123.78004,0.138040707,7847926.5,25600000.0,88900000,1,94100000,13400000.0,33300000.0,88900000,1,60670,15167.5,19900.006,42198,186,0,0,0,0,172,112,0.08494813,0.05309258,0,4380,833.0714,1679.9863,2822354.0,0,0,0,0,1,0,0,0,0,897.1539,7.0,2320.2,0,0,0,0,0,0,8,56,5,11601,256,229,6,20,4005.0,0.0,4005,4005,47100000.0,59100000.0,88900000,5258944
6,81505090,8,5,56,11607,20,0,7.0,5.656854,10135,0,2321.4,4413.202,143.0953576,0.159499241,6792091.0,20800000.0,72500000,1,81200000,11600000.0,27100000.0,72500000,1,279005,69751.25,138827.6,277992,4,0,0,0,0,172,112,0.09815338,0.06134586,0,10135,833.5,2705.0442,7317264.5,0,0,0,0,1,0,0,0,0,897.61536,7.0,2321.4,0,0,0,0,0,0,8,56,5,11607,256,229,6,20,5.0,0.0,5,5,40600000.0,45100000.0,72500000,8710793
6,3220938,4,0,24,0,6,6,6.0,0.0,0,0,0.0,0.0,7.451245569,1.241874261,1073646.0,1855263.5,3215919,1000,3220938,1073646.0,1855263.5,3215919,1000,0,0.0,0.0,0,0,0,0,0,0,80,0,1.2418742,0.0,6,6,6.0,0.0,0.0,0,0,0,0,1,0,0,0,0,7.5,6.0,0.0,0,0,0,0,0,0,4,24,0,0,256,-1,3,20,0.0,0.0,0,0,0.0,0.0,0,0
6,1132581,3,6,26,11601,20,0,8.666667,10.263203,4380,0,1933.5,1757.7899,10265.93241,7.946451512,141572.62,392224.88,1112128,4,19997,9998.5,14134.357,19993,4,1132488,226497.6,495156.44,1112128,13,0,0,0,0,72,132,2.648817,5.297634,0,4380,1162.7,1645.2418,2706820.5,0,0,0,1,0,0,0,0,2,1291.8889,8.666667,1933.5,0,0,0,0,0,0,3,26,6,11601,8192,229,2,20,0.0,0.0,0,0,0.0,0.0,0,0
6,80934473,8,4,56,11607,20,0,7.0,5.656854,11595,0,2901.75,5795.5005,144.1042311,0.148268093,7357679.5,21600000.0,72100000,1,80800000,11500000.0,26900000.0,72100000,1,91732,30577.334,52150.375,90793,4,0,0,0,0,172,92,0.09884539,0.049422696,0,11595,897.61536,3214.1675,10300000.0,0,0,0,0,1,0,0,0,0,972.4167,7.0,2901.75,0,0,0,0,0,0,8,56,4,11607,256,229,6,20,991.0,0.0,991,991,40400000.0,44800000.0,72100000,8761789
6,93173,3,6,26,11601,20,0,8.666667,10.263203,4380,0,1933.5,1757.7899,124789.3703,96.59450699,11646.625,26907.545,76923,16,15488,7744.0,10845.604,15413,75,93113,18622.6,33256.785,76923,16,0,0,0,0,72,132,32.19817,64.39634,0,4380,1162.7,1645.2418,2706820.5,0,0,0,1,0,0,0,0,2,1291.8889,8.666667,1933.5,0,0,0,0,0,0,3,26,6,11601,8192,229,2,20,0.0,0.0,0,0,0.0,0.0,0,0
6,4625986,5,0,30,0,6,6,6.0,0.0,0,0,0.0,0.0,6.485103932,1.080850655,1156496.5,2311262.8,4623390,3,4625986,1156496.5,2311262.8,4623390,3,0,0.0,0.0,0,0,0,0,0,0,100,0,1.0808506,0.0,6,6,6.0,0.0,0.0,0,0,0,0,1,0,0,0,0,7.2,6.0,0.0,0,0,0,0,0,0,5,30,0,0,256,-1,4,20,0.0,0.0,0,0,0.0,0.0,0,0
6,38041,3,4,26,11601,20,0,8.666667,10.263203,8675,0,2900.25,4088.042,305643.9105,184.0119871,6340.1665,13140.05,32906,2,33021,16510.5,23346.545,33019,2,37928,12642.667,17843.96,33086,194,0,0,0,0,72,92,78.86228,105.149704,0,8675,1453.375,3091.0957,9554872.0,0,0,0,1,0,0,0,0,1,1661.0,8.666667,2900.25,0,0,0,0,0,0,3,26,4,11601,8192,229,2,20,0.0,0.0,0,0,0.0,0.0,0,0
6,9951156,8,4,56,11601,20,0,7.0,5.656854,8760,0,2900.25,4128.3193,1171.421692,1.205890049,904650.56,2421090.2,8008764,3,9884708,1412101.1,2990443.0,8008764,3,70279,23426.334,37129.41,66241,77,0,0,0,0,172,92,0.8039267,0.40196335,0,8760,897.1539,2488.507,6192667.5,0,0,0,0,1,0,0,0,0,971.9167,7.0,2900.25,0,0,0,0,0,0,8,56,4,11601,256,229,6,20,1871969.0,0.0,1871969,1871969,8008764.0,0.0,8008764,8008764
6,76917476,9,5,62,11601,20,0,6.888889,5.3019915,7300,0,2320.2,3022.508,151.6300405,0.182013253,5916729.0,19600000.0,70900000,4,75500000,9434231.0,24900000.0,70900000,4,1448578,362144.5,720662.0,1443132,190,0,0,0,0,192,112,0.11700852,0.065004736,0,7300,777.93335,1970.8926,3884417.5,0,0,0,0,1,0,0,0,0,833.5,6.888889,2320.2,0,0,0,0,0,0,9,62,5,11601,256,229,7,20,4585160.0,0.0,4585160,4585160,70900000.0,0.0,70900000,70900000
6,273162,3,4,26,11601,20,0,8.666667,10.263203,8760,0,2900.25,4128.3193,42564.48554,25.62581911,45527.0,100389.305,249600,5,23021,11510.5,16271.234,23016,5,273079,91026.336,137791.02,249600,463,0,0,0,0,72,92,10.982494,14.643325,0,8760,1453.375,3113.9526,9696701.0,0,0,0,1,0,0,0,0,1,1661.0,8.666667,2900.25,0,0,0,0,0,0,3,26,4,11601,8192,229,2,20,0.0,0.0,0,0,0.0,0.0,0,0
6,8607796,4,0,24,0,6,6,6.0,0.0,0,0,0.0,0.0,2.788170166,0.464695028,2869265.2,4965369.5,8602780,1003,8607796,2869265.2,4965369.5,8602780,1003,0,0.0,0.0,0,0,0,0,0,0,80,0,0.46469504,0.0,6,6,6.0,0.0,0.0,0,0,0,0,1,0,0,0,0,7.5,6.0,0.0,0,0,0,0,0,0,4,24,0,0,256,-1,3,20,5016.0,0.0,5016,5016,8602780.0,0.0,8602780,8602780
6,97791745,9,6,62,11607,20,0,6.888889,5.3019915,5755,0,1934.5,2529.1245,119.3250003,0.15338718,6985124.5,23800000.0,89500000,0,97500000,12200000.0,31400000.0,89500000,0,321785,64357.0,143316.36,320728,4,0,0,0,0,192,132,0.092032306,0.06135487,0,5755,729.6875,1749.6226,3061179.0,0,0,0,0,1,0,0,0,0,778.3333,6.888889,1934.5,0,0,0,0,0,0,9,62,6,11607,256,229,7,20,2981.0,0.0,2981,2981,48700000.0,57700000.0,89500000,7946820
6,9625799,4,0,24,0,6,6,6.0,0.0,0,0,0.0,0.0,2.493299517,0.41554992,3208599.8,5556597.0,9624805,1,9625799,3208599.8,5556597.0,9624805,1,0,0.0,0.0,0,0,0,0,0,0,80,0,0.41554993,0.0,6,6,6.0,0.0,0.0,0,0,0,0,1,0,0,0,0,7.5,6.0,0.0,0,0,0,0,0,0,4,24,0,0,256,-1,3,20,994.0,0.0,994,994,9624805.0,0.0,9624805,9624805
6,1803845,3,5,26,11607,20,0,8.666667,10.263203,10135,0,2321.4,4413.202,6449.001993,4.434970854,257692.14,681416.75,1803000,4,639,319.5,382.54477,590,49,1803774,450943.5,901371.06,1803000,4,0,0,0,0,72,112,1.6631141,2.7718568,0,10135,1292.5555,3350.635,11200000.0,0,0,0,1,0,0,0,0,1,1454.125,8.666667,2321.4,0,0,0,0,0,0,3,26,5,11607,8192,229,2,20,0.0,0.0,0,0,0.0,0.0,0,0
6,80200463,8,5,56,11601,20,0,7.0,5.656854,7300,0,2320.2,3022.508,145.3482881,0.162093827,6683372.0,22000000.0,76400000,49,78500000,11200000.0,28800000.0,76400000,49,1717852,429463.0,847619.94,1700844,190,0,0,0,0,172,112,0.09975005,0.06234378,0,7300,833.0714,2033.2505,4134107.8,0,0,0,0,1,0,0,0,0,897.1539,7.0,2320.2,0,0,0,0,0,0,8,56,5,11601,256,229,6,20,2072757.0,0.0,2072757,2072757,76400000.0,0.0,76400000,76400000
6,8058825,4,0,24,0,6,6,6.0,0.0,0,0,0.0,0.0,2.978101646,0.496350274,2686275.0,4652147.5,8058112,316,8058825,2686275.0,4652147.5,8058112,316,0,0.0,0.0,0,0,0,0,0,0,80,0,0.4963503,0.0,6,6,6.0,0.0,0.0,0,0,0,0,1,0,0,0,0,7.5,6.0,0.0,0,0,0,0,0,0,4,24,0,0,256,-1,3,20,713.0,0.0,713,713,8058112.0,0.0,8058112,8058112
6,1022547,3,4,26,11607,20,0,8.666667,10.263203,11595,0,2901.75,5795.5005,11376.49419,6.845651105,170424.5,417062.66,1021750,6,717,358.5,307.59146,576,141,1022521,340840.34,589685.2,1021750,6,0,0,0,0,72,92,2.9338505,3.9118006,0,11595,1454.125,4097.5376,16800000.0,0,0,0,1,0,0,0,0,1,1661.8572,8.666667,2901.75,0,0,0,0,0,0,3,26,4,11607,8192,229,2,20,0.0,0.0,0,0,0.0,0.0,0,0
6,3489117,4,0,24,0,6,6,6.0,0.0,0,0,0.0,0.0,6.878531158,1.14642186,1163039.0,2013574.1,3488114,2,3489117,1163039.0,2013574.1,3488114,2,0,0.0,0.0,0,0,0,0,0,0,80,0,1.1464219,0.0,6,6,6.0,0.0,0.0,0,0,0,0,1,0,0,0,0,7.5,6.0,0.0,0,0,0,0,0,0,4,24,0,0,256,-1,3,20,0.0,0.0,0,0,0.0,0.0,0,0
6,96804,3,5,26,11601,20,0,8.666667,10.263203,5840,0,2320.2,2436.833,120108.6732,82.64121317,13829.143,31676.65,85097,63,11275,5637.5,7501.696,10942,333,96701,24175.25,40947.21,85097,175,0,0,0,0,72,112,30.990456,51.650757,0,5840,1291.8889,2110.9507,4456113.0,0,0,0,1,0,0,0,0,1,1453.375,8.666667,2320.2,0,0,0,0,0,0,3,26,5,11601,8192,229,2,20,0.0,0.0,0,0,0.0,0.0,0,0
6,2195962,5,0,30,0,6,6,6.0,0.0,0,0,0.0,0.0,13.66143859,2.276906431,548990.5,1097307.1,2194951,1,2195962,548990.5,1097307.1,2194951,1,0,0.0,0.0,0,0,0,0,0,0,100,0,2.2769065,0.0,6,6,6.0,0.0,0.0,0,0,0,0,1,0,0,0,0,7.2,6.0,0.0,0,0,0,0,0,0,5,30,0,0,256,-1,4,20,0.0,0.0,0,0,0.0,0.0,0,0
6,36931,3,4,26,11601,20,0,8.666667,10.263203,8760,0,2900.25,4128.3193,314830.3593,189.5426606,6155.1665,11769.376,29539,4,7017,3508.5,4956.1113,7013,4,36793,12264.333,15350.258,29539,189,0,0,0,0,72,92,81.23257,108.31009,0,8760,1453.375,3113.9526,9696701.0,0,0,0,1,0,0,0,0,1,1661.0,8.666667,2900.25,0,0,0,0,0,0,3,26,4,11601,8192,229,2,20,0.0,0.0,0,0,0.0,0.0,0,0
6,1644909,3,5,26,11607,20,0,8.666667,10.263203,7215,0,2321.4,3327.7698,7072.123747,4.863490929,234987.0,621218.94,1643779,4,854,427.0,391.73715,704,150,1644860,411215.0,821709.44,1643779,4,0,0,0,0,72,112,1.8238091,3.039682,0,7215,1292.5555,2650.5857,7025604.5,0,0,0,1,0,0,0,0,1,1454.125,8.666667,2321.4,0,0,0,0,0,0,3,26,5,11607,8192,229,2,20,0.0,0.0,0,0,0.0,0.0,0,0
6,8014860,4,0,24,0,6,6,6.0,0.0,0,0,0.0,0.0,2.994437832,0.499072972,2671620.0,4627378.0,8014856,1,8014860,2671620.0,4627378.0,8014856,1,0,0.0,0.0,0,0,0,0,0,0,80,0,0.49907297,0.0,6,6,6.0,0.0,0.0,0,0,0,0,1,0,0,0,0,7.5,6.0,0.0,0,0,0,0,0,0,4,24,0,0,256,-1,3,20,4.0,0.0,4,4,8014856.0,0.0,8014856,8014856
6,431728,3,5,26,11601,20,0,8.666667,10.263203,5840,0,2320.2,2436.833,26931.3086,18.53018567,61675.43,151313.4,404069,4,27104,13552.0,19159.766,27100,4,431639,107909.75,197843.67,404069,191,0,0,0,0,72,112,6.9488196,11.581366,0,5840,1291.8889,2110.9507,4456113.0,0,0,0,1,0,0,0,0,1,1453.375,8.666667,2320.2,0,0,0,0,0,0,3,26,5,11601,8192,229,2,20,0.0,0.0,0,0,0.0,0.0,0,0
6,72671409,8,7,56,11601,20,0,7.0,5.656854,5840,0,1657.2858,1964.8956,160.4069628,0.206408548,5190815.0,17300000.0,64900000,1,72200000,10300000.0,24200000.0,64900000,1,515399,85899.836,200505.08,494855,46,0,0,0,0,172,152,0.110084556,0.09632399,0,5840,728.9375,1503.1105,2259341.0,0,0,0,0,1,0,0,0,0,777.5333,7.0,1657.2858,0,0,0,0,0,0,8,56,7,11601,256,229,6,20,981.0,0.0,981,981,36100000.0,40700000.0,64900000,7297926
6,9798795,5,0,30,0,6,6,6.0,0.0,0,0,0.0,0.0,3.061600942,0.510266824,2449698.8,4896046.5,9793768,1,9798795,2449698.8,4896046.5,9793768,1,0,0.0,0.0,0,0,0,0,0,0,100,0,0.51026684,0.0,6,6,6.0,0.0,0.0,0,0,0,0,1,0,0,0,0,7.2,6.0,0.0,0,0,0,0,0,0,5,30,0,0,256,-1,4,20,5027.0,0.0,5027,5027,9793768.0,0.0,9793768,9793768
6,584620,3,6,26,11601,20,0,8.666667,10.263203,4380,0,1933.5,1998.0254,19888.13246,15.39461531,73077.5,204901.62,580174,29,4063,2031.5,2375.1716,3711,352,584550,116910.0,258978.06,580174,29,0,0,0,0,72,132,5.1315384,10.263077,0,4380,1162.7,1791.1134,3208087.0,0,0,0,1,0,0,0,0,2,1291.8889,8.666667,1933.5,0,0,0,0,0,0,3,26,6,11601,8192,229,2,20,0.0,0.0,0,0,0.0,0.0,0,0
6,91629448,9,6,62,11601,20,0,6.888889,5.3019915,4380,0,1933.5,1757.7899,127.2844075,0.163702831,6544960.5,24000000.0,89800000,1,91400000,11400000.0,31700000.0,89800000,1,200926,40185.2,78599.69,179892,42,0,0,0,0,192,132,0.0982217,0.065481134,0,4380,729.3125,1399.2855,1958000.1,0,0,0,0,1,0,0,0,0,777.93335,6.888889,1933.5,0,0,0,0,0,0,9,62,6,11601,256,229,7,20,1611030.0,0.0,1611030,1611030,89800000.0,0.0,89800000,89800000
6,559158,3,5,26,11607,20,0,8.666667,10.263203,10135,0,2321.4,4413.202,20804.49533,14.30722622,79879.71,210764.34,557848,13,1038,519.0,446.89148,835,203,559058,139764.5,278722.66,557848,13,0,0,0,0,72,112,5.36521,8.942017,0,10135,1292.5555,3350.635,11200000.0,0,0,0,1,0,0,0,0,1,1454.125,8.666667,2321.4,0,0,0,0,0,0,3,26,5,11607,8192,229,2,20,0.0,0.0,0,0,0.0,0.0,0,0
6,910720,3,6,26,11607,20,0,8.666667,10.263203,5840,0,1934.5,2538.9192,12773.41005,9.882290935,113840.0,321654.44,909894,2,705,352.5,430.62802,657,48,910660,182132.0,406831.4,909894,2,0,0,0,0,72,132,3.294097,6.588194,0,5840,1163.3,2138.329,4572451.5,0,0,0,1,0,0,0,0,2,1292.5555,8.666667,1934.5,0,0,0,0,0,0,3,26,6,11607,8192,229,2,20,0.0,0.0,0,0,0.0,0.0,0,0
6,604587,3,5,26,11607,20,0,8.666667,10.263203,8675,0,2321.4,3769.5361,19241.2341,13.23217337,86369.57,227346.28,601940,43,2187,1093.5,1362.5947,2057,130,604544,151136.0,300537.56,601940,182,0,0,0,0,72,112,4.962065,8.270108,0,8675,1292.5555,2931.4294,8593279.0,0,0,0,1,0,0,0,0,1,1454.125,8.666667,2321.4,0,0,0,0,0,0,3,26,5,11607,8192,229,2,20,0.0,0.0,0,0,0.0,0.0,0,0
6,203718,3,5,26,11601,20,0,8.666667,10.263203,5840,0,2320.2,2436.833,57073.99444,39.26997123,29102.572,69335.9,185663,41,17745,8872.5,12208.198,17505,240,203610,50902.5,90222.53,185663,41,0,0,0,0,72,112,14.726239,24.543732,0,5840,1291.8889,2110.9507,4456113.0,0,0,0,1,0,0,0,0,1,1453.375,8.666667,2320.2,0,0,0,0,0,0,3,26,5,11601,8192,229,2,20,0.0,0.0,0,0,0.0,0.0,0,0
6,8043083,4,0,24,0,6,6,6.0,0.0,0,0,0.0,0.0,2.983930416,0.497321736,2681027.8,4642826.5,8042102,4,8043083,2681027.8,4642826.5,8042102,4,0,0.0,0.0,0,0,0,0,0,0,80,0,0.49732172,0.0,6,6,6.0,0.0,0.0,0,0,0,0,1,0,0,0,0,7.5,6.0,0.0,0,0,0,0,0,0,4,24,0,0,256,-1,3,20,981.0,0.0,981,981,8042102.0,0.0,8042102,8042102
6,788753,3,5,26,11607,20,0,8.666667,10.263203,7215,0,2321.4,3327.7698,14748.59684,10.14259217,112679.0,297271.47,786827,46,1366,683.0,326.68332,914,452,788707,197176.75,393100.56,786827,96,0,0,0,0,72,112,3.803472,6.33912,0,7215,1292.5555,2650.5857,7025604.5,0,0,0,1,0,0,0,0,1,1454.125,8.666667,2321.4,0,0,0,0,0,0,3,26,5,11607,8192,229,2,20,0.0,0.0,0,0,0.0,0.0,0,0
6,99075149,8,6,56,11601,20,0,7.0,5.656854,4380,0,1933.5,1757.7899,117.6581627,0.141306878,7621165.5,23800000.0,85900000,1,98200000,14000000.0,32000000.0,85900000,1,944815,188963.0,407141.3,916992,13,0,0,0,0,172,132,0.080746785,0.060560092,0,4380,777.5333,1434.5717,2057995.9,0,0,0,0,1,0,0,0,0,833.0714,7.0,1933.5,0,0,0,0,0,0,8,56,6,11601,256,229,6,20,2008.0,0.0,2008,2008,49100000.0,52100000.0,85900000,12200000
6,8630782,4,0,24,0,6,6,6.0,0.0,0,0,0.0,0.0,2.780744549,0.463457425,2876927.2,4980387.0,8627783,1031,8630782,2876927.2,4980387.0,8627783,1031,0,0.0,0.0,0,0,0,0,0,0,80,0,0.46345744,0.0,6,6,6.0,0.0,0.0,0,0,0,0,1,0,0,0,0,7.5,6.0,0.0,0,0,0,0,0,0,4,24,0,0,256,-1,3,20,2999.0,0.0,2999,2999,8627783.0,0.0,8627783,8627783
6,1336840,3,5,26,11607,20,0,8.666667,10.263203,7215,0,2321.4,3327.7698,8701.864097,5.984261393,190977.14,504870.62,1335916,4,711,355.5,335.87573,593,118,1336792,334198.0,667812.06,1335916,4,0,0,0,0,72,112,2.244098,3.7401633,0,7215,1292.5555,2650.5857,7025604.5,0,0,0,1,0,0,0,0,1,1454.125,8.666667,2321.4,0,0,0,0,0,0,3,26,5,11607,8192,229,2,20,0.0,0.0,0,0,0.0,0.0,0,0
6,4763890,4,0,24,0,6,6,6.0,0.0,0,0,0.0,0.0,5.0378997,0.83964995,1587963.4,2750423.8,4763879,1,4763890,1587963.4,2750423.8,4763879,1,0,0.0,0.0,0,0,0,0,0,0,80,0,0.83965,0.0,6,6,6.0,0.0,0.0,0,0,0,0,1,0,0,0,0,7.5,6.0,0.0,0,0,0,0,0,0,4,24,0,0,256,-1,3,20,0.0,0.0,0,0,0.0,0.0,0,0
6,1790790,2,5,20,11607,20,0,10.0,14.142136,7215,0,2321.4,3327.7698,6492.665248,3.908889373,298465.0,730610.8,1789818,10,735,735.0,0.0,735,735,1790745,447686.25,894754.56,1789818,10,0,0,0,0,52,112,1.1168256,2.792064,0,7215,1453.375,2786.2598,7763243.5,0,0,0,1,0,0,0,0,2,1661.0,10.0,2321.4,0,0,0,0,0,0,2,20,5,11607,8192,229,1,20,0.0,0.0,0,0,0.0,0.0,0,0
6,12520,3,4,26,11601,20,0,8.666667,10.263203,8760,0,2900.25,4128.3193,928674.1214,559.1054313,2086.6667,3008.822,6088,98,6171,3085.5,4067.9854,5962,209,12409,4136.3335,3441.1855,6158,163,0,0,0,0,72,92,239.61661,319.48883,0,8760,1453.375,3113.9526,9696701.0,0,0,0,1,0,0,0,0,1,1661.0,8.666667,2900.25,0,0,0,0,0,0,3,26,4,11601,8192,229,2,20,0.0,0.0,0,0,0.0,0.0,0,0
6,98999423,8,4,56,11607,20,0,7.0,5.656854,11595,0,2901.75,5795.5005,117.8087674,0.121212828,8999948.0,29500000.0,98000000,3,98000000,14000000.0,37000000.0,98000000,3,971625,323875.0,559995.7,970502,6,0,0,0,0,172,92,0.08080855,0.040404275,0,11595,897.61536,3214.1675,10300000.0,0,0,0,0,1,0,0,0,0,972.4167,7.0,2901.75,0,0,0,0,0,0,8,56,4,11607,256,229,6,20,75982.0,0.0,75982,75982,98000000.0,0.0,98000000,98000000
6,2009979,4,0,24,0,6,6,6.0,0.0,0,0,0.0,0.0,11.94042326,1.990070543,669993.0,1159602.0,2008986,4,2009979,669993.0,1159602.0,2008986,4,0,0.0,0.0,0,0,0,0,0,0,80,0,1.9900706,0.0,6,6,6.0,0.0,0.0,0,0,0,0,1,0,0,0,0,7.5,6.0,0.0,0,0,0,0,0,0,4,24,0,0,256,-1,3,20,0.0,0.0,0,0,0.0,0.0,0,0
6,533842,3,6,26,11601,20,0,8.666667,10.263203,4380,0,1933.5,1757.7899,21779.85247,16.8589208,66730.25,184905.19,524294,15,9196,4598.0,5399.4673,8416,780,533673,106734.6,233455.62,524294,15,0,0,0,0,72,132,5.6196404,11.239281,0,4380,1162.7,1645.2418,2706820.5,0,0,0,1,0,0,0,0,2,1291.8889,8.666667,1933.5,0,0,0,0,0,0,3,26,6,11601,8192,229,2,20,0.0,0.0,0,0,0.0,0.0,0,0
6,5708212,5,0,30,0,6,6,6.0,0.0,0,0,0.0,0.0,5.255586163,0.875931027,1427053.0,2851141.0,5703764,3,5708212,1427053.0,2851141.0,5703764,3,0,0.0,0.0,0,0,0,0,0,0,100,0,0.875931,0.0,6,6,6.0,0.0,0.0,0,0,0,0,1,0,0,0,0,7.2,6.0,0.0,0,0,0,0,0,0,5,30,0,0,256,-1,4,20,4448.0,0.0,4448,4448,5703764.0,0.0,5703764,5703764
6,80121273,9,4,62,11601,20,0,6.888889,5.3019915,10135,0,2900.25,4871.8257,145.5668334,0.162254037,6676773.0,22600000.0,78400000,1,78600000,9819850.0,27700000.0,78400000,1,1575428,525142.7,898193.5,1562261,200,0,0,0,0,192,92,0.11232972,0.049924318,0,10135,833.5,2705.0442,7317264.5,0,0,0,0,1,0,0,0,0,897.61536,6.888889,2900.25,0,0,0,0,0,0,9,62,4,11601,256,229,7,20,112030.0,0.0,112030,112030,78400000.0,0.0,78400000,78400000
6,886009,4,0,24,0,6,6,6.0,0.0,0,0,0.0,0.0,27.08776096,4.514626827,295336.34,511533.22,886004,1,886009,295336.34,511533.22,886004,1,0,0.0,0.0,0,0,0,0,0,0,80,0,4.514627,0.0,6,6,6.0,0.0,0.0,0,0,0,0,1,0,0,0,0,7.5,6.0,0.0,0,0,0,0,0,0,4,24,0,0,256,-1,3,20,0.0,0.0,0,0,0.0,0.0,0,0
6,120290,3,5,26,11601,20,0,8.666667,10.263203,5840,0,2320.2,2436.833,96658.07632,66.50594397,17184.285,41918.938,112050,29,7735,3867.5,5043.7925,7434,301,120261,30065.25,54772.027,112050,67,0,0,0,0,72,112,24.93973,41.566216,0,5840,1291.8889,2110.9507,4456113.0,0,0,0,1,0,0,0,0,1,1453.375,8.666667,2320.2,0,0,0,0,0,0,3,26,5,11601,8192,229,2,20,0.0,0.0,0,0,0.0,0.0,0,0
6,3462960,6,0,36,0,6,6,6.0,0.0,0,0,0.0,0.0,10.39573082,1.732621803,692592.0,1547563.1,3460957,1,3462960,692592.0,1547563.1,3460957,1,0,0.0,0.0,0,0,0,0,0,0,120,0,1.7326218,0.0,6,6,6.0,0.0,0.0,0,0,0,0,1,0,0,0,0,7.0,6.0,0.0,0,0,0,0,0,0,6,36,0,0,256,-1,5,20,0.0,0.0,0,0,0.0,0.0,0,0
6,3502928,4,0,24,0,6,6,6.0,0.0,0,0,0.0,0.0,6.851411162,1.14190186,1167642.6,2021555.6,3501934,3,3502928,1167642.6,2021555.6,3501934,3,0,0.0,0.0,0,0,0,0,0,0,80,0,1.1419019,0.0,6,6,6.0,0.0,0.0,0,0,0,0,1,0,0,0,0,7.5,6.0,0.0,0,0,0,0,0,0,4,24,0,0,256,-1,3,20,0.0,0.0,0,0,0.0,0.0,0,0
6,53496583,2,0,0,0,0,0,0.0,0.0,0,0,0.0,0.0,0.0,0.037385565,53500000.0,0.0,53500000,53500000,53500000,53500000.0,0.0,53500000,53500000,0,0.0,0.0,0,0,0,0,0,0,64,0,0.037385564,0.0,0,0,0.0,0.0,0.0,0,0,0,0,1,0,0,0,0,0.0,0.0,0.0,0,0,0,0,0,0,2,0,0,0,410,-1,0,32,0.0,0.0,0,0,53500000.0,0.0,53500000,53500000
6,11962157,5,5,475,3525,475,0,95.0,212.42645,2077,0,705.0,990.6447,334.3878533,0.835969633,1329128.5,2681322.5,6956324,3,6959686,1739921.5,3479413.0,6959041,3,12000000,2990530.8,3543383.0,6956324,193,0,0,0,0,168,168,0.4179848,0.4179848,0,2077,363.63635,719.8411,518171.25,0,0,0,1,0,0,0,0,1,400.0,95.0,705.0,0,0,0,0,0,0,5,475,5,3525,29200,235,1,32,708.0,0.0,708,708,6956324.0,0.0,6956324,6956324
6,90611266,2,0,0,0,0,0,0.0,0.0,0,0,0.0,0.0,0.0,0.022072311,90600000.0,0.0,90600000,90600000,90600000,90600000.0,0.0,90600000,90600000,0,0.0,0.0,0,0,0,0,0,0,64,0,0.022072311,0.0,0,0,0.0,0.0,0.0,0,0,0,0,1,0,0,0,0,0.0,0.0,0.0,0,0,0,0,0,0,2,0,0,0,284,-1,0,32,0.0,0.0,0,0,90600000.0,0.0,90600000,90600000
6,5009224,7,6,453,11632,453,0,64.71429,171.21791,4392,0,1938.6666,2190.7188,2412.549329,2.595212352,417435.34,1444267.1,5003599,16,5625,937.5,1200.9739,2969,31,5009088,1001817.6,2237852.2,5005009,16,0,0,0,0,232,200,1.3974221,1.1977903,0,4392,863.2143,1671.482,2793852.2,0,0,0,1,0,0,0,0,0,929.61536,64.71429,1938.6666,0,0,0,0,0,0,7,453,6,11632,29200,235,1,32,0.0,0.0,0,0,0.0,0.0,0,0
6,11875460,4,4,356,3525,356,0,89.0,178.0,3525,0,881.25,1762.5,326.8083931,0.673658115,1696494.2,2946073.2,6871465,76,6874890,2291630.0,3968563.2,6874132,237,11900000,3958461.2,3552479.8,6871465,776,0,0,0,0,136,136,0.33682907,0.33682907,0,3525,431.22223,1166.1254,1359848.5,0,0,0,1,0,0,0,0,1,485.125,89.0,881.25,0,0,0,0,0,0,4,356,4,3525,29200,235,1,32,852.0,0.0,852,852,6871465.0,0.0,6871465,6871465
6,18556002,6,4,260,3525,260,0,43.333332,106.144554,3525,0,881.25,1762.5,203.9771283,0.53890919,2061778.0,4262297.5,12600000,32,13600000,2711158.5,5519495.5,12600000,237,17600000,5852041.0,6319263.5,12600000,1357,0,0,0,0,208,136,0.3233455,0.21556367,0,3525,344.0909,1057.8677,1119084.1,0,0,0,1,0,0,0,0,0,378.5,43.333332,881.25,0,0,0,0,0,0,6,260,4,3525,29200,235,1,32,1001236.0,0.0,1001236,1001236,12600000.0,0.0,12600000,12600000
6,11867365,8,6,516,11632,516,0,64.5,182.43355,5792,0,1938.6666,2544.919,1023.647625,1.179705857,912874.25,2259382.5,6860125,1,6864385,980626.44,2593204.8,6861462,1,11900000,2373457.2,3314603.8,6860125,46,0,0,0,0,264,200,0.6741176,0.50558823,0,5792,809.86664,1800.0323,3240116.2,0,0,0,1,0,0,0,0,0,867.7143,64.5,1938.6666,0,0,0,0,0,0,8,516,6,11632,29200,235,1,32,1993.0,0.0,1993,1993,6860125.0,0.0,6860125,6860125
6,11725300,5,5,337,3525,337,0,67.4,150.71098,2077,0,705.0,990.6447,329.3732357,0.852856643,1302811.1,2619897.5,6720186,4,6722715,1680678.8,3360606.2,6721588,4,11700000,2931320.0,3455983.2,6720186,192,0,0,0,0,168,168,0.42642832,0.42642832,0,2077,351.0909,718.90814,516828.9,0,0,0,1,0,0,0,0,1,386.2,67.4,705.0,0,0,0,0,0,0,5,337,5,3525,29200,235,1,32,813.0,0.0,813,813,6720186.0,0.0,6720186,6720186
6,20883635,16,8,6328,11632,791,0,395.5,408.47064,4344,0,1454.0,1725.0278,860.0035387,1.149225219,907984.1,1769414.5,6679822,11,15900000,1058848.4,1812994.4,6679822,220,19900000,2840821.2,4984340.5,13300000,11,0,0,0,0,528,264,0.7661501,0.38307506,0,4344,718.4,1115.1599,1243581.6,0,0,0,1,0,0,0,0,0,748.3333,395.5,1454.0,0,0,0,0,0,0,16,6328,8,11632,29200,239,8,32,7665733.0,0.0,7665733,7665733,6679822.0,0.0,6679822,6679822
6,5004859,8,6,501,11632,501,0,62.625,177.13025,5792,0,1938.6666,2544.919,2424.24412,2.797281602,384989.16,1386948.6,5001033,3,3826,546.5714,567.75635,1662,3,5004733,1000946.6,2237132.0,5002850,47,0,0,0,0,264,200,1.5984466,1.198835,0,5792,808.86664,1800.2114,3240761.0,0,0,0,1,0,0,0,0,0,866.6429,62.625,1938.6666,0,0,0,0,0,0,8,501,6,11632,29200,235,1,32,0.0,0.0,0,0,0.0,0.0,0,0
6,11836655,7,5,418,11632,418,0,59.714287,157.98915,7288,0,2326.4,3351.2905,1018.024095,1.013799929,1076059.5,2427686.2,6834195,3,6839925,1139987.5,2791532.8,6838180,3,11800000,2959148.0,3497410.8,6834195,67,0,0,0,0,232,168,0.5913833,0.42241663,0,7288,926.9231,2254.4507,5082548.5,0,0,0,1,0,0,0,0,0,1004.1667,59.714287,2326.4,0,0,0,0,0,0,7,418,5,11632,29200,235,1,32,828.0,0.0,828,828,6834195.0,0.0,6834195,6834195
6,46541168,2,0,0,0,0,0,0.0,0.0,0,0,0.0,0.0,0.0,0.042972708,46500000.0,0.0,46500000,46500000,46500000,46500000.0,0.0,46500000,46500000,0,0.0,0.0,0,0,0,0,0,0,64,0,0.042972706,0.0,0,0,0.0,0.0,0.0,0,0,0,0,1,0,0,0,0,0.0,0.0,0.0,0,0,0,0,0,0,2,0,0,0,410,-1,0,32,0.0,0.0,0,0,46500000.0,0.0,46500000,46500000
6,11424995,5,4,629,3525,629,0,125.8,281.29736,3525,0,881.25,1762.5,363.5887806,0.787746515,1428124.4,2670283.2,6422922,19,6427469,1606867.2,3213104.5,6426524,197,11400000,3808325.2,3373157.5,6422922,806,0,0,0,0,168,136,0.43763694,0.35010955,0,3525,415.4,1110.34,1232854.9,0,0,0,1,0,0,0,0,0,461.55554,125.8,881.25,0,0,0,0,0,0,5,629,4,3525,29200,237,1,32,825.0,0.0,825,825,6422922.0,0.0,6422922,6422922
6,10628428,8,5,582,11632,582,0,72.75,205.76807,5840,0,2326.4,3185.5996,1149.182174,1.223134785,885702.3,2072224.0,5625866,48,5628579,804082.7,2126617.0,5626797,49,10600000,2657086.8,3078241.0,5625866,157,0,0,0,0,264,168,0.7526983,0.47043645,0,5840,872.4286,2100.1052,4410442.0,0,0,0,1,0,0,0,0,0,939.53845,72.75,2326.4,0,0,0,0,0,0,8,582,5,11632,29200,236,1,32,728.0,0.0,728,728,5625866.0,0.0,5625866,5625866
6,82670723,2,0,0,0,0,0,0.0,0.0,0,0,0.0,0.0,0.0,0.024192361,82700000.0,0.0,82700000,82700000,82700000,82700000.0,0.0,82700000,82700000,0,0.0,0.0,0,0,0,0,0,0,64,0,0.024192361,0.0,0,0,0.0,0.0,0.0,0,0,0,0,1,0,0,0,0,0.0,0.0,0.0,0,0,0,0,0,0,2,0,0,0,410,-1,0,32,0.0,0.0,0,0,82700000.0,0.0,82700000,82700000
6,9197751,8,5,340,11632,340,0,42.5,120.20815,7240,0,2326.4,3340.9048,1301.622538,1.41338899,766479.25,1796668.2,4998348,1,4199403,599914.7,1586065.9,4196774,1,9197697,2299424.2,2675308.8,5004665,180,0,0,0,0,264,168,0.86977786,0.54361117,0,7240,855.1429,2176.5374,4737315.0,0,0,0,1,0,0,0,0,0,920.9231,42.5,2326.4,0,0,0,0,0,0,8,340,5,11632,29200,235,1,32,0.0,0.0,0,0,0.0,0.0,0,0
6,5003453,7,6,638,11632,638,0,91.14286,241.14133,5840,0,1938.6666,2550.3752,2452.306437,2.598205679,416954.4,1443490.8,5000653,3,2800,466.66666,334.76,1008,3,5003404,1000680.8,2236953.5,5002265,50,0,0,0,0,232,200,1.3990338,1.1991719,0,5840,876.4286,1854.8462,3440454.2,0,0,0,1,0,0,0,0,0,943.8461,91.14286,1938.6666,0,0,0,0,0,0,7,638,6,11632,29200,237,1,32,0.0,0.0,0,0,0.0,0.0,0,0
6,11813380,8,5,457,11632,457,0,57.125,161.5739,7288,0,2326.4,3351.2905,1023.331172,1.10044712,984448.3,2330220.2,6810912,18,6816349,973764.1,2575546.2,6814554,224,11800000,2953340.5,3488719.8,6810912,153,0,0,0,0,264,168,0.67719823,0.4232489,0,7288,863.5,2179.5427,4750406.0,0,0,0,1,0,0,0,0,0,929.9231,57.125,2326.4,0,0,0,0,0,0,8,457,5,11632,29200,235,1,32,930.0,0.0,930,930,6810912.0,0.0,6810912,6810912
6,11209007,8,7,361,11632,361,0,45.125,127.632774,4392,0,1661.7142,1958.926,1069.943127,1.338209531,800643.4,2048023.2,6203100,3,6206692,886670.3,2344690.8,6203929,3,11200000,1868165.4,2918434.0,6203100,17,0,0,0,0,264,232,0.71371174,0.6244978,0,4392,749.5625,1494.3053,2232948.5,0,0,0,1,0,0,0,0,0,799.5333,45.125,1661.7142,0,0,0,0,0,0,8,361,7,11632,29200,235,1,32,843.0,0.0,843,843,6203100.0,0.0,6203100,6203100
6,46552966,2,0,0,0,0,0,0.0,0.0,0,0,0.0,0.0,0.0,0.042961817,46600000.0,0.0,46600000,46600000,46600000,46600000.0,0.0,46600000,46600000,0,0.0,0.0,0,0,0,0,0,0,64,0,0.042961817,0.0,0,0,0.0,0.0,0.0,0,0,0,0,1,0,0,0,0,0.0,0.0,0.0,0,0,0,0,0,0,2,0,0,0,296,-1,0,32,0.0,0.0,0,0,46600000.0,0.0,46600000,46600000
6,5003186,7,6,336,11632,336,0,48.0,126.99606,5792,0,1938.6666,2544.919,2392.075769,2.598344335,416932.16,1442914.2,4998800,1,4386,731.0,770.0138,1770,1,5003017,1000603.4,2236106.5,5000672,46,0,0,0,0,232,200,1.3991085,1.1992358,0,5792,854.8571,1856.7051,3447353.8,0,0,0,1,0,0,0,0,0,920.61536,48.0,1938.6666,0,0,0,0,0,0,7,336,6,11632,29200,235,1,32,0.0,0.0,0,0,0.0,0.0,0,0
6,5001486,8,6,318,11632,318,0,39.75,112.42998,5840,0,1938.6666,2550.3752,2389.289903,2.799168087,384729.7,1386302.1,4998622,51,2864,409.14285,341.92273,1086,157,5001427,1000285.4,2236124.2,5000386,51,0,0,0,0,264,200,1.5995246,1.1996435,0,5840,796.6667,1805.8159,3260971.2,0,0,0,1,0,0,0,0,0,853.5714,39.75,1938.6666,0,0,0,0,0,0,8,318,6,11632,29200,235,1,32,0.0,0.0,0,0,0.0,0.0,0,0
6,14162508,8,6,455,11632,455,0,56.875,160.86679,5840,0,1938.6666,2550.3752,853.4505329,0.988525479,1089423.8,2790580.2,9157216,14,9160267,1308609.6,3461465.2,9158475,200,14200000,2832497.8,4146770.2,9157216,14,0,0,0,0,264,200,0.5648717,0.42365378,0,5840,805.8,1803.5671,3252854.2,0,0,0,1,0,0,0,0,0,863.3571,56.875,1938.6666,0,0,0,0,0,0,8,455,6,11632,29200,235,1,32,885.0,0.0,885,885,9157216.0,0.0,9157216,9157216
6,107685289,2,1,582,6,582,0,291.0,411.53613,6,6,6.0,0.0,5.460355871,0.027858959,53800000.0,76100000.0,108000000,42,108000000,108000000.0,0.0,108000000,108000000,0,0.0,0.0,0,0,0,0,0,0,64,20,0.01857264,0.00928632,0,582,147.0,290.0138,84108.0,0,0,0,0,1,0,0,0,0,196.0,291.0,6.0,0,0,0,0,0,0,2,582,1,6,410,0,1,32,0.0,0.0,0,0,108000000.0,0.0,108000000,108000000
6,11955146,5,4,661,3525,661,0,132.2,295.6082,3525,0,881.25,1762.5,350.1421062,0.752813893,1494393.2,2814719.2,6952989,21,6957133,1739283.2,3477796.5,6955978,21,12000000,3985027.0,3585772.5,6952989,813,0,0,0,0,168,136,0.41822994,0.33458394,0,3525,418.6,1111.0698,1234476.2,0,0,0,1,0,0,0,0,0,465.1111,132.2,881.25,0,0,0,0,0,0,5,661,4,3525,29200,237,1,32,878.0,0.0,878,878,6952989.0,0.0,6952989,6952989
6,31133964,2,0,0,0,0,0,0.0,0.0,0,0,0.0,0.0,0.0,0.064238527,31100000.0,0.0,31100000,31100000,31100000,31100000.0,0.0,31100000,31100000,0,0.0,0.0,0,0,0,0,0,0,64,0,0.064238526,0.0,0,0,0.0,0.0,0.0,0,0,0,0,1,0,0,0,0,0.0,0.0,0.0,0,0,0,0,0,0,2,0,0,0,410,-1,0,32,0.0,0.0,0,0,31100000.0,0.0,31100000,31100000
6,11340929,10,6,1347,11632,449,0,134.7,216.8876,8688,0,1938.6666,3501.9963,1144.438873,1.410819167,756061.94,1920269.6,5927192,19,6342653,704739.25,1961312.6,5929564,209,11300000,2268182.0,2940704.5,5927192,188,0,0,0,0,328,200,0.88176197,0.5290572,0,8688,763.4706,2158.7927,4660386.5,0,0,0,1,0,0,0,0,0,811.1875,134.7,1938.6666,0,0,0,0,0,0,10,1347,6,11632,29200,235,3,32,412077.0,0.0,412077,412077,5927192.0,0.0,5927192,5927192
6,32669248,17,7,3825,11632,425,0,225.0,218.66069,4344,0,1661.7142,1765.0275,473.136082,0.734635826,1420402.1,3137760.5,13300000,4,27700000,1729297.0,3560458.0,13300000,4,31700000,5278396.0,10700000.0,26700000,16,0,0,0,0,560,232,0.520367,0.21426879,0,4344,618.28,1119.7073,1253744.2,0,0,0,1,0,0,0,0,0,644.0417,225.0,1661.7142,0,0,0,0,0,0,17,3825,7,11632,29200,235,9,32,7666816.0,0.0,7666816,7666816,9999742.0,4706389.0,13300000,6671823
6,10714983,7,5,441,11632,441,0,63.0,166.68233,10184,0,2326.4,4437.056,1126.740005,1.119927115,974089.4,2171272.8,5711040,1,5718425,953070.8,2333994.0,5717316,1,10700000,2678727.8,3105913.0,5711040,185,0,0,0,0,232,168,0.6532908,0.4666363,0,10184,928.6923,2810.589,7899411.5,0,0,0,1,0,0,0,0,0,1006.0833,63.0,2326.4,0,0,0,0,0,0,7,441,5,11632,29200,235,1,32,1115.0,0.0,1115,1115,5711040.0,0.0,5711040,5711040
6,10742906,8,6,448,11632,448,0,56.0,158.39192,4392,0,1938.6666,2190.7188,1124.462971,1.303185563,826377.4,2022103.5,5736929,18,5739690,819955.7,2168500.8,5737653,183,10700000,2148563.8,2953011.5,5736929,18,0,0,0,0,264,200,0.7446775,0.5585081,0,4392,805.3333,1626.1061,2644221.0,0,0,0,1,0,0,0,0,0,862.8571,56.0,1938.6666,0,0,0,0,0,0,8,448,6,11632,29200,235,1,32,873.0,0.0,873,873,5736929.0,0.0,5736929,5736929
6,8915666,12,7,1032,11632,258,0,86.0,127.03042,4344,0,1661.7142,1765.0275,1420.421088,2.13108028,495314.78,1233622.5,5002230,16,3913436,355766.9,622312.06,2003956,205,5912907,985484.5,1992962.5,5003431,16,0,0,0,0,408,232,1.3459455,0.78513485,0,4344,633.2,1262.1703,1593073.9,0,0,0,1,0,0,0,0,0,666.5263,86.0,1661.7142,0,0,0,0,0,0,12,1032,7,11632,29200,235,4,32,0.0,0.0,0,0,0.0,0.0,0,0
6,11258694,8,6,353,11632,353,0,44.125,124.804344,5792,0,1938.6666,2544.919,1064.510679,1.24348348,866053.4,2128797.2,6253289,15,6255861,893694.44,2363715.0,6254096,209,11300000,2251729.8,3114365.0,6253289,15,0,0,0,0,264,200,0.710562,0.5329215,0,5792,799.0,1802.4235,3248730.5,0,0,0,1,0,0,0,0,0,856.0714,44.125,1938.6666,0,0,0,0,0,0,8,353,6,11632,29200,235,1,32,854.0,0.0,854,854,6253289.0,0.0,6253289,6253289
6,11554342,8,5,410,11632,410,0,51.25,144.9569,7288,0,2326.4,3351.2905,1042.205605,1.125118159,962861.8,2272285.0,6551700,41,6554689,936384.1,2476535.5,6552639,222,11600000,2888566.2,3394362.2,6551700,126,0,0,0,0,264,168,0.6923804,0.43273777,0,7288,860.1429,2180.253,4753503.0,0,0,0,1,0,0,0,0,0,926.3077,51.25,2326.4,0,0,0,0,0,0,8,410,5,11632,29200,235,1,32,959.0,0.0,959,959,6551700.0,0.0,6551700,6551700
6,79334750,2,0,0,0,0,0,0.0,0.0,0,0,0.0,0.0,0.0,0.025209634,79300000.0,0.0,79300000,79300000,79300000,79300000.0,0.0,79300000,79300000,0,0.0,0.0,0,0,0,0,0,0,64,0,0.025209634,0.0,0,0,0.0,0.0,0.0,0,0,0,0,1,0,0,0,0,0.0,0.0,0.0,0,0,0,0,0,0,2,0,0,0,410,-1,0,32,0.0,0.0,0,0,79300000.0,0.0,79300000,79300000
6,11355740,10,6,1770,11632,590,0,177.0,284.99707,5792,0,1938.6666,2984.8372,1180.196095,1.408979071,757049.3,1923627.9,5943212,48,6356143,706238.1,1966262.6,5944285,224,11400000,2271138.5,2945940.8,5943212,96,0,0,0,0,328,200,0.8806119,0.52836716,0,5792,788.35297,1896.9651,3598476.5,0,0,0,1,0,0,0,0,0,837.625,177.0,1938.6666,0,0,0,0,0,0,10,1770,6,11632,29200,236,3,32,410867.0,0.0,410867,410867,5943212.0,0.0,5943212,5943212
6,43126310,2,0,0,0,0,0,0.0,0.0,0,0,0.0,0.0,0.0,0.046375403,43100000.0,0.0,43100000,43100000,43100000,43100000.0,0.0,43100000,43100000,0,0.0,0.0,0,0,0,0,0,0,64,0,0.0463754,0.0,0,0,0.0,0.0,0.0,0,0,0,0,1,0,0,0,0,0.0,0.0,0.0,0,0,0,0,0,0,2,0,0,0,410,-1,0,32,0.0,0.0,0,0,43100000.0,0.0,43100000,43100000
6,14892259,8,6,590,11632,590,0,73.75,208.5965,5792,0,1938.6666,2544.919,820.6948321,0.940085718,1145558.4,2968474.8,9890000,4,9893264,1413323.4,3738294.8,9890979,4,14900000,2978443.2,4429124.0,9890000,14,0,0,0,0,264,200,0.53719187,0.40289387,0,5792,814.8,1799.2706,3237374.8,0,0,0,1,0,0,0,0,0,873.0,73.75,1938.6666,0,0,0,0,0,0,8,590,6,11632,29200,236,1,32,790.0,0.0,790,790,9890000.0,0.0,9890000,9890000
6,1153434,2,0,0,0,0,0,0.0,0.0,0,0,0.0,0.0,0.0,1.733952701,1153434.0,0.0,1153434,1153434,1153434,1153434.0,0.0,1153434,1153434,0,0.0,0.0,0,0,0,0,0,0,64,0,1.7339526,0.0,0,0,0.0,0.0,0.0,0,0,0,0,1,0,0,0,0,0.0,0.0,0.0,0,0,0,0,0,0,2,0,0,0,284,-1,0,32,0.0,0.0,0,0,0.0,0.0,0,0
6,12760873,7,4,470,3525,470,0,67.14286,177.6433,3525,0,881.25,1762.5,313.0663553,0.862009989,1276087.2,2009374.9,5002931,97,7757942,1292990.4,1874636.4,4752604,225,9757235,3252411.8,2818158.5,5004061,1548,0,0,0,0,248,136,0.5485518,0.31345817,0,3525,332.91666,1014.28534,1028774.8,0,0,0,1,0,0,0,0,0,363.18182,67.14286,881.25,0,0,0,0,0,0,7,470,4,3525,29200,235,1,32,0.0,0.0,0,0,0.0,0.0,0,0
6,17538172,8,7,290,11632,290,0,36.25,102.53049,4344,0,1661.7142,1765.0275,679.7743801,0.855277277,1252726.6,3509388.5,12500000,0,12500000,1791528.0,4739693.0,12500000,0,17500000,2923024.0,5116045.5,12500000,14,0,0,0,0,264,232,0.45614788,0.3991294,0,4344,745.125,1395.7485,1948114.1,0,0,0,1,0,0,0,0,0,794.8,36.25,1661.7142,0,0,0,0,0,0,8,290,7,11632,29200,235,1,32,635.0,0.0,635,635,12500000.0,0.0,12500000,12500000
6,11472639,5,4,345,3525,345,0,69.0,154.2887,3525,0,881.25,1762.5,337.324307,0.784475133,1434079.9,2683304.8,6467170,4,6469714,1617428.5,3234290.2,6468864,4,11500000,3824206.8,3390898.8,6467170,875,0,0,0,0,168,136,0.4358195,0.3486556,0,3525,387.0,1107.8989,1227440.0,0,0,0,1,0,0,0,0,0,430.0,69.0,881.25,0,0,0,0,0,0,5,345,4,3525,29200,235,1,32,894.0,0.0,894,894,6467170.0,0.0,6467170,6467170
6,4077104,2,0,0,0,0,0,0.0,0.0,0,0,0.0,0.0,0.0,0.490544269,4077104.0,0.0,4077104,4077104,4077104,4077104.0,0.0,4077104,4077104,0,0.0,0.0,0,0,0,0,0,0,64,0,0.49054426,0.0,0,0,0.0,0.0,0.0,0,0,0,0,1,0,0,0,0,0.0,0.0,0.0,0,0,0,0,0,0,2,0,0,0,410,-1,0,32,0.0,0.0,0,0,0.0,0.0,0,0
6,10539764,7,4,454,3525,454,0,64.85714,171.59587,3525,0,881.25,1762.5,377.5226846,1.043666632,1053976.4,1678183.4,5003890,85,5535874,922645.7,1123611.8,2531068,318,7536487,2512162.2,2501993.0,5005021,1134,0,0,0,0,248,136,0.6641515,0.37951514,0,3525,331.58334,1014.0993,1028397.4,0,0,0,1,0,0,0,0,0,361.72726,64.85714,881.25,0,0,0,0,0,0,7,454,4,3525,29200,235,1,32,0.0,0.0,0,0,0.0,0.0,0,0
6,9687672,5,4,520,3525,520,0,104.0,232.55107,3525,0,881.25,1762.5,417.5409737,0.929015764,1210959.0,2243234.2,5003788,18,4683884,1170971.0,2341074.0,4682582,263,9687625,3229208.2,2800534.0,5005114,826,0,0,0,0,168,136,0.5161199,0.4128959,0,3525,404.5,1108.5437,1228869.1,0,0,0,1,0,0,0,0,0,449.44446,104.0,881.25,0,0,0,0,0,0,5,520,4,3525,29200,235,1,32,0.0,0.0,0,0,0.0,0.0,0,0
6,14026313,13,8,2305,11632,461,0,177.3077,233.43642,5792,0,1454.0,2042.9972,993.6324678,1.497186039,701315.6,1740680.1,6364159,1,9030281,752523.44,1802210.1,6370220,1,13000000,1861458.0,2708984.0,6364159,46,0,0,0,0,432,264,0.92682946,0.5703566,0,5792,633.5,1351.6006,1826824.1,0,0,0,1,0,0,0,0,0,663.6667,177.3077,1454.0,0,0,0,0,0,0,13,2305,8,11632,29200,235,5,32,2660157.0,0.0,2660157,2660157,6364159.0,0.0,6364159,6364159
6,15954278,6,4,549,3525,549,0,91.5,224.12831,3525,0,881.25,1762.5,255.354708,0.626791134,1772697.5,3478191.2,9952523,39,11000000,2190537.0,4361093.0,9953533,39,15000000,4985385.5,4975834.0,9952523,900,0,0,0,0,208,136,0.37607467,0.25071645,0,3525,370.36365,1059.1583,1121816.5,0,0,0,1,0,0,0,0,0,407.4,91.5,881.25,0,0,0,0,0,0,6,549,4,3525,29200,235,1,32,999021.0,0.0,999021,999021,9952523.0,0.0,9952523,9952523
6,10506069,7,5,410,11632,410,0,58.57143,154.96544,7288,0,2326.4,3351.2905,1146.194642,1.142196953,955097.2,2126885.5,5500534,4,5504584,917430.7,2246672.2,5503431,4,10500000,2626505.2,3039004.0,5500534,162,0,0,0,0,232,168,0.6662816,0.4759154,0,7288,926.3077,2254.6023,5083232.0,0,0,0,1,0,0,0,0,0,1003.5,58.57143,2326.4,0,0,0,0,0,0,7,410,5,11632,29200,235,1,32,887.0,0.0,887,887,5500534.0,0.0,5500534,5500534
6,11493389,7,4,401,11632,401,0,57.285713,151.56375,11632,0,2908.0,5816.0,1046.949686,0.957071931,1149338.9,2447103.2,6487701,79,6491954,1081992.4,2649572.8,6490410,208,11500000,3831103.2,3399002.8,6487701,788,0,0,0,0,232,136,0.6090458,0.34802616,0,11632,1002.75,3349.33,11200000.0,0,0,0,1,0,0,0,0,0,1093.909,57.285713,2908.0,0,0,0,0,0,0,7,401,4,11632,29200,235,1,32,867.0,0.0,867,867,6487701.0,0.0,6487701,6487701
6,6004810,9,6,422,11632,422,0,46.88889,140.66667,5792,0,1938.6666,2544.919,2007.390742,2.497997439,428915.0,1343256.9,5003524,37,1001286,125160.75,352822.72,998352,37,5006389,1001277.8,2238212.0,5005113,48,0,0,0,0,304,200,1.4987985,0.999199,0,5792,753.375,1751.7711,3068702.2,0,0,0,1,0,0,0,0,0,803.6,46.88889,1938.6666,0,0,0,0,0,0,9,422,6,11632,29200,235,1,32,0.0,0.0,0,0,0.0,0.0,0,0
6,12151364,2,0,0,0,0,0,0.0,0.0,0,0,0.0,0.0,0.0,0.164590576,12200000.0,0.0,12200000,12200000,12200000,12200000.0,0.0,12200000,12200000,0,0.0,0.0,0,0,0,0,0,0,64,0,0.16459058,0.0,0,0,0.0,0.0,0.0,0,0,0,0,1,0,0,0,0,0.0,0.0,0.0,0,0,0,0,0,0,2,0,0,0,410,-1,0,32,0.0,0.0,0,0,12200000.0,0.0,12200000,12200000
6,12019121,11,6,431,11632,431,0,39.18182,129.95139,5792,0,1938.6666,2544.919,1003.650766,1.414412918,751195.06,1572544.9,5001604,4,7017517,701751.7,1340877.4,4011925,4,5005736,1001147.2,2237332.5,5003409,47,0,0,0,0,384,200,0.91520834,0.49920455,0,5792,670.1667,1663.3625,2766774.8,0,0,0,1,0,0,0,0,0,709.58826,39.18182,1938.6666,0,0,0,0,0,0,11,431,6,11632,29200,235,1,32,0.0,0.0,0,0,0.0,0.0,0,0
6,107682156,2,1,346,6,346,0,173.0,244.65895,6,6,6.0,0.0,3.268879572,0.027859769,53800000.0,76100000.0,108000000,42,108000000,108000000.0,0.0,108000000,108000000,0,0.0,0.0,0,0,0,0,0,0,64,20,0.01857318,0.00928659,0,346,88.0,172.02325,29592.0,0,0,0,0,1,0,0,0,0,117.333336,173.0,6.0,0,0,0,0,0,0,2,346,1,6,410,0,1,32,0.0,0.0,0,0,108000000.0,0.0,108000000,108000000
6,43142507,2,0,0,0,0,0,0.0,0.0,0,0,0.0,0.0,0.0,0.046357992,43100000.0,0.0,43100000,43100000,43100000,43100000.0,0.0,43100000,43100000,0,0.0,0.0,0,0,0,0,0,0,64,0,0.046357993,0.0,0,0,0.0,0.0,0.0,0,0,0,0,1,0,0,0,0,0.0,0.0,0.0,0,0,0,0,0,0,2,0,0,0,410,-1,0,32,0.0,0.0,0,0,43100000.0,0.0,43100000,43100000
6,80338459,2,0,0,0,0,0,0.0,0.0,0,0,0.0,0.0,0.0,0.024894677,80300000.0,0.0,80300000,80300000,80300000,80300000.0,0.0,80300000,80300000,0,0.0,0.0,0,0,0,0,0,0,64,0,0.024894677,0.0,0,0,0.0,0.0,0.0,0,0,0,0,1,0,0,0,0,0.0,0.0,0.0,0,0,0,0,0,0,2,0,0,0,410,-1,0,32,0.0,0.0,0,0,80300000.0,0.0,80300000,80300000
6,10674494,8,5,609,11632,609,0,76.125,215.31401,7288,0,2326.4,3351.2905,1146.752249,1.217856322,889541.2,2081842.0,5672529,4,5675240,810748.56,2144264.2,5673483,4,10700000,2668618.8,3093053.0,5672529,161,0,0,0,0,264,168,0.74945,0.4684063,0,7288,874.3571,2177.7397,4742550.5,0,0,0,1,0,0,0,0,0,941.61536,76.125,2326.4,0,0,0,0,0,0,8,609,5,11632,29200,236,1,32,859.0,0.0,859,859,5672529.0,0.0,5672529,5672529
6,5008497,5,4,475,3525,475,0,95.0,212.42645,3525,0,881.25,1762.5,798.6427864,1.79694627,626062.1,1769008.4,5004134,50,4363,1090.75,1022.79724,2444,212,5008447,1669482.4,2888723.8,5005093,663,0,0,0,0,168,136,0.9983035,0.7986428,0,3525,400.0,1108.114,1227916.6,0,0,0,1,0,0,0,0,0,444.44446,95.0,881.25,0,0,0,0,0,0,5,475,4,3525,29200,235,1,32,0.0,0.0,0,0,0.0,0.0,0,0
6,10643320,8,5,353,11632,353,0,44.125,124.804344,7288,0,2326.4,3351.2905,1126.05841,1.22142339,886943.3,2075317.8,5640759,16,5643496,806213.7,2132142.8,5641459,242,10600000,2660826.0,3082938.8,5640759,160,0,0,0,0,264,168,0.75164515,0.46977824,0,7288,856.0714,2181.2112,4757682.5,0,0,0,1,0,0,0,0,0,921.9231,44.125,2326.4,0,0,0,0,0,0,8,353,5,11632,29200,235,1,32,866.0,0.0,866,866,5640759.0,0.0,5640759,5640759
6,7640212,8,5,407,11632,407,0,50.875,143.89622,10184,0,2326.4,4437.056,1575.741616,1.701523466,636684.3,1568000.1,4995684,30,2644528,377789.72,998754.06,2642751,48,7640149,1910037.2,2407209.0,5002455,186,0,0,0,0,264,168,1.0470914,0.6544321,0,10184,859.9286,2712.1313,7355656.0,0,0,0,1,0,0,0,0,0,926.0769,50.875,2326.4,0,0,0,0,0,0,8,407,5,11632,29200,235,1,32,0.0,0.0,0,0,0.0,0.0,0,0
6,18504380,9,6,279,11632,279,0,31.0,93.0,5792,0,1938.6666,2544.919,643.685441,0.810618891,1321741.4,3749626.2,13500000,1,13500000,1687863.9,4772760.5,13500000,1,18500000,3700863.2,5890220.5,13500000,157,0,0,0,0,296,200,0.48637134,0.32424757,0,5792,744.4375,1753.938,3076298.5,0,0,0,1,0,0,0,0,0,794.06665,31.0,1938.6666,0,0,0,0,0,0,9,279,6,11632,29200,235,1,32,1067.0,0.0,1067,1067,13500000.0,0.0,13500000,13500000
6,10580776,7,5,410,11632,410,0,58.57143,154.96544,7288,0,2326.4,3351.2905,1138.10178,1.134132317,961888.75,2143181.2,5577420,68,5580559,930093.2,2277485.5,5578991,215,10600000,2645177.0,3062810.5,5577420,161,0,0,0,0,232,168,0.66157717,0.47255513,0,7288,926.3077,2254.6023,5083232.0,0,0,0,1,0,0,0,0,0,1003.5,58.57143,2326.4,0,0,0,0,0,0,7,410,5,11632,29200,235,1,32,930.0,0.0,930,930,5577420.0,0.0,5577420,5577420
6,8951826,8,5,616,11632,616,0,77.0,217.7889,7288,0,2326.4,3351.2905,1368.212474,1.452217682,745985.5,1755081.9,4999203,65,3952623,564660.44,1493116.8,3950731,171,8951731,2237932.8,2619467.2,5004886,127,0,0,0,0,264,168,0.8936724,0.5585453,0,7288,874.8571,2177.675,4742268.0,0,0,0,1,0,0,0,0,0,942.1539,77.0,2326.4,0,0,0,0,0,0,8,616,5,11632,29200,236,1,32,0.0,0.0,0,0,0.0,0.0,0,0
6,10654148,8,5,358,11632,358,0,44.75,126.57211,10184,0,2326.4,4437.056,1125.383278,1.220182036,887845.7,2077334.8,5651858,40,5655723,807960.44,2136280.0,5652588,209,10700000,2663526.5,3086372.0,5651858,196,0,0,0,0,264,168,0.75088125,0.46930078,0,10184,856.4286,2712.7922,7359242.0,0,0,0,1,0,0,0,0,0,922.3077,44.75,2326.4,0,0,0,0,0,0,8,358,5,11632,29200,235,1,32,987.0,0.0,987,987,5651858.0,0.0,5651858,5651858
6,11416076,8,4,1776,3525,444,0,222.0,237.32799,3525,0,881.25,1762.5,464.3451918,1.051149274,1037825.06,2112433.8,5583960,57,6412684,916097.7,2064649.6,5585177,386,11400000,3805339.8,2595352.8,5583960,827193,0,0,0,0,264,136,0.7007662,0.3503831,0,3525,407.76923,959.7128,921048.7,0,0,0,1,0,0,0,0,0,441.75,222.0,881.25,0,0,0,0,0,0,8,1776,4,3525,29200,235,4,32,827250.0,0.0,827250,827250,5583960.0,0.0,5583960,5583960
6,59099387,2,0,0,0,0,0,0.0,0.0,0,0,0.0,0.0,0.0,0.033841299,59100000.0,0.0,59100000,59100000,59100000,59100000.0,0.0,59100000,59100000,0,0.0,0.0,0,0,0,0,0,0,64,0,0.0338413,0.0,0,0,0.0,0.0,0.0,0,0,0,0,1,0,0,0,0,0.0,0.0,0.0,0,0,0,0,0,0,2,0,0,0,284,-1,0,32,0.0,0.0,0,0,59100000.0,0.0,59100000,59100000
6,18556503,5,4,404,3525,404,0,80.8,180.67429,3525,0,881.25,1762.5,211.731704,0.485005176,2319563.0,4863937.5,13600000,35,13600000,3388773.0,6776951.5,13600000,35,18600000,6185471.0,6852021.0,13600000,604,0,0,0,0,168,136,0.26944733,0.21555786,0,3525,392.9,1107.8075,1227237.4,0,0,0,1,0,0,0,0,0,436.55554,80.8,881.25,0,0,0,0,0,0,5,404,4,3525,29200,235,1,32,694.0,0.0,694,694,13600000.0,0.0,13600000,13600000
6,10052076,2,0,0,0,0,0,0.0,0.0,0,0,0.0,0.0,0.0,0.198963876,10100000.0,0.0,10100000,10100000,10100000,10100000.0,0.0,10100000,10100000,0,0.0,0.0,0,0,0,0,0,0,64,0,0.19896388,0.0,0,0,0.0,0.0,0.0,0,0,0,0,1,0,0,0,0,0.0,0.0,0.0,0,0,0,0,0,0,2,0,0,0,284,-1,0,32,0.0,0.0,0,0,10100000.0,0.0,10100000,10100000
6,10654482,8,5,459,11632,459,0,57.375,162.281,10184,0,2326.4,4437.056,1134.827578,1.220143785,887873.5,2077534.8,5648397,26,5651173,807310.44,2135033.8,5649112,238,10700000,2663604.0,3086289.5,5648397,195,0,0,0,0,264,168,0.7508577,0.46928608,0,10184,863.6429,2711.4988,7352226.0,0,0,0,1,0,0,0,0,0,930.0769,57.375,2326.4,0,0,0,0,0,0,8,459,5,11632,29200,235,1,32,862.0,0.0,862,862,5648397.0,0.0,5648397,5648397
6,11921555,14,6,1820,11632,260,0,130.0,134.90738,7240,0,1938.6666,3122.1682,1128.37629,1.677633497,627450.25,1332762.0,5001352,45,6920203,532323.3,946797.6,3271907,204,11900000,2384302.0,3143926.5,6540332,45,0,0,0,0,456,200,1.1743435,0.50329006,0,7240,640.5714,1776.886,3157323.8,0,0,0,1,0,0,0,0,0,672.6,130.0,1938.6666,0,0,0,0,0,0,14,1820,6,11632,29200,235,7,32,0.0,0.0,0,0,0.0,0.0,0,0
6,71036823,2,0,0,0,0,0,0.0,0.0,0,0,0.0,0.0,0.0,0.028154412,71000000.0,0.0,71000000,71000000,71000000,71000000.0,0.0,71000000,71000000,0,0.0,0.0,0,0,0,0,0,0,64,0,0.028154412,0.0,0,0,0.0,0.0,0.0,0,0,0,0,1,0,0,0,0,0.0,0.0,0.0,0,0,0,0,0,0,2,0,0,0,284,-1,0,32,0.0,0.0,0,0,71000000.0,0.0,71000000,71000000
6,10643210,7,4,376,11632,376,0,53.714287,142.11464,11632,0,2908.0,5816.0,1128.231051,1.033522781,1064321.0,2247556.0,5637380,1,5642080,940346.7,2302702.8,5640719,1,10600000,3547722.8,3087501.0,5637380,1362,0,0,0,0,232,136,0.6576963,0.37582648,0,11632,1000.6667,3349.746,11200000.0,0,0,0,1,0,0,0,0,0,1091.6364,53.714287,2908.0,0,0,0,0,0,0,7,376,4,11632,29200,235,1,32,1404.0,0.0,1404,1404,5637380.0,0.0,5637380,5637380
6,11399170,6,4,1080,3525,360,0,180.0,197.18011,3525,0,881.25,1762.5,403.9767808,0.877256853,1266574.5,2410184.0,5983734,77,6397099,1279419.8,2633433.5,5986691,112,11400000,3799697.8,2975628.5,5983734,410539,0,0,0,0,200,136,0.52635413,0.35090274,0,3525,418.63635,1043.3889,1088660.5,0,0,0,1,0,0,0,0,0,460.5,180.0,881.25,0,0,0,0,0,0,6,1080,4,3525,29200,235,3,32,410616.0,0.0,410616,410616,5983734.0,0.0,5983734,5983734
6,11355255,8,5,605,11632,605,0,75.625,213.8998,7288,0,2326.4,3351.2905,1077.650832,1.144844391,946271.25,2227789.2,6352714,76,6357089,908155.56,2402061.0,6355518,189,11400000,2838793.8,3323589.8,6352714,161,0,0,0,0,264,168,0.7045196,0.44032475,0,7288,874.0714,2177.7776,4742715.0,0,0,0,1,0,0,0,0,0,941.3077,75.625,2326.4,0,0,0,0,0,0,8,605,5,11632,29200,236,1,32,703.0,0.0,703,703,6352714.0,0.0,6352714,6352714
6,27990759,2,0,0,0,0,0,0.0,0.0,0,0,0.0,0.0,0.0,0.071452153,28000000.0,0.0,28000000,28000000,28000000,28000000.0,0.0,28000000,28000000,0,0.0,0.0,0,0,0,0,0,0,64,0,0.071452156,0.0,0,0,0.0,0.0,0.0,0,0,0,0,1,0,0,0,0,0.0,0.0,0.0,0,0,0,0,0,0,2,0,0,0,410,-1,0,32,0.0,0.0,0,0,28000000.0,0.0,28000000,28000000
6,11598162,8,4,1100,3525,275,0,137.5,146.99368,3525,0,881.25,1762.5,398.770081,1.034646697,1054378.4,2154846.5,5781354,4,6599225,942746.44,2139972.0,5783530,4,11600000,3866039.2,2670517.2,5781354,815456,0,0,0,0,264,136,0.68976444,0.34488222,0,3525,355.76923,961.0191,923557.7,0,0,0,1,0,0,0,0,0,385.41666,137.5,881.25,0,0,0,0,0,0,8,1100,4,3525,29200,235,4,32,815500.0,0.0,815500,815500,5781354.0,0.0,5781354,5781354
6,8449760,8,3,346,11632,346,0,43.25,122.329475,11632,0,3877.3333,6715.7383,1417.555055,1.301812122,844976.0,2035807.5,6317808,3,8449760,1207108.6,2390124.8,6320618,3,6318597,3159298.5,4466807.0,6317808,789,0,0,0,0,264,104,0.94677246,0.35503966,0,11632,998.1667,3350.2659,11200000.0,0,0,0,1,0,0,0,0,0,1088.909,43.25,3877.3333,0,0,0,0,0,0,8,346,3,11632,29200,235,1,32,806.0,0.0,806,806,6317808.0,0.0,6317808,6317808
6,11824814,15,6,2922,11632,487,0,194.8,246.95407,10136,0,1938.6666,4056.7705,1230.801601,1.775926454,591240.7,1188570.2,4998814,84,6826000,487571.44,651513.5,2003792,220,8823721,1764744.2,2240957.5,5000955,190,0,0,0,0,504,200,1.2685189,0.50740755,0,10136,661.5455,2145.1206,4601542.0,0,0,0,1,0,0,0,0,0,693.0476,194.8,1938.6666,0,0,0,0,0,0,15,2922,6,11632,29200,235,6,32,0.0,0.0,0,0,0.0,0.0,0,0
6,18573388,8,6,572,11632,572,0,71.5,202.23254,5792,0,1938.6666,2544.919,657.0691357,0.753766626,1428722.1,3900955.2,13600000,3,13600000,1939145.1,5129552.5,13600000,3,18600000,3714667.2,5919809.5,13600000,48,0,0,0,0,264,200,0.4307238,0.32304284,0,5792,813.6,1799.4373,3237974.5,0,0,0,1,0,0,0,0,0,871.7143,71.5,1938.6666,0,0,0,0,0,0,8,572,6,11632,29200,236,1,32,1188.0,0.0,1188,1188,13600000.0,0.0,13600000,13600000
6,7906686,7,6,454,11632,454,0,64.85714,171.59587,4392,0,1938.6666,2190.7188,1528.579736,1.644178104,658890.5,1602153.9,5002820,16,2903866,483977.66,1184712.6,2902262,50,7906613,1581322.6,2289037.5,5004436,16,0,0,0,0,232,200,0.8853267,0.7588514,0,4392,863.2857,1671.4633,2793789.2,0,0,0,1,0,0,0,0,0,929.6923,64.85714,1938.6666,0,0,0,0,0,0,7,454,6,11632,29200,235,1,32,0.0,0.0,0,0,0.0,0.0,0,0
6,10389061,8,6,287,11632,287,0,35.875,101.469826,4392,0,1938.6666,2190.7188,1147.264416,1.347571258,799158.56,1951167.8,5383055,16,5388073,769724.7,2035611.6,5386058,169,10400000,2077798.2,2847790.0,5383055,16,0,0,0,0,264,200,0.7700407,0.57753056,0,4392,794.6,1629.1616,2654167.8,0,0,0,1,0,0,0,0,0,851.3571,35.875,1938.6666,0,0,0,0,0,0,8,287,6,11632,29200,235,1,32,1086.0,0.0,1086,1086,5383055.0,0.0,5383055,5383055
6,12702167,8,5,393,11632,393,0,49.125,138.94649,10136,0,2326.4,4413.497,946.6888603,1.023447416,1058513.9,2284812.2,6697920,63,7701323,1100189.0,2496986.0,6699527,213,11700000,2925652.8,3447499.0,6697920,189,0,0,0,0,272,168,0.6298138,0.39363363,0,10136,858.9286,2700.4607,7292488.0,0,0,0,1,0,0,0,0,0,925.0,49.125,2326.4,0,0,0,0,0,0,8,393,5,11632,29200,235,1,32,1000920.0,0.0,1000920,1000920,6697920.0,0.0,6697920,6697920
6,5145790,5,5,466,3525,466,0,93.2,208.40154,2077,0,705.0,990.6447,775.5854786,1.943336203,571754.44,1661467.2,5000580,4,145210,36302.5,72023.42,144337,4,5145712,1286428.0,2478567.5,5002936,98,0,0,0,0,168,168,0.9716681,0.9716681,0,2077,362.81818,719.707,517978.16,0,0,0,1,0,0,0,0,1,399.1,93.2,705.0,0,0,0,0,0,0,5,466,5,3525,29200,235,1,32,0.0,0.0,0,0,0.0,0.0,0,0
6,117786797,2,0,0,0,0,0,0.0,0.0,0,0,0.0,0.0,0.0,0.016979832,118000000.0,0.0,118000000,118000000,118000000,118000000.0,0.0,118000000,118000000,0,0.0,0.0,0,0,0,0,0,0,64,0,0.016979832,0.0,0,0,0.0,0.0,0.0,0,0,0,0,1,0,0,0,0,0.0,0.0,0.0,0,0,0,0,0,0,2,0,0,0,410,-1,0,32,0.0,0.0,0,0,118000000.0,0.0,118000000,118000000
6,11522152,5,5,311,3525,311,0,62.2,139.08344,2077,0,705.0,990.6447,332.9239191,0.867893428,1280239.1,2567146.0,6516713,1,6521606,1630401.5,3260254.2,6520783,1,11500000,2880521.0,3382372.0,6516713,192,0,0,0,0,168,168,0.43394673,0.43394673,0,2077,348.72726,719.00183,516963.62,0,0,0,1,0,0,0,0,1,383.6,62.2,705.0,0,0,0,0,0,0,5,311,5,3525,29200,235,1,32,911.0,0.0,911,911,6516713.0,0.0,6516713,6516713
6,11224419,8,6,346,11632,346,0,43.25,122.329475,5792,0,1938.6666,2544.919,1067.13764,1.247280594,863416.9,2121464.5,6218403,17,6221405,888772.1,2350747.2,6219766,48,11200000,2244874.2,3103370.0,6218403,17,0,0,0,0,264,200,0.7127318,0.5345488,0,5792,798.5333,1802.5481,3249179.8,0,0,0,1,0,0,0,0,0,855.5714,43.25,1938.6666,0,0,0,0,0,0,8,346,6,11632,29200,235,1,32,715.0,0.0,715,715,6218403.0,0.0,6218403,6218403
6,12422909,10,6,882,11632,294,0,88.2,142.01549,5792,0,1938.6666,2984.8372,1007.332502,1.287943106,828193.94,2137167.8,7010831,18,7423129,824792.1,2321758.2,7011647,249,12400000,2484578.2,3296541.5,7010831,86,0,0,0,0,328,200,0.8049644,0.48297867,0,5792,736.1177,1906.3113,3634022.8,0,0,0,1,0,0,0,0,0,782.125,88.2,1938.6666,0,0,0,0,0,0,10,882,6,11632,29200,235,3,32,410414.0,0.0,410414,410414,7010831.0,0.0,7010831,7010831
6,18487161,2,0,0,0,0,0,0.0,0.0,0,0,0.0,0.0,0.0,0.108183187,18500000.0,0.0,18500000,18500000,18500000,18500000.0,0.0,18500000,18500000,0,0.0,0.0,0,0,0,0,0,0,64,0,0.10818319,0.0,0,0,0.0,0.0,0.0,0,0,0,0,1,0,0,0,0,0.0,0.0,0.0,0,0,0,0,0,0,2,0,0,0,410,-1,0,32,0.0,0.0,0,0,18500000.0,0.0,18500000,18500000
6,30999641,2,0,0,0,0,0,0.0,0.0,0,0,0.0,0.0,0.0,0.064516876,31000000.0,0.0,31000000,31000000,31000000,31000000.0,0.0,31000000,31000000,0,0.0,0.0,0,0,0,0,0,0,64,0,0.06451688,0.0,0,0,0.0,0.0,0.0,0,0,0,0,1,0,0,0,0,0.0,0.0,0.0,0,0,0,0,0,0,2,0,0,0,410,-1,0,32,0.0,0.0,0,0,31000000.0,0.0,31000000,31000000
6,11407645,7,5,463,11632,463,0,66.14286,174.99756,7288,0,2326.4,3351.2905,1060.253891,1.051926143,1037058.6,2326662.5,6401600,1,6409300,1068216.6,2616115.0,6408339,1,11400000,2851895.8,3341446.2,6401600,160,0,0,0,0,232,168,0.61362356,0.43830255,0,7288,930.38464,2253.6387,5078887.5,0,0,0,1,0,0,0,0,0,1007.9167,66.14286,2326.4,0,0,0,0,0,0,7,463,5,11632,29200,235,1,32,1033.0,0.0,1033,1033,6401600.0,0.0,6401600,6401600
6,17524012,8,4,520,11632,520,0,65.0,183.84776,11632,0,2908.0,5816.0,693.4485094,0.684774697,1593092.0,3922351.0,12500000,0,12500000,1789129.8,4733221.0,12500000,0,17500000,5841327.5,6301860.5,12500000,861,0,0,0,0,264,136,0.45651647,0.22825824,0,11632,934.7692,3217.3296,10400000.0,0,0,0,1,0,0,0,0,0,1012.6667,65.0,2908.0,0,0,0,0,0,0,8,520,4,11632,29200,235,1,32,890.0,0.0,890,890,12500000.0,0.0,12500000,12500000
6,11309489,7,5,608,11632,608,0,86.85714,229.8024,8736,0,2326.4,3796.1765,1082.277015,1.061055897,1028135.4,2304002.5,6303793,4,6312076,1052012.6,2574729.5,6307657,4,11300000,2827354.0,3305666.8,6303793,166,0,0,0,0,232,168,0.6189493,0.44210663,0,8736,941.53845,2475.7112,6129145.5,0,0,0,1,0,0,0,0,0,1020.0,86.85714,2326.4,0,0,0,0,0,0,7,608,5,11632,29200,236,1,32,3510.0,0.0,3510,3510,6303793.0,0.0,6303793,6303793
6,9448638,10,5,741,11632,741,0,74.1,234.32477,5792,0,2326.4,2639.7417,1309.500904,1.587530393,674902.7,1727781.5,5263609,3,9448638,1049848.6,2099794.5,5264354,3,5264807,1316201.8,2631604.8,5263609,122,0,0,0,0,328,168,1.0583535,0.5291768,0,5792,773.3125,1749.5621,3060967.8,0,0,0,1,0,0,0,0,0,824.86664,74.1,2326.4,0,0,0,0,0,0,10,741,5,11632,29200,238,1,32,933.0,0.0,933,933,5263609.0,0.0,5263609,5263609
6,15989024,9,6,374,11632,374,0,41.555557,124.666664,4392,0,1938.6666,2190.7188,750.8901106,0.938143566,1142073.1,2875792.2,9988992,16,11000000,1373644.1,3498923.0,9989900,214,15000000,2998347.5,4467846.0,9988992,16,0,0,0,0,304,200,0.5628861,0.37525743,0,4392,750.375,1584.8804,2511846.0,0,0,0,1,0,0,0,0,0,800.4,41.555557,1938.6666,0,0,0,0,0,0,9,374,6,11632,29200,235,1,32,998261.0,0.0,998261,998261,9988992.0,0.0,9988992,9988992
6,11461997,8,5,509,11632,509,0,63.625,179.95868,7288,0,2326.4,3351.2905,1059.239503,1.134182813,955166.44,2251612.2,6459240,56,6462631,923233.0,2441878.0,6460892,85,11500000,2865485.2,3361322.2,6459240,141,0,0,0,0,264,168,0.69795865,0.43622416,0,7288,867.2143,2178.8408,4747347.0,0,0,0,1,0,0,0,0,0,933.9231,63.625,2326.4,0,0,0,0,0,0,8,509,5,11632,29200,235,1,32,846.0,0.0,846,846,6459240.0,0.0,6459240,6459240
6,37994041,2,0,0,0,0,0,0.0,0.0,0,0,0.0,0.0,0.0,0.052639834,38000000.0,0.0,38000000,38000000,38000000,38000000.0,0.0,38000000,38000000,0,0.0,0.0,0,0,0,0,0,0,64,0,0.052639835,0.0,0,0,0.0,0.0,0.0,0,0,0,0,1,0,0,0,0,0.0,0.0,0.0,0,0,0,0,0,0,2,0,0,0,410,-1,0,32,0.0,0.0,0,0,38000000.0,0.0,38000000,38000000
6,11481809,5,4,514,3525,514,0,102.8,229.86778,3525,0,881.25,1762.5,351.7738363,0.783848608,1435226.1,2686041.8,6477565,4,6479421,1619855.2,3239114.5,6478527,4,11500000,3827254.2,3394867.0,6477565,697,0,0,0,0,168,136,0.43547145,0.34837717,0,3525,403.9,1108.4758,1228718.8,0,0,0,1,0,0,0,0,0,448.77777,102.8,881.25,0,0,0,0,0,0,5,514,4,3525,29200,235,1,32,743.0,0.0,743,743,6477565.0,0.0,6477565,6477565
6,8742225,5,5,276,3525,276,0,55.2,123.430954,2077,0,705.0,990.6447,434.7863387,1.143873556,971358.3,1952353.2,5002060,18,3740165,935041.25,1869415.1,3739164,179,8742207,2185551.8,2575671.8,5004409,192,0,0,0,0,168,168,0.5719368,0.5719368,0,2077,345.54544,719.2629,517339.06,0,0,0,1,0,0,0,0,1,380.1,55.2,705.0,0,0,0,0,0,0,5,276,5,3525,29200,235,1,32,0.0,0.0,0,0,0.0,0.0,0,0
6,24178836,2,0,0,0,0,0,0.0,0.0,0,0,0.0,0.0,0.0,0.082716968,24200000.0,0.0,24200000,24200000,24200000,24200000.0,0.0,24200000,24200000,0,0.0,0.0,0,0,0,0,0,0,64,0,0.08271697,0.0,0,0,0.0,0.0,0.0,0,0,0,0,1,0,0,0,0,0.0,0.0,0.0,0,0,0,0,0,0,2,0,0,0,410,-1,0,32,0.0,0.0,0,0,24200000.0,0.0,24200000,24200000
6,11547752,8,8,413,11632,413,0,51.625,146.01755,4344,0,1454.0,1725.0278,1043.060156,1.385551058,769850.1,1824320.1,5426891,3,6545313,935044.7,2014518.5,5427832,507,10600000,1507177.6,2536753.2,5426891,3,0,0,0,0,272,264,0.69277555,0.69277555,0,4344,708.5294,1355.067,1836206.8,0,0,0,1,0,0,0,0,1,752.8125,51.625,1454.0,0,0,0,0,0,0,8,413,8,11632,29200,235,1,32,1115751.0,0.0,1115751,1115751,5426891.0,0.0,5426891,5426891
6,10753980,8,6,442,11632,442,0,55.25,156.2706,5840,0,1938.6666,2550.3752,1122.747113,1.301843597,827229.25,2024411.6,5750030,14,5752773,821824.7,2173442.0,5750728,102,10800000,2150788.5,2956510.5,5750030,14,0,0,0,0,264,200,0.7439106,0.557933,0,5840,804.93335,1803.7509,3253517.0,0,0,0,1,0,0,0,0,0,862.4286,55.25,1938.6666,0,0,0,0,0,0,8,442,6,11632,29200,235,1,32,843.0,0.0,843,843,5750030.0,0.0,5750030,5750030
6,11148780,7,5,362,11632,362,0,51.714287,136.82314,7288,0,2326.4,3351.2905,1075.81278,1.076350955,1013525.44,2268133.2,6146779,6,6152687,1025447.8,2511113.0,6151236,19,11100000,2787193.5,3251634.8,6146779,144,0,0,0,0,232,168,0.6278714,0.44847956,0,7288,922.61536,2255.5574,5087539.5,0,0,0,1,0,0,0,0,0,999.5,51.714287,2326.4,0,0,0,0,0,0,7,362,5,11632,29200,235,1,32,829.0,0.0,829,829,6146779.0,0.0,6146779,6146779
6,10600965,8,6,312,11632,312,0,39.0,110.308655,5792,0,1938.6666,2544.919,1126.689882,1.320634489,815458.9,1993436.6,5595156,13,5598530,799790.0,2114884.5,5595897,99,10600000,2120180.8,2910256.5,5595156,13,0,0,0,0,264,200,0.75464827,0.5659862,0,5792,796.26666,1803.1791,3251454.8,0,0,0,1,0,0,0,0,0,853.1429,39.0,1938.6666,0,0,0,0,0,0,8,312,6,11632,29200,235,1,32,714.0,0.0,714,714,5595156.0,0.0,5595156,5595156
6,18090288,2,0,0,0,0,0,0.0,0.0,0,0,0.0,0.0,0.0,0.110556559,18100000.0,0.0,18100000,18100000,18100000,18100000.0,0.0,18100000,18100000,0,0.0,0.0,0,0,0,0,0,0,64,0,0.11055656,0.0,0,0,0.0,0.0,0.0,0,0,0,0,1,0,0,0,0,0.0,0.0,0.0,0,0,0,0,0,0,2,0,0,0,296,-1,0,32,0.0,0.0,0,0,18100000.0,0.0,18100000,18100000
6,11500213,5,4,270,3525,270,0,54.0,120.74767,3525,0,881.25,1762.5,329.9938879,0.782594201,1437526.6,2690991.8,6498328,14,6500848,1625212.0,3249656.0,6499696,14,11500000,3833383.2,3402543.5,6498328,740,0,0,0,0,168,136,0.43477455,0.34781966,0,3525,379.5,1108.4685,1228702.5,0,0,0,1,0,0,0,0,0,421.66666,54.0,881.25,0,0,0,0,0,0,5,270,4,3525,29200,235,1,32,803.0,0.0,803,803,6498328.0,0.0,6498328,6498328
6,13171957,2,0,0,0,0,0,0.0,0.0,0,0,0.0,0.0,0.0,0.151837726,13200000.0,0.0,13200000,13200000,13200000,13200000.0,0.0,13200000,13200000,0,0.0,0.0,0,0,0,0,0,0,64,0,0.15183772,0.0,0,0,0.0,0.0,0.0,0,0,0,0,1,0,0,0,0,0.0,0.0,0.0,0,0,0,0,0,0,2,0,0,0,410,-1,0,32,0.0,0.0,0,0,13200000.0,0.0,13200000,13200000
6,11548273,7,6,290,11632,290,0,41.42857,109.609695,5792,0,1938.6666,2544.919,1032.362155,1.125709446,962356.06,2270793.5,6542429,14,6545104,1090850.6,2671307.0,6543633,49,11500000,2309650.2,3208626.0,6542429,14,0,0,0,0,232,200,0.6061512,0.5195582,0,5792,851.5714,1857.7343,3451176.8,0,0,0,1,0,0,0,0,0,917.0769,41.42857,1938.6666,0,0,0,0,0,0,7,290,6,11632,29200,235,1,32,767.0,0.0,767,767,6542429.0,0.0,6542429,6542429
6,5005584,7,4,361,11632,361,0,51.57143,136.44518,11632,0,2908.0,5816.0,2395.924232,2.197545781,500558.4,1581559.4,5001755,27,3829,638.1667,877.83496,2418,199,5005557,1668519.0,2889008.8,5004459,395,0,0,0,0,232,136,1.3984382,0.79910755,0,11632,999.4167,3350.0032,11200000.0,0,0,0,1,0,0,0,0,0,1090.2727,51.57143,2908.0,0,0,0,0,0,0,7,361,4,11632,29200,235,1,32,0.0,0.0,0,0,0.0,0.0,0,0
6,9450228,6,3,462,3525,462,0,77.0,188.61072,3525,0,1175.0,2035.1597,421.8945829,0.952357975,1181278.5,2204084.5,5250189,47,9450228,1890045.6,2614382.8,5253244,187,5251000,2625500.0,3711870.8,5250189,811,0,0,0,0,200,104,0.63490534,0.31745267,0,3525,398.7,1108.0239,1227716.9,0,0,0,1,0,0,0,0,0,443.0,77.0,1175.0,0,0,0,0,0,0,6,462,3,3525,29200,235,1,32,873.0,0.0,873,873,5250189.0,0.0,5250189,5250189
6,10675151,8,5,368,11632,368,0,46.0,130.10765,5840,0,2326.4,3185.5996,1124.105879,1.217781369,889595.94,2081927.6,5672518,19,5675375,810767.9,2144166.0,5673279,212,10700000,2668783.0,3093162.5,5672518,66,0,0,0,0,264,168,0.7494039,0.46837744,0,5840,857.1429,2103.1582,4423275.0,0,0,0,1,0,0,0,0,0,923.0769,46.0,2326.4,0,0,0,0,0,0,8,368,5,11632,29200,235,1,32,1056.0,0.0,1056,1056,5672518.0,0.0,5672518,5672518
6,100515008,2,1,322,6,322,0,161.0,227.68839,6,6,6.0,0.0,3.263194288,0.029846289,50300000.0,71100000.0,101000000,47,101000000,101000000.0,0.0,101000000,101000000,0,0.0,0.0,0,0,0,0,0,0,64,20,0.019897526,0.009948763,0,322,82.0,160.025,25608.0,0,0,0,0,1,0,0,0,0,109.333336,161.0,6.0,0,0,0,0,0,0,2,322,1,6,410,0,1,32,0.0,0.0,0,0,101000000.0,0.0,101000000,101000000
6,10504997,7,5,389,11632,389,0,55.57143,147.02818,8736,0,2326.4,3796.1765,1144.312559,1.14231351,954999.75,2126084.5,5499917,25,5506446,917741.0,2247244.8,5504910,206,10500000,2626243.0,3038667.8,5499917,156,0,0,0,0,232,168,0.66634953,0.47596395,0,8736,924.6923,2478.9128,6145009.0,0,0,0,1,0,0,0,0,0,1001.75,55.57143,2326.4,0,0,0,0,0,0,7,389,5,11632,29200,235,1,32,923.0,0.0,923,923,5499917.0,0.0,5499917,5499917
6,11678654,7,5,552,11632,552,0,78.85714,208.63638,8688,0,2326.4,3777.8232,1043.270911,1.027515671,1061695.9,2390712.8,6673221,4,6676417,1112736.1,2725056.8,6675235,4,11700000,2919652.2,3439028.2,6673221,44,0,0,0,0,232,168,0.5993841,0.42813152,0,8688,937.2308,2467.0151,6086163.5,0,0,0,1,0,0,0,0,0,1015.3333,78.85714,2326.4,0,0,0,0,0,0,7,552,5,11632,29200,235,1,32,757.0,0.0,757,757,6673221.0,0.0,6673221,6673221
6,18578927,9,6,282,11632,282,0,31.333334,94.0,4344,0,1938.6666,2184.3643,641.2641591,0.807366324,1327066.2,3768893.2,13600000,3,13600000,1697673.5,4800678.5,13600000,3,18600000,3715773.5,5922663.0,13600000,136,0,0,0,0,296,200,0.4844198,0.32294652,0,4344,744.625,1583.5797,2507724.8,0,0,0,1,0,0,0,0,0,794.26666,31.333334,1938.6666,0,0,0,0,0,0,9,282,6,11632,29200,235,1,32,753.0,0.0,753,753,13600000.0,0.0,13600000,13600000
6,11294570,5,4,283,3525,283,0,56.6,126.56145,3525,0,881.25,1762.5,337.153163,0.796843085,1411821.2,2636050.8,6290523,49,6292913,1573228.2,3145803.2,6291933,49,11300000,3764838.8,3322813.5,6290523,641,0,0,0,0,168,136,0.4426906,0.35415247,0,3525,380.8,1108.3335,1228403.1,0,0,0,1,0,0,0,0,0,423.1111,56.6,881.25,0,0,0,0,0,0,5,283,4,3525,29200,235,1,32,695.0,0.0,695,695,6290523.0,0.0,6290523,6290523
6,18554117,5,4,316,3525,316,0,63.2,141.3195,3525,0,881.25,1762.5,207.0160493,0.485067546,2319264.5,4864140.0,13600000,29,13600000,3388377.8,6775999.0,13600000,233,18600000,6184691.0,6852367.5,13600000,887,0,0,0,0,168,136,0.26948196,0.21558557,0,3525,384.1,1108.059,1227794.8,0,0,0,1,0,0,0,0,0,426.77777,63.2,881.25,0,0,0,0,0,0,5,316,4,3525,29200,235,1,32,931.0,0.0,931,931,13600000.0,0.0,13600000,13600000
6,11872375,8,5,330,11632,330,0,41.25,116.67262,8688,0,2326.4,3777.8232,1007.549037,1.09497889,989364.56,2342594.8,6867469,1,6877461,982494.44,2598663.5,6875709,1,11900000,2968066.2,3510129.0,6867469,144,0,0,0,0,264,168,0.6738332,0.42114574,0,8688,854.4286,2386.4475,5695131.0,0,0,0,1,0,0,0,0,0,920.1539,41.25,2326.4,0,0,0,0,0,0,8,330,5,11632,29200,235,1,32,908.0,0.0,908,908,6867469.0,0.0,6867469,6867469
6,24017371,2,0,0,0,0,0,0.0,0.0,0,0,0.0,0.0,0.0,0.083273061,24000000.0,0.0,24000000,24000000,24000000,24000000.0,0.0,24000000,24000000,0,0.0,0.0,0,0,0,0,0,0,64,0,0.08327306,0.0,0,0,0.0,0.0,0.0,0,0,0,0,1,0,0,0,0,0.0,0.0,0.0,0,0,0,0,0,0,2,0,0,0,410,-1,0,32,0.0,0.0,0,0,24000000.0,0.0,24000000,24000000
6,11361201,4,4,338,3525,338,0,84.5,169.0,3525,0,881.25,1762.5,340.0168697,0.704150908,1623028.8,2798684.5,6359138,46,6361528,2120509.2,3672080.8,6360663,98,11400000,3787051.8,3348461.5,6359138,914,0,0,0,0,136,136,0.35207546,0.35207546,0,3525,429.22223,1166.286,1360223.0,0,0,0,1,0,0,0,0,1,482.875,84.5,881.25,0,0,0,0,0,0,4,338,4,3525,29200,235,1,32,960.0,0.0,960,960,6359138.0,0.0,6359138,6359138
6,11258603,5,4,280,3525,280,0,56.0,125.21981,3525,0,881.25,1762.5,337.9637776,0.799388699,1407325.4,2626496.8,6254790,3,6257452,1564363.0,3128218.8,6256691,3,11300000,3752850.0,3309112.2,6254790,791,0,0,0,0,168,136,0.44410482,0.35528386,0,3525,380.5,1108.3633,1228469.1,0,0,0,1,0,0,0,0,0,422.77777,56.0,881.25,0,0,0,0,0,0,5,280,4,3525,29200,235,1,32,844.0,0.0,844,844,6254790.0,0.0,6254790,6254790
6,14587492,10,4,2658,3525,443,0,265.8,228.76422,3525,0,881.25,1762.5,423.8562736,0.959726319,1122114.8,2084136.1,6315773,47,9586319,1065146.5,2040326.1,6318440,236,14600000,4862481.5,1528875.6,6315773,3267839,0,0,0,0,328,136,0.6855188,0.27420753,0,3525,412.2,888.59784,789606.2,0,0,0,1,0,0,0,0,0,441.64285,265.8,881.25,0,0,0,0,0,0,10,2658,4,3525,29200,235,6,32,3267886.0,0.0,3267886,3267886,6315773.0,0.0,6315773,6315773
6,18126365,2,0,0,0,0,0,0.0,0.0,0,0,0.0,0.0,0.0,0.110336518,18100000.0,0.0,18100000,18100000,18100000,18100000.0,0.0,18100000,18100000,0,0.0,0.0,0,0,0,0,0,0,64,0,0.11033652,0.0,0,0,0.0,0.0,0.0,0,0,0,0,1,0,0,0,0,0.0,0.0,0.0,0,0,0,0,0,0,2,0,0,0,410,-1,0,32,0.0,0.0,0,0,18100000.0,0.0,18100000,18100000
6,18496091,11,7,1468,11632,367,0,133.45454,185.16066,4344,0,1661.7142,1765.0275,708.2577611,0.973178603,1088005.4,3216555.8,12700000,3,13500000,1349423.1,3978610.0,12700000,3,18500000,3082666.2,5081168.0,12700000,16,0,0,0,0,360,232,0.59472024,0.37845835,0,4344,689.4737,1280.7906,1640424.6,0,0,0,1,0,0,0,0,0,727.7778,133.45454,1661.7142,0,0,0,0,0,0,11,1468,7,11632,29200,235,4,32,827854.0,0.0,827854,827854,12700000.0,0.0,12700000,12700000
6,8875528,8,6,521,11632,521,0,65.125,184.20131,5792,0,1938.6666,2544.919,1369.270651,1.577370946,682732.94,1681676.2,4999699,14,3875829,553689.9,1463932.2,3873576,45,8875418,1775083.6,2462654.5,5001423,14,0,0,0,0,264,200,0.90135485,0.6760161,0,5792,810.2,1799.9745,3239908.0,0,0,0,1,0,0,0,0,0,868.0714,65.125,1938.6666,0,0,0,0,0,0,8,521,6,11632,29200,235,1,32,0.0,0.0,0,0,0.0,0.0,0,0
6,11544184,5,5,463,3525,463,0,92.6,207.05989,2077,0,705.0,990.6447,345.4553392,0.866237059,1282687.1,2572394.2,6538795,1,6545244,1636311.0,3272020.8,6544342,1,11500000,2886034.0,3390263.5,6538795,192,0,0,0,0,168,168,0.43311852,0.43311852,0,2077,362.54544,719.66455,517917.06,0,0,0,1,0,0,0,0,1,398.8,92.6,705.0,0,0,0,0,0,0,5,463,5,3525,29200,235,1,32,940.0,0.0,940,940,6538795.0,0.0,6538795,6538795
6,11516710,8,5,433,11632,433,0,54.125,153.08862,5840,0,2326.4,3185.5996,1047.608214,1.128794595,959725.8,2263706.5,6510596,4,6513405,930486.44,2461022.2,6511560,4,11500000,2879165.8,3380308.0,6510596,157,0,0,0,0,264,168,0.69464284,0.43415177,0,5840,861.7857,2102.067,4418685.5,0,0,0,1,0,0,0,0,0,928.0769,54.125,2326.4,0,0,0,0,0,0,8,433,5,11632,29200,235,1,32,963.0,0.0,963,963,6510596.0,0.0,6510596,6510596
6,38144891,2,0,0,0,0,0,0.0,0.0,0,0,0.0,0.0,0.0,0.052431661,38100000.0,0.0,38100000,38100000,38100000,38100000.0,0.0,38100000,38100000,0,0.0,0.0,0,0,0,0,0,0,64,0,0.05243166,0.0,0,0,0.0,0.0,0.0,0,0,0,0,1,0,0,0,0,0.0,0.0,0.0,0,0,0,0,0,0,2,0,0,0,410,-1,0,32,0.0,0.0,0,0,38100000.0,0.0,38100000,38100000
6,10323362,8,5,533,11632,533,0,66.625,188.44395,7288,0,2326.4,3351.2905,1178.395178,1.25927968,860280.2,2009684.9,5320729,44,5323563,760509.0,2011208.4,5321501,207,10300000,2580829.5,2982327.2,5320729,128,0,0,0,0,264,168,0.7749413,0.48433834,0,7288,868.9286,2178.5466,4746065.5,0,0,0,1,0,0,0,0,0,935.7692,66.625,2326.4,0,0,0,0,0,0,8,533,5,11632,29200,235,1,32,966.0,0.0,966,966,5320729.0,0.0,5320729,5320729
6,8980498,2,0,0,0,0,0,0.0,0.0,0,0,0.0,0.0,0.0,0.222704799,8980498.0,0.0,8980498,8980498,8980498,8980498.0,0.0,8980498,8980498,0,0.0,0.0,0,0,0,0,0,0,64,0,0.2227048,0.0,0,0,0.0,0.0,0.0,0,0,0,0,1,0,0,0,0,0.0,0.0,0.0,0,0,0,0,0,0,2,0,0,0,410,-1,0,32,0.0,0.0,0,0,8980498.0,0.0,8980498,8980498
6,11479013,8,6,404,11632,404,0,50.5,142.83557,5840,0,1938.6666,2550.3752,1048.522203,1.219617052,883001.0,2175184.0,6471774,14,6476092,925156.0,2446423.2,6473122,17,11500000,2295765.5,3185187.2,6471774,14,0,0,0,0,264,200,0.69692403,0.52269304,0,5840,802.4,1804.3236,3255583.5,0,0,0,1,0,0,0,0,0,859.7143,50.5,1938.6666,0,0,0,0,0,0,8,404,6,11632,29200,235,1,32,2126.0,0.0,2126,2126,6471774.0,0.0,6471774,6471774
6,11779250,5,5,281,3525,281,0,56.2,125.66702,2077,0,705.0,990.6447,323.1105546,0.848950485,1308805.5,2634188.0,6777223,22,6779493,1694873.2,3389077.8,6778490,50,11800000,2944803.2,3476343.2,6777223,49,0,0,0,0,168,168,0.42447525,0.42447525,0,2077,346.0,719.2161,517271.8,0,0,0,1,0,0,0,0,1,380.6,56.2,705.0,0,0,0,0,0,0,5,281,5,3525,29200,235,1,32,818.0,0.0,818,818,6777223.0,0.0,6777223,6777223
6,5583100,5,5,442,3525,442,0,88.4,197.66841,2077,0,705.0,990.6447,710.5371568,1.791119629,620344.44,1652494.8,4997057,25,586043,146510.75,292320.88,584992,206,5583075,1395768.8,2418385.8,4999968,192,0,0,0,0,168,168,0.8955598,0.8955598,0,2077,360.63635,719.39923,517535.25,0,0,0,1,0,0,0,0,1,396.7,88.4,705.0,0,0,0,0,0,0,5,442,5,3525,29200,235,1,32,0.0,0.0,0,0,0.0,0.0,0,0
6,11961775,9,7,436,11632,436,0,48.444443,145.33333,4392,0,1661.7142,1958.926,1008.880371,1.337594128,797451.7,2135862.8,6955827,1,6959561,869945.1,2460025.2,6958197,1,12000000,1993614.1,3149096.8,6955827,14,0,0,0,0,296,232,0.7523967,0.58519745,0,4392,709.8823,1457.2372,2123540.2,0,0,0,1,0,0,0,0,0,754.25,48.444443,1661.7142,0,0,0,0,0,0,9,436,7,11632,29200,235,1,32,943.0,0.0,943,943,6955827.0,0.0,6955827,6955827
6,9672407,8,5,351,11632,351,0,43.875,124.09724,5840,0,2326.4,3185.5996,1238.885006,1.344029464,806033.94,1882892.0,5001699,66,4670708,667244.0,1763950.6,4667508,262,9672341,2418085.2,2794318.8,5003578,157,0,0,0,0,264,168,0.82709503,0.5169344,0,5840,855.9286,2103.4673,4424575.0,0,0,0,1,0,0,0,0,0,921.7692,43.875,2326.4,0,0,0,0,0,0,8,351,5,11632,29200,235,1,32,0.0,0.0,0,0,0.0,0.0,0,0
6,11887087,7,6,419,11632,419,0,59.857143,158.36711,4392,0,1938.6666,2190.7188,1013.789165,1.093623694,990590.56,2346457.8,6875952,1,6880989,1146831.5,2808328.5,6879308,1,11900000,2377414.5,3320910.5,6875952,16,0,0,0,0,232,200,0.5888743,0.5047494,0,4392,860.7857,1672.1486,2796080.8,0,0,0,1,0,0,0,0,0,927.0,59.857143,1938.6666,0,0,0,0,0,0,7,419,6,11632,29200,235,1,32,1522.0,0.0,1522,1522,6875952.0,0.0,6875952,6875952
6,42117961,2,0,0,0,0,0,0.0,0.0,0,0,0.0,0.0,0.0,0.04748568,42100000.0,0.0,42100000,42100000,42100000,42100000.0,0.0,42100000,42100000,0,0.0,0.0,0,0,0,0,0,0,64,0,0.04748568,0.0,0,0,0.0,0.0,0.0,0,0,0,0,1,0,0,0,0,0.0,0.0,0.0,0,0,0,0,0,0,2,0,0,0,410,-1,0,32,0.0,0.0,0,0,42100000.0,0.0,42100000,42100000
6,8024609,9,4,507,11632,507,0,56.333332,169.0,11632,0,2908.0,5816.0,1512.721679,1.620016626,668717.44,1501901.2,5016557,1,3008052,376006.5,744704.0,2003919,1,5021857,1673952.4,2897832.5,5020081,188,0,0,0,0,312,136,1.12155,0.49846664,0,11632,867.0714,3101.3037,9618084.0,0,0,0,1,0,0,0,0,0,933.7692,56.333332,2908.0,0,0,0,0,0,0,9,507,4,11632,29200,235,1,32,0.0,0.0,0,0,0.0,0.0,0,0
6,52544784,2,0,0,0,0,0,0.0,0.0,0,0,0.0,0.0,0.0,0.038062769,52500000.0,0.0,52500000,52500000,52500000,52500000.0,0.0,52500000,52500000,0,0.0,0.0,0,0,0,0,0,0,64,0,0.03806277,0.0,0,0,0.0,0.0,0.0,0,0,0,0,1,0,0,0,0,0.0,0.0,0.0,0,0,0,0,0,0,2,0,0,0,296,-1,0,32,0.0,0.0,0,0,52500000.0,0.0,52500000,52500000
6,8267506,7,5,413,11632,413,0,59.0,156.09933,10184,0,2326.4,4437.056,1456.908528,1.451465533,751591.44,1714124.4,4995713,0,3271793,545298.8,1334832.5,3270014,0,8267457,2066864.2,2489879.5,5004739,196,0,0,0,0,232,168,0.8466882,0.6047773,0,10184,926.53845,2811.005,7901748.0,0,0,0,1,0,0,0,0,0,1003.75,59.0,2326.4,0,0,0,0,0,0,7,413,5,11632,29200,235,1,32,0.0,0.0,0,0,0.0,0.0,0,0
6,73858679,2,0,0,0,0,0,0.0,0.0,0,0,0.0,0.0,0.0,0.02707874,73900000.0,0.0,73900000,73900000,73900000,73900000.0,0.0,73900000,73900000,0,0.0,0.0,0,0,0,0,0,0,64,0,0.02707874,0.0,0,0,0.0,0.0,0.0,0,0,0,0,1,0,0,0,0,0.0,0.0,0.0,0,0,0,0,0,0,2,0,0,0,410,-1,0,32,0.0,0.0,0,0,73900000.0,0.0,73900000,73900000
6,53552613,2,0,0,0,0,0,0.0,0.0,0,0,0.0,0.0,0.0,0.03734645,53600000.0,0.0,53600000,53600000,53600000,53600000.0,0.0,53600000,53600000,0,0.0,0.0,0,0,0,0,0,0,64,0,0.03734645,0.0,0,0,0.0,0.0,0.0,0,0,0,0,1,0,0,0,0,0.0,0.0,0.0,0,0,0,0,0,0,2,0,0,0,410,-1,0,32,0.0,0.0,0,0,53600000.0,0.0,53600000,53600000
6,11163711,5,5,591,3525,591,0,118.2,264.30322,2077,0,705.0,990.6447,368.6946034,0.895759484,1240412.4,2477531.8,6157787,3,6160255,1540063.8,3079406.2,6159173,3,11200000,2790924.2,3256377.5,6157787,44,0,0,0,0,168,168,0.44787973,0.44787973,0,2077,374.18182,722.4806,521978.16,0,0,0,1,0,0,0,0,1,411.6,118.2,705.0,0,0,0,0,0,0,5,591,5,3525,29200,236,1,32,815.0,0.0,815,815,6157787.0,0.0,6157787,6157787
6,5011126,5,5,440,3525,440,0,88.0,196.77399,2077,0,705.0,990.6447,791.2393342,1.995559481,556791.75,1665138.9,4997157,4,13969,3492.25,3501.5886,6978,4,5011009,1252752.2,2500409.2,5003363,49,0,0,0,0,168,168,0.9977797,0.9977797,0,2077,360.45456,719.3769,517503.06,0,0,0,1,0,0,0,0,1,396.5,88.0,705.0,0,0,0,0,0,0,5,440,5,3525,29200,235,1,32,0.0,0.0,0,0,0.0,0.0,0,0
6,18518587,2,0,0,0,0,0,0.0,0.0,0,0,0.0,0.0,0.0,0.107999601,18500000.0,0.0,18500000,18500000,18500000,18500000.0,0.0,18500000,18500000,0,0.0,0.0,0,0,0,0,0,0,64,0,0.1079996,0.0,0,0,0.0,0.0,0.0,0,0,0,0,1,0,0,0,0,0.0,0.0,0.0,0,0,0,0,0,0,2,0,0,0,284,-1,0,32,0.0,0.0,0,0,18500000.0,0.0,18500000,18500000
6,10615627,5,4,362,3525,362,0,72.4,161.89133,3525,0,881.25,1762.5,366.1583061,0.847806729,1326953.4,2461886.2,5613614,11,5615630,1403907.5,2806979.8,5614377,25,10600000,3538538.8,3078973.5,5613614,876,0,0,0,0,168,136,0.47100374,0.37680298,0,3525,388.7,1107.8403,1227310.2,0,0,0,1,0,0,0,0,0,431.8889,72.4,881.25,0,0,0,0,0,0,5,362,4,3525,29200,235,1,32,887.0,0.0,887,887,5613614.0,0.0,5613614,5613614
6,34974003,2,0,0,0,0,0,0.0,0.0,0,0,0.0,0.0,0.0,0.057185333,35000000.0,0.0,35000000,35000000,35000000,35000000.0,0.0,35000000,35000000,0,0.0,0.0,0,0,0,0,0,0,64,0,0.057185333,0.0,0,0,0.0,0.0,0.0,0,0,0,0,1,0,0,0,0,0.0,0.0,0.0,0,0,0,0,0,0,2,0,0,0,296,-1,0,32,0.0,0.0,0,0,35000000.0,0.0,35000000,35000000
6,11853268,4,4,342,3525,342,0,85.5,171.0,3525,0,881.25,1762.5,326.2391435,0.674919356,1693324.0,2936386.8,6852025,46,6867774,2289258.0,3964641.8,6867232,84,11900000,3951074.0,3544267.2,6852025,560,0,0,0,0,136,136,0.33745968,0.33745968,0,3525,429.66666,1166.2476,1360133.5,0,0,0,1,0,0,0,0,1,483.375,85.5,881.25,0,0,0,0,0,0,4,342,4,3525,29200,235,1,32,606.0,0.0,606,606,6852025.0,0.0,6852025,6852025
6,107804597,2,1,380,6,380,0,190.0,268.7006,6,6,6.0,0.0,3.580552321,0.027828127,53900000.0,76200000.0,108000000,43,108000000,108000000.0,0.0,108000000,108000000,0,0.0,0.0,0,0,0,0,0,0,64,20,0.018552085,0.009276042,0,380,96.5,189.02116,35729.0,0,0,0,0,1,0,0,0,0,128.66667,190.0,6.0,0,0,0,0,0,0,2,380,1,6,410,0,1,32,0.0,0.0,0,0,108000000.0,0.0,108000000,108000000
6,10419784,5,4,449,3525,449,0,89.8,200.7989,3525,0,881.25,1762.5,381.3898637,0.863741513,1302473.0,2413509.2,5414458,4,5416753,1354188.2,2707725.2,5415776,4,10400000,3473256.0,3014145.2,5414458,881,0,0,0,0,168,136,0.4798564,0.38388512,0,3525,397.4,1107.949,1227550.9,0,0,0,1,0,0,0,0,0,441.55554,89.8,881.25,0,0,0,0,0,0,5,449,4,3525,29200,235,1,32,897.0,0.0,897,897,5414458.0,0.0,5414458,5414458
6,11451265,8,5,321,11632,321,0,40.125,113.49064,7288,0,2326.4,3351.2905,1043.81481,1.135245757,954272.06,2249059.8,6445256,3,6448539,921219.9,2436285.0,6446195,3,11500000,2862804.5,3356970.5,6445256,162,0,0,0,0,264,168,0.69861275,0.436633,0,7288,853.7857,2181.7957,4760232.5,0,0,0,1,0,0,0,0,0,919.46155,40.125,2326.4,0,0,0,0,0,0,8,321,5,11632,29200,235,1,32,947.0,0.0,947,947,6445256.0,0.0,6445256,6445256
6,5005842,5,4,407,3525,407,0,81.4,182.01593,3525,0,881.25,1762.5,785.4822425,1.797899334,625730.25,1768295.5,5002038,19,3804,951.0,957.3951,1961,19,5005639,1668546.4,2887754.5,5003038,741,0,0,0,0,168,136,0.99883294,0.79906636,0,3525,393.2,1107.8113,1227245.8,0,0,0,1,0,0,0,0,0,436.8889,81.4,881.25,0,0,0,0,0,0,5,407,4,3525,29200,235,1,32,0.0,0.0,0,0,0.0,0.0,0,0
6,99817213,2,0,0,0,0,0,0.0,0.0,0,0,0.0,0.0,0.0,0.020036624,99800000.0,0.0,99800000,99800000,99800000,99800000.0,0.0,99800000,99800000,0,0.0,0.0,0,0,0,0,0,0,64,0,0.020036625,0.0,0,0,0.0,0.0,0.0,0,0,0,0,1,0,0,0,0,0.0,0.0,0.0,0,0,0,0,0,0,2,0,0,0,284,-1,0,32,0.0,0.0,0,0,99800000.0,0.0,99800000,99800000
6,11518972,8,6,521,11632,521,0,65.125,184.20131,5792,0,1938.6666,2544.919,1055.042065,1.215386234,886074.75,2184329.5,6516353,3,6519036,931290.9,2463234.8,6517382,3,11500000,2303777.0,3199305.0,6516353,42,0,0,0,0,264,200,0.6945064,0.5208798,0,5792,810.2,1799.9745,3239908.0,0,0,0,1,0,0,0,0,0,868.0714,65.125,1938.6666,0,0,0,0,0,0,8,521,6,11632,29200,235,1,32,892.0,0.0,892,892,6516353.0,0.0,6516353,6516353
6,60519998,2,0,0,0,0,0,0.0,0.0,0,0,0.0,0.0,0.0,0.033046928,60500000.0,0.0,60500000,60500000,60500000,60500000.0,0.0,60500000,60500000,0,0.0,0.0,0,0,0,0,0,0,64,0,0.033046927,0.0,0,0,0.0,0.0,0.0,0,0,0,0,1,0,0,0,0,0.0,0.0,0.0,0,0,0,0,0,0,2,0,0,0,410,-1,0,32,0.0,0.0,0,0,60500000.0,0.0,60500000,60500000
6,86995513,2,0,0,0,0,0,0.0,0.0,0,0,0.0,0.0,0.0,0.022989691,87000000.0,0.0,87000000,87000000,87000000,87000000.0,0.0,87000000,87000000,0,0.0,0.0,0,0,0,0,0,0,64,0,0.02298969,0.0,0,0,0.0,0.0,0.0,0,0,0,0,1,0,0,0,0,0.0,0.0,0.0,0,0,0,0,0,0,2,0,0,0,296,-1,0,32,0.0,0.0,0,0,87000000.0,0.0,87000000,87000000
6,6392026,10,5,1142,11632,571,0,114.2,240.75475,5792,0,2326.4,2425.9292,1998.427416,2.346673809,456573.28,1382798.8,5166986,1,6392026,710225.1,1704701.6,5168117,1,5370410,1342602.5,2551379.8,5166986,190,0,0,0,0,328,168,1.5644492,0.7822246,0,5792,798.375,1654.3853,2736990.5,0,0,0,1,0,0,0,0,0,851.6,114.2,2326.4,0,0,0,0,0,0,10,1142,5,11632,29200,236,2,32,203001.0,0.0,203001,203001,5166986.0,0.0,5166986,5166986
6,8914289,10,4,1308,3525,327,0,130.8,168.86208,3525,0,881.25,1762.5,542.1632617,1.570512242,685714.56,1418947.2,5001109,4,3913180,434797.78,667256.4,2003993,4,5912552,1970850.6,2650350.0,5004978,107509,0,0,0,0,344,136,1.1217945,0.44871777,0,3525,322.2,898.2582,806867.75,0,0,0,1,0,0,0,0,0,345.2143,130.8,881.25,0,0,0,0,0,0,10,1308,4,3525,29200,235,4,32,0.0,0.0,0,0,0.0,0.0,0,0
6,7646987,4,5,446,3525,446,0,111.5,223.0,2077,0,705.0,990.6447,519.2894927,1.176934131,955873.4,1878344.4,5002925,38,2644062,881354.0,1525821.6,2643221,48,7646924,1911731.0,2408614.0,5004557,49,0,0,0,0,136,168,0.52308184,0.6538523,0,2077,397.1,747.78674,559185.0,0,0,0,1,0,0,0,0,1,441.22223,111.5,705.0,0,0,0,0,0,0,4,446,5,3525,29200,235,1,32,0.0,0.0,0,0,0.0,0.0,0,0
6,18533164,10,5,517,11632,517,0,51.7,163.48976,7288,0,2326.4,3351.2905,655.5275721,0.809359913,1323797.4,3756056.8,13500000,3,13500000,1504306.2,4511823.0,13500000,3,18500000,4633285.0,6381493.0,13500000,94,0,0,0,0,328,168,0.53957325,0.26978663,0,7288,759.3125,2049.8403,4201845.5,0,0,0,1,0,0,0,0,0,809.93335,51.7,2326.4,0,0,0,0,0,0,10,517,5,11632,29200,235,1,32,943.0,0.0,943,943,13500000.0,0.0,13500000,13500000
6,100935914,2,1,253,6,253,0,126.5,178.89801,6,6,6.0,0.0,2.565984591,0.029721829,50500000.0,71400000.0,101000000,11,101000000,101000000.0,0.0,101000000,101000000,0,0.0,0.0,0,0,0,0,0,0,64,20,0.019814553,0.009907276,0,253,64.75,125.53187,15758.25,0,0,0,0,1,0,0,0,0,86.333336,126.5,6.0,0,0,0,0,0,0,2,253,1,6,410,0,1,32,0.0,0.0,0,0,101000000.0,0.0,101000000,101000000
6,107674959,2,1,422,6,422,0,211.0,298.39905,6,6,6.0,0.0,3.974926055,0.027861631,53800000.0,76100000.0,108000000,46,108000000,108000000.0,0.0,108000000,108000000,0,0.0,0.0,0,0,0,0,0,0,64,20,0.01857442,0.00928721,0,422,107.0,210.01904,44108.0,0,0,0,0,1,0,0,0,0,142.66667,211.0,6.0,0,0,0,0,0,0,2,422,1,6,410,0,1,32,0.0,0.0,0,0,108000000.0,0.0,108000000,108000000
6,11134207,8,5,322,11632,322,0,40.25,113.84419,7288,0,2326.4,3351.2905,1073.628324,1.167573048,927850.56,2179390.8,6130272,1,6134424,876346.3,2317815.2,6132657,1,11100000,2783539.8,3246381.5,6130272,160,0,0,0,0,264,168,0.7185065,0.44906655,0,7288,853.8571,2181.7769,4760150.5,0,0,0,1,0,0,0,0,0,919.53845,40.25,2326.4,0,0,0,0,0,0,8,322,5,11632,29200,235,1,32,864.0,0.0,864,864,6130272.0,0.0,6130272,6130272
6,11366381,8,5,317,11632,317,0,39.625,112.07642,7240,0,2326.4,3340.9048,1051.258092,1.143723759,947198.44,2229924.8,6363237,3,6369019,909859.9,2405999.2,6366153,3,11400000,2841582.0,3327314.5,6363237,191,0,0,0,0,264,168,0.70383,0.43989375,0,7240,853.5,2176.9648,4739175.5,0,0,0,1,0,0,0,0,0,919.1539,39.625,2326.4,0,0,0,0,0,0,8,317,5,11632,29200,235,1,32,890.0,0.0,890,890,6363237.0,0.0,6363237,6363237
6,5868761,8,7,356,11632,356,0,44.5,125.865005,5792,0,1661.7142,2421.692,2042.679877,2.555905753,419197.22,1339075.5,5002938,3,865823,123689.0,325437.8,861709,4,5868619,978103.2,2002324.5,5004523,14,0,0,0,0,264,232,1.3631498,1.192756,0,5792,749.25,1744.7318,3044089.0,0,0,0,1,0,0,0,0,0,799.2,44.5,1661.7142,0,0,0,0,0,0,8,356,7,11632,29200,235,1,32,0.0,0.0,0,0,0.0,0.0,0,0
6,11633559,9,6,528,11632,528,0,58.666668,176.0,4344,0,1938.6666,2184.3643,1045.25193,1.289373269,830968.5,1922476.6,5632222,12,6633656,829207.0,1972028.8,5632928,215,10600000,2127397.0,2920076.5,5632222,117,0,0,0,0,304,200,0.77362394,0.51574934,0,4344,760.0,1579.9788,2496332.8,0,0,0,1,0,0,0,0,0,810.6667,58.666668,1938.6666,0,0,0,0,0,0,9,528,6,11632,29200,235,1,32,999614.0,0.0,999614,999614,5632222.0,0.0,5632222,5632222
6,11959347,8,4,308,11632,308,0,38.5,108.89445,11632,0,2908.0,5816.0,998.3822695,1.003399266,1087213.4,2456817.0,6952569,30,6956984,993854.9,2628174.0,6953993,196,12000000,3986425.2,3585493.0,6952569,1903,0,0,0,0,264,136,0.66893286,0.33446643,0,11632,918.46155,3220.143,10400000.0,0,0,0,1,0,0,0,0,0,995.0,38.5,2908.0,0,0,0,0,0,0,8,308,4,11632,29200,235,1,32,1974.0,0.0,1974,1974,6952569.0,0.0,6952569,6952569
6,7405056,9,5,290,11632,290,0,32.22222,96.666664,4392,0,2326.4,2207.155,1609.981072,1.890600152,569619.7,1719102.4,6179462,4,7405056,925632.0,2165867.5,6180223,4,6180069,1545017.2,3089629.8,6179462,16,0,0,0,0,296,168,1.2153858,0.67521435,0,4392,794.8,1629.0951,2653950.8,0,0,0,1,0,0,0,0,0,851.5714,32.22222,2326.4,0,0,0,0,0,0,9,290,5,11632,29200,235,1,32,607.0,0.0,607,607,6179462.0,0.0,6179462,6179462
6,114872266,2,0,0,0,0,0,0.0,0.0,0,0,0.0,0.0,0.0,0.017410643,115000000.0,0.0,115000000,115000000,115000000,115000000.0,0.0,115000000,115000000,0,0.0,0.0,0,0,0,0,0,0,64,0,0.017410643,0.0,0,0,0.0,0.0,0.0,0,0,0,0,1,0,0,0,0,0.0,0.0,0.0,0,0,0,0,0,0,2,0,0,0,410,-1,0,32,0.0,0.0,0,0,115000000.0,0.0,115000000,115000000
6,7554660,8,6,610,11632,610,0,76.25,215.66757,5792,0,1938.6666,2544.919,1620.456778,1.853160831,581127.7,1503584.8,5002426,46,2552234,364604.84,963418.7,2549433,201,7554612,1510922.4,2243266.5,5004823,46,0,0,0,0,264,200,1.058949,0.7942118,0,5792,816.13336,1799.0995,3236759.0,0,0,0,1,0,0,0,0,0,874.4286,76.25,1938.6666,0,0,0,0,0,0,8,610,6,11632,29200,236,1,32,0.0,0.0,0,0,0.0,0.0,0,0
6,76351077,2,0,0,0,0,0,0.0,0.0,0,0,0.0,0.0,0.0,0.026194784,76400000.0,0.0,76400000,76400000,76400000,76400000.0,0.0,76400000,76400000,0,0.0,0.0,0,0,0,0,0,0,64,0,0.026194785,0.0,0,0,0.0,0.0,0.0,0,0,0,0,1,0,0,0,0,0.0,0.0,0.0,0,0,0,0,0,0,2,0,0,0,410,-1,0,32,0.0,0.0,0,0,76400000.0,0.0,76400000,76400000
6,5365286,5,4,498,3525,498,0,99.6,222.71237,3525,0,881.25,1762.5,749.8202333,1.677450186,670660.75,1753443.0,4999035,20,366251,91562.75,182520.31,365343,20,5365211,1788403.6,2790573.5,5003990,877,0,0,0,0,168,136,0.9319168,0.7455334,0,3525,402.3,1108.3108,1228352.9,0,0,0,1,0,0,0,0,0,447.0,99.6,881.25,0,0,0,0,0,0,5,498,4,3525,29200,235,1,32,0.0,0.0,0,0,0.0,0.0,0,0
6,10704687,4,4,466,3525,466,0,116.5,233.0,3525,0,881.25,1762.5,372.8273419,0.74733619,1529241.0,2618725.0,5700759,16,5702916,1900972.0,3291952.2,5702191,234,10700000,3568223.8,3109119.0,5700759,788,0,0,0,0,136,136,0.3736681,0.3736681,0,3525,443.44446,1165.8148,1359124.2,0,0,0,1,0,0,0,0,1,498.875,116.5,881.25,0,0,0,0,0,0,4,466,4,3525,29200,235,1,32,804.0,0.0,804,804,5700759.0,0.0,5700759,5700759
6,11301006,13,8,1485,11632,495,0,114.23077,217.07185,4344,0,1454.0,1548.0702,1160.693128,1.858241647,565050.3,1674752.2,5881825,2,6301354,525112.8,1689444.2,5883962,2,11300000,1614426.9,2632035.0,5881825,88,0,0,0,0,424,264,1.1503401,0.7079016,0,4344,596.2273,1125.525,1266806.6,0,0,0,1,0,0,0,0,0,624.619,114.23077,1454.0,0,0,0,0,0,0,13,1485,8,11632,29200,235,3,32,414298.0,0.0,414298,414298,5881825.0,0.0,5881825,5881825
6,11322879,8,6,402,11632,402,0,50.25,142.12846,5792,0,1938.6666,2544.919,1062.803903,1.236434656,870990.7,1924628.5,5318042,15,6319422,902774.56,1982488.5,5318860,204,10300000,2064915.6,2828992.5,5318042,15,0,0,0,0,272,200,0.7065341,0.52990055,0,5792,802.26666,1801.6017,3245768.5,0,0,0,1,0,0,0,0,0,859.5714,50.25,1938.6666,0,0,0,0,0,0,8,402,6,11632,29200,235,1,32,999715.0,0.0,999715,999715,5318042.0,0.0,5318042,5318042
6,31002826,2,0,0,0,0,0,0.0,0.0,0,0,0.0,0.0,0.0,0.064510248,31000000.0,0.0,31000000,31000000,31000000,31000000.0,0.0,31000000,31000000,0,0.0,0.0,0,0,0,0,0,0,64,0,0.06451025,0.0,0,0,0.0,0.0,0.0,0,0,0,0,1,0,0,0,0,0.0,0.0,0.0,0,0,0,0,0,0,2,0,0,0,410,-1,0,32,0.0,0.0,0,0,31000000.0,0.0,31000000,31000000
6,5004555,7,7,555,11632,555,0,79.28571,209.77028,4392,0,1661.7142,1958.926,2435.18155,2.797451522,384965.78,1386419.4,4999248,47,5307,884.5,882.52563,2365,74,5004463,834077.2,2041603.2,5001482,47,0,0,0,0,232,232,1.3987257,1.3987257,0,4392,812.4667,1529.7036,2339993.0,0,0,0,1,0,0,0,0,1,870.5,79.28571,1661.7142,0,0,0,0,0,0,7,555,7,11632,29200,235,1,32,0.0,0.0,0,0,0.0,0.0,0,0
6,7414754,10,5,534,11632,534,0,53.4,168.86563,5792,0,2326.4,2639.7417,1640.782688,2.022993615,529625.3,1490843.6,5342733,1,7414754,823861.56,1827743.8,5343938,1,5343908,1335977.0,2671170.8,5342733,120,0,0,0,0,328,168,1.3486624,0.6743312,0,5792,760.375,1750.5822,3064537.8,0,0,0,1,0,0,0,0,0,811.06665,53.4,2326.4,0,0,0,0,0,0,10,534,5,11632,29200,235,1,32,953.0,0.0,953,953,5342733.0,0.0,5342733,5342733
6,5007614,5,4,335,3525,335,0,67.0,149.81656,3525,0,881.25,1762.5,770.8261859,1.797263128,625951.75,1768241.6,5002126,42,5488,1372.0,1413.2041,2943,160,5007462,1669154.0,2887847.8,5003753,800,0,0,0,0,168,136,0.9984795,0.7987836,0,3525,386.0,1107.9456,1227543.4,0,0,0,1,0,0,0,0,0,428.8889,67.0,881.25,0,0,0,0,0,0,5,335,4,3525,29200,235,1,32,0.0,0.0,0,0,0.0,0.0,0,0
6,10900067,5,5,459,3525,459,0,91.8,205.27104,2077,0,705.0,990.6447,365.5023405,0.917425553,1211118.5,2413077.5,5898005,57,5900232,1475058.0,2949327.2,5899049,232,10900000,2724997.8,3167265.0,5898005,154,0,0,0,0,168,168,0.4587128,0.4587128,0,2077,362.18182,719.60974,517838.16,0,0,0,1,0,0,0,0,1,398.4,91.8,705.0,0,0,0,0,0,0,5,459,5,3525,29200,235,1,32,839.0,0.0,839,839,5898005.0,0.0,5898005,5898005
6,113344136,2,0,0,0,0,0,0.0,0.0,0,0,0.0,0.0,0.0,0.017645377,113000000.0,0.0,113000000,113000000,113000000,113000000.0,0.0,113000000,113000000,0,0.0,0.0,0,0,0,0,0,0,64,0,0.017645378,0.0,0,0,0.0,0.0,0.0,0,0,0,0,1,0,0,0,0,0.0,0.0,0.0,0,0,0,0,0,0,2,0,0,0,296,-1,0,32,0.0,0.0,0,0,113000000.0,0.0,113000000,113000000
6,18553403,8,4,1648,3525,412,0,206.0,220.22327,3525,0,881.25,1762.5,278.8167756,0.646781617,1686673.0,3948353.5,12700000,34,13600000,1935961.9,4760315.5,12700000,460,18600000,6184456.5,6036737.5,12700000,825806,0,0,0,0,264,136,0.43118775,0.21559387,0,3525,397.92307,959.4332,920512.06,0,0,0,1,0,0,0,0,0,431.08334,206.0,881.25,0,0,0,0,0,0,8,1648,4,3525,29200,235,4,32,825840.0,0.0,825840,825840,12700000.0,0.0,12700000,12700000
6,34989735,2,0,0,0,0,0,0.0,0.0,0,0,0.0,0.0,0.0,0.057159621,35000000.0,0.0,35000000,35000000,35000000,35000000.0,0.0,35000000,35000000,0,0.0,0.0,0,0,0,0,0,0,64,0,0.05715962,0.0,0,0,0.0,0.0,0.0,0,0,0,0,1,0,0,0,0,0.0,0.0,0.0,0,0,0,0,0,0,2,0,0,0,410,-1,0,32,0.0,0.0,0,0,35000000.0,0.0,35000000,35000000
6,97780233,2,1,436,6,436,0,218.0,308.29855,6,6,6.0,0.0,4.520341039,0.030681048,48900000.0,69100000.0,97800000,44,97800000,97800000.0,0.0,97800000,97800000,0,0.0,0.0,0,0,0,0,0,0,64,20,0.020454032,0.010227016,0,436,110.5,217.01843,47097.0,0,0,0,0,1,0,0,0,0,147.33333,218.0,6.0,0,0,0,0,0,0,2,436,1,6,410,0,1,32,0.0,0.0,0,0,97800000.0,0.0,97800000,97800000
6,6481695,5,4,415,3525,415,0,83.0,185.59364,3525,0,881.25,1762.5,607.8656895,1.388525687,810211.9,1771414.8,5003895,36,1477800,369450.0,738051.4,1476527,258,6481659,2160553.0,2571402.2,5005021,850,0,0,0,0,168,136,0.77140313,0.61712253,0,3525,394.0,1107.8252,1227276.6,0,0,0,1,0,0,0,0,0,437.77777,83.0,881.25,0,0,0,0,0,0,5,415,4,3525,29200,235,1,32,0.0,0.0,0,0,0.0,0.0,0,0
6,10903006,5,4,255,3525,255,0,51.0,114.03947,3525,0,881.25,1762.5,346.6933798,0.825460428,1362875.8,2534188.8,5897053,4,5899108,1474777.0,2948838.0,5898034,4,10900000,3634306.2,3178143.5,5897053,818,0,0,0,0,168,136,0.45858914,0.3668713,0,3525,378.0,1108.6433,1229090.0,0,0,0,1,0,0,0,0,0,420.0,51.0,881.25,0,0,0,0,0,0,5,255,4,3525,29200,235,1,32,905.0,0.0,905,905,5897053.0,0.0,5897053,5897053
6,11688830,8,6,498,11632,498,0,62.25,176.0696,5792,0,1938.6666,2544.919,1037.742871,1.197724665,899140.75,2220872.5,6683843,4,6686486,955212.3,2526516.0,6684812,4,11700000,2337755.8,3255363.0,6683843,47,0,0,0,0,264,200,0.6844141,0.51331055,0,5792,808.6667,1800.2482,3240893.5,0,0,0,1,0,0,0,0,0,866.4286,62.25,1938.6666,0,0,0,0,0,0,8,498,6,11632,29200,235,1,32,760.0,0.0,760,760,6683843.0,0.0,6683843,6683843
6,30991737,2,0,0,0,0,0,0.0,0.0,0,0,0.0,0.0,0.0,0.06453333,31000000.0,0.0,31000000,31000000,31000000,31000000.0,0.0,31000000,31000000,0,0.0,0.0,0,0,0,0,0,0,64,0,0.06453333,0.0,0,0,0.0,0.0,0.0,0,0,0,0,1,0,0,0,0,0.0,0.0,0.0,0,0,0,0,0,0,2,0,0,0,296,-1,0,32,0.0,0.0,0,0,31000000.0,0.0,31000000,31000000
6,9460577,6,5,348,4154,348,0,58.0,142.0704,3525,0,830.8,1530.5328,475.8694951,1.162719779,946057.7,1992910.0,4984907,4,4475670,895134.0,1998878.9,4470836,4,9460551,2365137.8,2731924.0,4991953,868,0,0,0,0,212,168,0.63421077,0.52850896,0,3525,375.16666,1011.45123,1023033.6,0,0,0,1,0,0,0,0,0,409.27274,58.0,830.8,0,0,0,0,0,0,6,348,5,4154,29200,235,1,32,0.0,0.0,0,0,0.0,0.0,0,0
6,28126741,2,0,0,0,0,0,0.0,0.0,0,0,0.0,0.0,0.0,0.071106709,28100000.0,0.0,28100000,28100000,28100000,28100000.0,0.0,28100000,28100000,0,0.0,0.0,0,0,0,0,0,0,64,0,0.07110671,0.0,0,0,0.0,0.0,0.0,0,0,0,0,1,0,0,0,0,0.0,0.0,0.0,0,0,0,0,0,0,2,0,0,0,284,-1,0,32,0.0,0.0,0,0,28100000.0,0.0,28100000,28100000
6,11375325,9,7,546,11632,273,0,60.666668,120.38168,4344,0,1661.7142,2113.4778,1070.562819,1.406553219,758355.0,1972925.9,6171083,13,6375554,796944.25,2172998.0,6172012,141,11400000,1895885.4,2883390.5,6171083,49,0,0,0,0,296,232,0.7911862,0.61536705,0,4344,716.35297,1532.0554,2347194.0,0,0,0,1,0,0,0,0,0,761.125,60.666668,1661.7142,0,0,0,0,0,0,9,546,7,11632,29200,235,2,32,202610.0,0.0,202610,202610,6171083.0,0.0,6171083,6171083
6,15443106,8,6,385,11632,385,0,48.125,136.11806,4392,0,1938.6666,2190.7188,778.1465723,0.906553384,1187931.2,3104034.5,10400000,16,10400000,1491386.8,3945009.8,10400000,218,15400000,3088608.2,4644480.0,10400000,16,0,0,0,0,264,200,0.5180305,0.3885229,0,4392,801.13336,1627.1759,2647701.5,0,0,0,1,0,0,0,0,0,858.3571,48.125,1938.6666,0,0,0,0,0,0,8,385,6,11632,29200,235,1,32,951.0,0.0,951,951,10400000.0,0.0,10400000,10400000
6,5004447,8,5,458,11632,458,0,57.25,161.92746,7240,0,2326.4,3340.9048,2415.851342,2.597689615,417037.25,1443667.1,5001296,47,3151,450.14285,368.6527,1234,221,5004400,1251100.0,2501406.0,5003209,47,0,0,0,0,264,168,1.5985782,0.9991114,0,7240,863.5714,2174.6167,4728957.5,0,0,0,1,0,0,0,0,0,930.0,57.25,2326.4,0,0,0,0,0,0,8,458,5,11632,29200,235,1,32,0.0,0.0,0,0,0.0,0.0,0,0
6,17490908,7,4,287,11632,287,0,41.0,108.47581,11632,0,2908.0,5816.0,681.4397514,0.628898168,1749090.8,4086832.5,12500000,49,12500000,2081773.6,5098497.5,12500000,179,17500000,5830286.5,6283664.5,12500000,927,0,0,0,0,232,136,0.40020794,0.22869024,0,11632,993.25,3351.353,11200000.0,0,0,0,1,0,0,0,0,0,1083.5454,41.0,2908.0,0,0,0,0,0,0,7,287,4,11632,29200,235,1,32,976.0,0.0,976,976,12500000.0,0.0,12500000,12500000
6,10158073,5,4,457,3525,457,0,91.4,204.37662,3525,0,881.25,1762.5,392.0034833,0.885994814,1269759.1,2349920.0,5155101,70,5160264,1290066.0,2578892.0,5158404,302,10200000,3386000.2,2932595.0,5155101,885,0,0,0,0,168,136,0.49221933,0.39377546,0,3525,398.2,1107.9933,1227649.1,0,0,0,1,0,0,0,0,0,442.44446,91.4,881.25,0,0,0,0,0,0,5,457,4,3525,29200,235,1,32,957.0,0.0,957,957,5155101.0,0.0,5155101,5155101
6,11436994,7,5,591,11632,591,0,84.42857,223.377,10184,0,2326.4,4437.056,1068.724876,1.049226746,1039726.75,2334192.5,6431803,25,6436214,1072702.4,2626747.0,6434527,184,11400000,2859242.2,3352026.0,6431803,160,0,0,0,0,232,168,0.6120489,0.4371778,0,10184,940.2308,2808.7275,7888950.0,0,0,0,1,0,0,0,0,0,1018.5833,84.42857,2326.4,0,0,0,0,0,0,7,591,5,11632,29200,236,1,32,912.0,0.0,912,912,6431803.0,0.0,6431803,6431803
6,17461204,5,4,449,3525,449,0,89.8,200.7989,3525,0,881.25,1762.5,227.5902624,0.515428375,2182650.5,4505059.5,12500000,2,12500000,3115172.8,6229771.0,12500000,2,17500000,5820386.0,6268093.0,12500000,897,0,0,0,0,168,136,0.2863491,0.22907928,0,3525,397.4,1107.949,1227550.9,0,0,0,1,0,0,0,0,0,441.55554,89.8,881.25,0,0,0,0,0,0,5,449,4,3525,29200,235,1,32,943.0,0.0,943,943,12500000.0,0.0,12500000,12500000
6,78278728,2,0,0,0,0,0,0.0,0.0,0,0,0.0,0.0,0.0,0.025549725,78300000.0,0.0,78300000,78300000,78300000,78300000.0,0.0,78300000,78300000,0,0.0,0.0,0,0,0,0,0,0,64,0,0.025549725,0.0,0,0,0.0,0.0,0.0,0,0,0,0,1,0,0,0,0,0.0,0.0,0.0,0,0,0,0,0,0,2,0,0,0,410,-1,0,32,0.0,0.0,0,0,78300000.0,0.0,78300000,78300000
6,100946955,2,1,506,6,506,0,253.0,357.79602,6,6,6.0,0.0,5.07197072,0.029718578,50500000.0,71400000.0,101000000,11,101000000,101000000.0,0.0,101000000,101000000,0,0.0,0.0,0,0,0,0,0,0,64,20,0.019812386,0.009906193,0,506,128.0,252.01587,63512.0,0,0,0,0,1,0,0,0,0,170.66667,253.0,6.0,0,0,0,0,0,0,2,506,1,6,410,0,1,32,0.0,0.0,0,0,101000000.0,0.0,101000000,101000000
6,1950859,2,0,0,0,0,0,0.0,0.0,0,0,0.0,0.0,0.0,1.025189417,1950859.0,0.0,1950859,1950859,1950859,1950859.0,0.0,1950859,1950859,0,0.0,0.0,0,0,0,0,0,0,64,0,1.0251894,0.0,0,0,0.0,0.0,0.0,0,0,0,0,1,0,0,0,0,0.0,0.0,0.0,0,0,0,0,0,0,2,0,0,0,410,-1,0,32,0.0,0.0,0,0,0.0,0.0,0,0
6,5005708,5,5,449,3525,449,0,89.8,200.7989,2077,0,705.0,990.6447,793.893691,1.997719404,556189.75,1666443.6,5000039,10,5669,1417.25,1946.7487,4222,10,5005693,1251423.2,2500378.0,5001990,49,0,0,0,0,168,168,0.9988597,0.9988597,0,2077,361.27274,719.4815,517653.62,0,0,0,1,0,0,0,0,1,397.4,89.8,705.0,0,0,0,0,0,0,5,449,5,3525,29200,235,1,32,0.0,0.0,0,0,0.0,0.0,0,0
6,17523116,8,6,243,11632,243,0,30.375,85.913475,5792,0,1938.6666,2544.919,677.6762763,0.798944663,1347932.0,3630183.2,12500000,0,12500000,1788993.2,4732397.0,12500000,0,17500000,3504617.8,5485514.0,12500000,15,0,0,0,0,264,200,0.4565398,0.34240484,0,5792,791.6667,1804.5902,3256545.8,0,0,0,1,0,0,0,0,0,848.2143,30.375,1938.6666,0,0,0,0,0,0,8,243,6,11632,29200,235,1,32,978.0,0.0,978,978,12500000.0,0.0,12500000,12500000
6,10624875,8,6,400,11632,400,0,50.0,141.42136,4392,0,1938.6666,2190.7188,1132.436852,1.317662561,817298.06,1998262.1,5622443,16,5626031,803718.7,2125223.8,5623273,197,10600000,2124965.5,2917498.8,5622443,16,0,0,0,0,264,200,0.75295,0.5647125,0,4392,802.13336,1626.9065,2646824.8,0,0,0,1,0,0,0,0,0,859.4286,50.0,1938.6666,0,0,0,0,0,0,8,400,6,11632,29200,235,1,32,903.0,0.0,903,903,5622443.0,0.0,5622443,5622443
6,99307723,5,8,374,11595,362,0,74.8,160.57771,5792,0,1449.375,2046.6735,120.5243624,0.130906234,8275643.5,28600000.0,99100000,1,99200000,24800000.0,49600000.0,99100000,4,99300000,14200000.0,37500000.0,99200000,1,0,0,0,0,144,264,0.05034855,0.08055768,0,5792,855.3571,1664.467,2770450.8,1,0,0,0,0,0,0,0,1,921.1539,74.8,1449.375,0,0,0,0,0,0,5,374,8,11595,0,235,2,20,13980.0,0.0,13980,13980,99100000.0,0.0,99100000,99100000
6,99097640,8,5,333,11595,333,0,41.625,117.73328,4344,0,2319.0,2196.7314,120.3661359,0.13118375,8258136.5,28600000.0,99000000,3,99000000,14100000.0,37400000.0,99000000,3,146515,36628.75,65944.164,135245,65,0,0,0,0,264,168,0.080728464,0.050455287,0,4344,852.0,1667.3229,2779965.8,0,0,0,0,1,0,0,0,0,917.53845,41.625,2319.0,0,0,0,0,0,0,8,333,5,11595,251,235,1,32,902.0,0.0,902,902,99000000.0,0.0,99000000,99000000
6,85615158,9,6,304,11595,304,0,33.77778,101.333336,5803,0,1932.5,2539.0752,138.9823984,0.17520262,6115368.5,22600000.0,84600000,1,85600000,10700000.0,29900000.0,84600000,1,1328,265.6,341.7986,865,49,0,0,0,0,304,200,0.105121575,0.07008105,0,5803,743.6875,1749.0022,3059008.5,0,0,0,0,1,0,0,0,0,793.26666,33.77778,1932.5,0,0,0,0,0,0,9,304,6,11595,274,235,1,32,10.0,0.0,10,10,84600000.0,0.0,84600000,84600000
6,101240734,6,6,388,11595,370,0,64.666664,149.61105,7240,0,1932.5,2695.6392,118.3614493,0.118529366,9203703.0,30500000.0,101000000,2,101000000,20200000.0,45200000.0,101000000,2,151457,30291.4,64746.28,146054,86,0,0,0,0,164,200,0.059264682,0.059264682,0,7240,922.2308,1996.2488,3985009.0,1,0,0,0,0,0,0,0,1,999.0833,64.666664,1932.5,0,0,0,0,0,0,6,388,6,11595,0,235,3,20,9942.0,0.0,9942,9942,101000000.0,0.0,101000000,101000000
6,99517624,7,7,339,11595,315,0,48.42857,117.58098,5792,0,1656.4286,2120.7322,119.9184579,0.1406786,7655202.0,27600000.0,99400000,44,99400000,16600000.0,40600000.0,99400000,192,99500000,16600000.0,40600000.0,99400000,45,0,0,0,0,184,232,0.0703393,0.0703393,0,5792,796.0,1620.9893,2627606.2,1,0,0,0,0,0,0,0,1,852.8571,48.42857,1656.4286,0,0,0,0,0,0,7,339,7,11595,0,235,4,20,12992.0,0.0,12992,12992,99400000.0,0.0,99400000,99400000
6,85176422,7,7,329,11595,329,0,47.0,124.35031,5792,0,1656.4286,2118.2273,139.9917926,0.164364735,6552032.5,23600000.0,85000000,1,85000000,14200000.0,34700000.0,85000000,1,141751,23625.166,51015.95,127129,40,0,0,0,0,232,232,0.08218237,0.08218237,0,5792,794.93335,1620.341,2625504.8,0,0,0,0,1,0,0,0,1,851.7143,47.0,1656.4286,0,0,0,0,0,0,7,329,7,11595,251,235,1,32,1017.0,0.0,1017,1017,85000000.0,0.0,85000000,85000000
6,83541256,7,6,316,11595,316,0,45.142857,119.436775,7240,0,1932.5,2695.6392,142.576262,0.155611738,6961771.5,24100000.0,83400000,1,83400000,13900000.0,34000000.0,83400000,1,143610,28722.0,56515.523,129247,70,0,0,0,0,232,200,0.083790936,0.0718208,0,7240,850.7857,1935.6144,3746602.8,0,0,0,0,1,0,0,0,0,916.2308,45.142857,1932.5,0,0,0,0,0,0,7,316,6,11595,251,235,1,32,1003.0,0.0,1003,1003,83400000.0,0.0,83400000,83400000
6,86138377,7,6,354,11595,348,0,50.57143,131.17273,8688,0,1932.5,3384.303,138.7186573,0.150919955,7178198.0,24800000.0,86000000,1,86000000,14300000.0,35100000.0,86000000,1,184699,36939.8,76341.7,173245,94,0,0,0,0,220,200,0.08126459,0.069655366,0,8688,853.5,2313.797,5353657.0,0,0,0,0,1,0,0,0,0,919.1539,50.57143,1932.5,0,0,0,0,0,0,7,354,6,11595,274,235,2,20,988.0,0.0,988,988,86000000.0,0.0,86000000,86000000
6,98702124,7,6,338,11595,332,0,48.285713,125.12622,5792,0,1932.5,2362.7815,120.8991207,0.131709425,8225177.0,28500000.0,98700000,1,98700000,16400000.0,40300000.0,98700000,1,36923,7384.6,11148.139,25465,65,0,0,0,0,220,200,0.07092046,0.060788967,0,5792,852.3571,1759.8098,3096930.8,0,0,0,0,1,0,0,0,0,917.9231,48.285713,1932.5,0,0,0,0,0,0,7,338,6,11595,251,235,2,20,6.0,0.0,6,6,98700000.0,0.0,98700000,98700000
6,99019719,7,6,380,11595,380,0,54.285713,143.6265,4344,0,1932.5,1754.8314,120.9355078,0.131286981,8251643.0,28500000.0,98900000,1,98900000,16500000.0,40400000.0,98900000,1,148425,29685.0,59750.41,136174,47,0,0,0,0,232,200,0.07069299,0.060593992,0,4344,855.3571,1459.8737,2131231.0,0,0,0,0,1,0,0,0,0,921.1539,54.285713,1932.5,0,0,0,0,0,0,7,380,6,11595,251,235,1,32,967.0,0.0,967,967,98900000.0,0.0,98900000,98900000
6,85459129,6,6,348,11595,348,0,58.0,142.0704,5792,0,1932.5,2179.547,139.7510148,0.140418,7769011.5,25700000.0,85300000,0,85300000,17100000.0,38200000.0,85300000,0,141468,28293.6,55563.52,127100,52,0,0,0,0,200,200,0.070209,0.070209,0,5792,918.6923,1715.3384,2942385.5,0,0,0,0,1,0,0,0,1,995.25,58.0,1932.5,0,0,0,0,0,0,6,348,6,11595,251,235,1,32,1.0,0.0,1,1,85300000.0,0.0,85300000,85300000
6,85682023,7,5,317,11595,311,0,45.285713,117.19032,5792,0,2319.0,3170.4038,139.0256624,0.140052716,7789275.0,25800000.0,85500000,0,85600000,14300000.0,34900000.0,85500000,0,141424,35356.0,62785.996,129156,65,0,0,0,0,220,168,0.08169742,0.058355298,0,5792,916.3077,2165.5706,4689695.5,0,0,0,0,1,0,0,0,0,992.6667,45.285713,2319.0,0,0,0,0,0,0,7,317,5,11595,274,235,2,20,1984.0,0.0,1984,1984,85500000.0,0.0,85500000,85500000
6,98866629,10,4,331,11595,319,0,33.1,100.485985,8688,0,2898.75,4095.5662,120.6271532,0.141604909,7605125.5,27400000.0,98900000,0,98900000,11000000.0,33000000.0,98900000,0,8414,2804.6667,4527.8696,8033,190,0,0,0,0,304,136,0.10114636,0.040458545,0,8688,795.06665,2307.625,5325133.0,0,0,0,0,1,0,0,0,0,851.8571,33.1,2898.75,0,0,0,0,0,0,10,331,4,11595,251,235,3,20,988.0,0.0,988,988,98900000.0,0.0,98900000,98900000
6,98347748,6,7,343,11595,325,0,57.166668,131.24393,4344,0,1656.4286,1760.5973,121.3855959,0.132184013,8195645.5,28400000.0,98300000,1,98300000,19700000.0,44000000.0,98300000,4,98300000,16400000.0,40100000.0,98300000,15,0,0,0,0,164,232,0.061008006,0.07117601,0,4344,853.1429,1460.2512,2132333.5,1,0,0,0,0,0,0,0,1,918.7692,57.166668,1656.4286,0,0,0,0,0,0,6,343,7,11595,0,235,3,20,12989.0,0.0,12989,12989,98300000.0,0.0,98300000,98300000
6,98831947,6,7,364,11595,364,0,60.666668,148.60237,4344,0,1656.4286,1547.7377,121.0033837,0.131536415,8235995.5,28500000.0,98800000,1,98800000,19800000.0,44200000.0,98800000,1,11699,1949.8334,4447.959,11028,44,0,0,0,0,200,232,0.060709115,0.0708273,0,4344,854.2143,1344.3954,1807399.1,0,0,0,0,1,0,0,0,1,919.9231,60.666668,1656.4286,0,0,0,0,0,0,6,364,7,11595,251,235,1,32,4.0,0.0,4,4,98800000.0,0.0,98800000,98800000
6,15033,2,2,12,11,6,6,6.0,0.0,11,0,5.5,7.7781744,1529.967405,266.0812878,5011.0,7022.8833,13045,39,1988,1988.0,0.0,1988,1988,14994,14994.0,0.0,14994,14994,0,0,0,0,40,64,133.04065,133.04065,0,11,5.8,3.8987176,15.2,1,0,0,0,0,0,0,0,1,7.25,6.0,5.5,0,0,0,0,0,0,2,12,2,11,0,235,1,20,0.0,0.0,0,0,0.0,0.0,0,0
6,99420660,8,6,628,11595,314,0,78.5,145.35376,4344,0,1932.5,1754.8314,122.9422537,0.140815802,7647743.0,27500000.0,99100000,1,99300000,14200000.0,37400000.0,99100000,1,352367,70473.4,100844.445,218005,15,0,0,0,0,264,200,0.08046617,0.06034963,0,4344,814.86664,1415.2633,2002970.1,0,0,0,0,1,0,0,0,0,873.0714,78.5,1932.5,0,0,0,0,0,0,8,628,6,11595,251,235,2,32,990.0,0.0,990,990,99100000.0,0.0,99100000,99100000
6,4366,5,0,0,0,0,0,0.0,0.0,0,0,0.0,0.0,0.0,1145.21301,1091.5,1714.5262,3663,203,4366,1091.5,1714.5262,3663,203,0,0.0,0.0,0,0,0,0,0,0,160,0,1145.213,0.0,0,0,0.0,0.0,0.0,0,0,0,0,1,0,0,0,0,0.0,0.0,0.0,0,0,0,0,0,0,5,0,0,0,274,-1,0,32,0.0,0.0,0,0,0.0,0.0,0,0
6,98308325,6,6,378,11595,360,0,63.0,145.52937,4344,0,1932.5,2181.0083,121.790296,0.122064942,8937120.0,29600000.0,98300000,7,98300000,19700000.0,44000000.0,98300000,278,98300000,19700000.0,44000000.0,98300000,149,0,0,0,0,164,200,0.06103247,0.06103247,0,4344,921.46155,1714.7128,2940239.8,1,0,0,0,0,0,0,0,1,998.25,63.0,1932.5,0,0,0,0,0,0,6,378,6,11595,0,235,3,20,15024.0,0.0,15024,15024,98300000.0,0.0,98300000,98300000
6,84569110,4,6,363,11595,357,0,90.75,177.52254,4344,0,1932.5,1754.8314,141.3991468,0.118246485,9396568.0,28100000.0,84400000,5,84400000,28100000.0,48700000.0,84400000,5,147426,29485.2,59232.11,135034,49,0,0,0,0,124,200,0.047298595,0.07094789,0,4344,1087.6364,1578.5925,2491954.5,1,0,0,0,0,0,0,0,1,1196.4,90.75,1932.5,0,0,0,0,0,0,4,363,6,11595,0,235,1,20,0.0,0.0,0,0,84400000.0,0.0,84400000,84400000
6,99912650,6,7,368,11595,350,0,61.333332,141.44775,5792,0,1656.4286,2120.7322,119.7345882,0.130113654,8326054.0,28800000.0,99800000,1,99800000,20000000.0,44600000.0,99800000,1,99900000,16700000.0,40700000.0,99800000,46,0,0,0,0,164,232,0.060052454,0.0700612,0,5792,854.9286,1665.9791,2775486.5,1,0,0,0,0,0,0,0,1,920.6923,61.333332,1656.4286,0,0,0,0,0,0,6,368,7,11595,0,235,3,20,10956.0,0.0,10956,10956,99800000.0,0.0,99800000,99800000
6,85594132,9,6,618,11595,309,0,68.666664,136.2562,4344,0,1932.5,1754.8314,142.6850149,0.175245658,6113866.5,22800000.0,85200000,1,85500000,10700000.0,30100000.0,85200000,1,357469,71493.8,102465.56,221939,24,0,0,0,0,296,200,0.10514739,0.070098266,0,4344,763.3125,1382.5853,1911542.1,0,0,0,0,1,0,0,0,0,814.2,68.666664,1932.5,0,0,0,0,0,0,9,618,6,11595,274,235,2,32,992.0,0.0,992,992,85200000.0,0.0,85200000,85200000
6,11012,2,1,12,0,6,6,6.0,0.0,0,0,0.0,0.0,1089.720305,272.4300763,5506.0,7721.606,10966,46,11012,11012.0,0.0,11012,11012,0,0.0,0.0,0,0,0,0,0,0,40,32,181.62006,90.81003,0,6,4.5,3.0,9.0,1,0,0,0,0,0,0,0,0,6.0,6.0,0.0,0,0,0,0,0,0,2,12,1,0,0,235,1,20,0.0,0.0,0,0,0.0,0.0,0,0
6,98304850,8,5,340,11595,340,0,42.5,120.20815,8688,0,2319.0,3774.2375,121.4080485,0.132241695,8192071.0,28400000.0,98300000,1,98300000,14000000.0,37100000.0,98300000,1,15569,3892.25,5098.232,10999,189,0,0,0,0,264,168,0.0813795,0.05086219,0,8688,852.5,2382.7795,5677638.0,0,0,0,0,1,0,0,0,0,918.0769,42.5,2319.0,0,0,0,0,0,0,8,340,5,11595,274,235,1,32,1985.0,0.0,1985,1985,98300000.0,0.0,98300000,98300000
6,98290870,6,6,434,11595,416,0,72.333336,168.38725,10147,0,1932.5,4065.7344,122.3816617,0.122086619,8935534.0,29600000.0,98300000,3,98300000,19700000.0,43900000.0,98300000,3,98300000,19700000.0,44000000.0,98300000,4,0,0,0,0,164,200,0.06104331,0.06104331,0,10147,925.7692,2800.147,7840823.5,1,0,0,0,0,0,0,0,1,1002.9167,72.333336,1932.5,0,0,0,0,0,0,6,434,6,11595,0,235,3,20,12997.0,0.0,12997,12997,98300000.0,0.0,98300000,98300000
6,100007626,7,5,303,11595,297,0,43.285713,111.899826,7240,0,2319.0,3331.6382,118.9709273,0.119990849,9091602.0,30100000.0,99900000,1,99900000,16700000.0,40800000.0,99900000,1,107335,26833.75,46498.35,96157,66,0,0,0,0,220,168,0.069994666,0.049996186,0,7240,915.2308,2245.1223,5040574.0,0,0,0,0,1,0,0,0,0,991.5,43.285713,2319.0,0,0,0,0,0,0,7,303,5,11595,274,235,2,20,7.0,0.0,7,7,99900000.0,0.0,99900000,99900000
6,30409,3,6,368,11595,368,0,122.666664,212.4649,4344,0,1932.5,2178.085,393403.2688,295.9650104,3801.125,7288.237,20171,3,9987,4993.5,5663.2183,8998,989,30329,6065.8,8960.195,20171,3,0,0,0,0,104,200,98.65501,197.31001,0,4344,1196.3,1884.1943,3550188.5,0,0,0,1,0,0,0,0,2,1329.2222,122.666664,1932.5,0,0,0,0,0,0,3,368,6,11595,29200,235,1,32,0.0,0.0,0,0,0.0,0.0,0,0
6,101268629,10,6,1074,11595,358,0,107.4,172.93044,5792,0,1932.5,2181.0083,125.1029082,0.157995622,6751242.0,25700000.0,99800000,1,101000000,11200000.0,33200000.0,99800000,1,521363,104272.6,191944.23,442162,46,0,0,0,0,336,200,0.09874726,0.059248358,0,5792,745.2353,1523.4506,2320901.8,0,0,0,0,1,0,0,0,0,791.8125,107.4,1932.5,0,0,0,0,0,0,10,1074,6,11595,251,235,3,32,193.0,0.0,193,193,99800000.0,0.0,99800000,99800000
6,83933954,6,6,620,11595,304,0,103.333336,155.4589,8688,0,1932.5,3506.0217,145.5310922,0.142969554,7630359.5,25200000.0,83600000,4,83800000,16800000.0,37300000.0,83600000,4,83900000,16800000.0,37300000.0,83600000,102,0,0,0,0,176,200,0.071484774,0.071484774,0,8688,940.0769,2459.074,6047045.0,1,0,0,0,0,0,0,0,1,1018.4167,103.333336,1932.5,0,0,0,0,0,0,6,620,6,11595,0,235,3,20,10000.0,0.0,10000,10000,83600000.0,0.0,83600000,83600000
6,98925011,5,7,366,11595,354,0,73.2,157.00064,4344,0,1656.4286,1760.5973,120.9097667,0.121304005,8993183.0,29800000.0,98800000,15,98800000,24700000.0,49400000.0,98800000,1002,98900000,16500000.0,40300000.0,98800000,15,0,0,0,0,144,232,0.050543334,0.07076067,0,4344,920.53845,1497.6049,2242820.5,1,0,0,0,0,0,0,0,1,997.25,73.2,1656.4286,0,0,0,0,0,0,5,366,7,11595,0,235,2,20,12999.0,0.0,12999,12999,98800000.0,0.0,98800000,98800000
6,83448108,6,6,307,11595,307,0,51.166668,125.33222,5792,0,1932.5,2181.0083,142.6275596,0.143801942,7586191.5,25100000.0,83300000,2,83300000,16700000.0,37300000.0,83300000,2,147416,29483.2,59283.246,135131,47,0,0,0,0,200,200,0.07190097,0.07190097,0,5792,915.53845,1717.2854,2949069.2,0,0,0,0,1,0,0,0,1,991.8333,51.166668,1932.5,0,0,0,0,0,0,6,307,6,11595,251,235,1,32,7.0,0.0,7,7,83300000.0,0.0,83300000,83300000
6,68961584,6,5,316,11595,316,0,52.666668,129.00645,7240,0,2319.0,3003.1711,172.7193505,0.159509097,6896158.5,21800000.0,68800000,2,68800000,13800000.0,30800000.0,68800000,2,141470,35367.5,62819.54,129221,44,0,0,0,0,200,168,0.08700496,0.07250413,0,7240,992.5833,2158.3274,4658377.0,0,0,0,0,1,0,0,0,0,1082.8182,52.666668,2319.0,0,0,0,0,0,0,6,316,5,11595,274,235,1,32,987.0,0.0,987,987,68800000.0,0.0,68800000,68800000
6,97515252,7,7,364,11595,364,0,52.0,137.57907,4344,0,1656.4286,1547.7377,122.637226,0.143567285,7501173.0,27000000.0,97500000,3,97500000,16300000.0,39800000.0,97500000,3,5715,952.5,2015.3502,5064,47,0,0,0,0,232,232,0.07178364,0.07178364,0,4344,797.26666,1314.1327,1726944.6,0,0,0,0,1,0,0,0,1,854.2143,52.0,1656.4286,0,0,0,0,0,0,7,364,7,11595,274,235,1,32,507.0,0.0,507,507,97500000.0,0.0,97500000,97500000
6,100850690,7,6,602,11595,301,0,86.0,146.87296,4344,0,1932.5,1754.8314,120.9411656,0.128903431,8404224.0,29000000.0,100000000,1,101000000,16800000.0,41000000.0,100000000,1,350476,70095.2,100131.04,216059,49,0,0,0,0,232,200,0.06940954,0.059493892,0,4344,871.2143,1450.7162,2104577.5,0,0,0,0,1,0,0,0,0,938.2308,86.0,1932.5,0,0,0,0,0,0,7,602,6,11595,274,235,2,32,993.0,0.0,993,993,100000000.0,0.0,100000000,100000000
6,84944136,5,7,304,11595,292,0,60.8,129.27954,8688,0,1656.4286,3174.6018,140.0802994,0.141269316,7722194.0,25600000.0,84800000,2,84800000,21200000.0,42400000.0,84800000,2,84900000,14200000.0,34600000.0,84800000,48,0,0,0,0,144,232,0.058862217,0.0824071,0,8688,915.7692,2395.4473,5738167.5,1,0,0,0,0,0,0,0,1,992.0833,60.8,1656.4286,0,0,0,0,0,0,5,304,7,11595,0,235,2,20,9028.0,0.0,9028,9028,84800000.0,0.0,84800000,84800000
6,199828,3,4,294,11595,294,0,98.0,169.74098,11584,0,2898.75,5790.169,59496.1667,35.03012591,33304.668,71176.43,177610,39,21994,10997.0,14204.361,21041,953,199748,66582.664,96766.54,177610,185,0,0,0,0,104,136,15.012911,20.017216,0,11584,1486.125,4081.4402,16700000.0,0,0,0,1,0,0,0,0,1,1698.4286,98.0,2898.75,0,0,0,0,0,0,3,294,4,11595,29200,235,1,32,0.0,0.0,0,0,0.0,0.0,0,0
6,22999,4,1,24,0,6,6,6.0,0.0,0,0,0.0,0.0,1043.523631,217.4007566,5749.75,9545.439,20021,53,22999,7666.3335,10709.125,20021,1034,0,0.0,0.0,0,0,0,0,0,0,80,32,173.92061,43.480152,0,6,5.0,2.4494898,6.0,1,0,0,0,0,0,0,0,0,6.0,6.0,0.0,0,0,0,0,0,0,4,24,1,0,0,235,3,20,0.0,0.0,0,0,0.0,0.0,0,0
6,98380394,9,4,325,11595,325,0,36.11111,108.333336,8688,0,2898.75,4095.5662,121.1623527,0.13214015,8198366.0,28400000.0,98400000,1,98400000,12300000.0,34800000.0,98400000,1,7116,2372.0,2971.1565,5802,593,0,0,0,0,296,136,0.09148164,0.040658507,0,8688,851.4286,2384.059,5683737.5,0,0,0,0,1,0,0,0,0,916.9231,36.11111,2898.75,0,0,0,0,0,0,9,325,4,11595,251,235,1,32,1007.0,0.0,1007,1007,98400000.0,0.0,98400000,98400000
6,98278761,5,4,331,11595,319,0,66.2,141.35133,11595,0,2898.75,5797.5,121.3487012,0.091576246,12300000.0,34700000.0,98200000,4,98300000,24600000.0,49100000.0,98200000,50,21431,7143.6665,10935.379,19733,4,0,0,0,0,144,136,0.050875694,0.040700555,0,11595,1193.2,3656.1763,13400000.0,1,0,0,0,0,0,0,0,0,1325.7778,66.2,2898.75,0,0,0,0,0,0,5,331,4,11595,0,235,2,20,13971.0,0.0,13971,13971,98200000.0,0.0,98200000,98200000
6,98666356,7,6,332,11595,326,0,47.42857,122.8588,5792,0,1932.5,2537.82,120.8821374,0.131757172,8222196.5,28500000.0,98700000,1,98700000,16400000.0,40300000.0,98700000,1,4097,819.4,1575.3639,3635,47,0,0,0,0,220,200,0.07094617,0.060811,0,5792,851.9286,1851.3063,3427334.8,0,0,0,0,1,0,0,0,0,917.46155,47.42857,1932.5,0,0,0,0,0,0,7,332,6,11595,251,235,2,20,1010.0,0.0,1010,1010,98700000.0,0.0,98700000,98700000
6,117085262,8,7,626,11595,304,0,78.25,139.3636,4344,0,1656.4286,1947.6382,104.3769283,0.128111769,8363233.0,26900000.0,101000000,1,117000000,16700000.0,37500000.0,101000000,1,117000000,19500000.0,47600000.0,117000000,49,0,0,0,0,236,232,0.06832628,0.059785493,0,4344,764.1875,1478.9031,2187154.2,1,0,0,0,0,0,0,0,0,815.13336,78.25,1656.4286,0,0,0,0,0,0,8,626,7,11595,0,235,4,20,11013.0,0.0,11013,11013,58400000.0,59900000.0,101000000,16000000
6,98303564,5,5,304,11595,292,0,60.8,129.27954,8688,0,2319.0,3776.347,121.0434242,0.101725712,10900000.0,32800000.0,98300000,19,98300000,24600000.0,49100000.0,98300000,222,98300000,24600000.0,49100000.0,98300000,557,0,0,0,0,144,168,0.050862856,0.050862856,0,8688,1082.2727,2667.0754,7113291.0,1,0,0,0,0,0,0,0,1,1190.5,60.8,2319.0,0,0,0,0,0,0,5,304,5,11595,0,235,2,20,11990.0,0.0,11990,11990,98300000.0,0.0,98300000,98300000
6,99527679,8,6,321,11595,309,0,40.125,108.67571,5792,0,1932.5,2181.0083,119.7254886,0.140664387,7655975.5,27600000.0,99400000,1,99400000,14200000.0,37600000.0,99400000,1,95366,19073.2,36139.17,83052,14,0,0,0,0,240,200,0.08037965,0.060284737,0,5792,794.4,1621.7451,2630057.5,0,0,0,0,1,0,0,0,0,851.1429,40.125,1932.5,0,0,0,0,0,0,8,321,6,11595,251,235,3,20,995.0,0.0,995,995,99400000.0,0.0,99400000,99400000
6,85037281,9,7,385,11595,385,0,42.77778,128.33333,5792,0,1656.4286,2118.2273,140.8793868,0.18815277,5669152.0,21900000.0,84900000,2,84900000,10600000.0,30000000.0,84900000,2,149591,24931.834,54279.18,135151,47,0,0,0,0,296,232,0.10583593,0.08231684,0,5792,704.7059,1537.7227,2364591.0,0,0,0,0,1,0,0,0,0,748.75,42.77778,1656.4286,0,0,0,0,0,0,9,385,7,11595,251,235,1,32,997.0,0.0,997,997,84900000.0,0.0,84900000,84900000
6,34124,3,6,348,11595,348,0,116.0,200.9179,7240,0,1932.5,2695.6392,349988.278,263.7439925,4265.5,8376.662,22726,4,11016,5508.0,7721.606,10968,48,34120,6824.0,10067.191,22726,75,0,0,0,0,104,200,87.914665,175.82933,0,7240,1194.3,2226.0396,4955252.0,0,0,0,1,0,0,0,0,2,1327.0,116.0,1932.5,0,0,0,0,0,0,3,348,6,11595,29200,235,1,32,0.0,0.0,0,0,0.0,0.0,0,0
6,84689085,9,6,319,11595,319,0,35.444443,106.333336,4344,0,1932.5,1754.8314,140.6792859,0.177118456,6049220.5,22600000.0,84500000,1,84600000,10600000.0,29900000.0,84500000,1,148396,29679.2,59182.914,135070,16,0,0,0,0,296,200,0.10627107,0.070847385,0,4344,744.625,1391.2777,1935653.6,0,0,0,0,1,0,0,0,0,794.26666,35.444443,1932.5,0,0,0,0,0,0,9,319,6,11595,274,235,1,32,1010.0,0.0,1010,1010,84500000.0,0.0,84500000,84500000
6,100554680,7,7,391,11595,367,0,55.857143,137.23026,5792,0,1656.4286,2120.7322,119.1988279,0.139227732,7734975.5,27800000.0,100000000,1,100000000,16700000.0,41000000.0,100000000,1,101000000,16800000.0,41000000.0,100000000,46,0,0,0,0,184,232,0.06961387,0.06961387,0,5792,799.4667,1619.9424,2624213.2,1,0,0,0,0,0,0,0,1,856.5714,55.857143,1656.4286,0,0,0,0,0,0,7,391,7,11595,0,235,4,20,10011.0,0.0,10011,10011,100000000.0,0.0,100000000,100000000
6,100130732,10,6,702,11595,348,0,70.2,146.42542,5792,0,1932.5,2181.0083,122.8094488,0.159791102,6675382.0,25800000.0,99800000,0,100000000,11100000.0,33300000.0,99800000,0,342325,68465.0,97195.68,207972,46,0,0,0,0,316,200,0.09986944,0.059921663,0,5792,723.35297,1531.7167,2346155.8,0,0,0,0,1,0,0,0,0,768.5625,70.2,1932.5,0,0,0,0,0,0,10,702,6,11595,274,235,3,20,2007.0,0.0,2007,2007,99800000.0,0.0,99800000,99800000
6,98412925,7,5,344,11595,344,0,49.142857,130.01978,7240,0,2319.0,3331.6382,121.3153658,0.121935203,8946630.0,29700000.0,98400000,0,98400000,16400000.0,40200000.0,98400000,0,14697,3674.25,5176.3696,11149,188,0,0,0,0,232,168,0.07112887,0.050806336,0,7240,918.38464,2244.2854,5036816.5,0,0,0,0,1,0,0,0,0,994.9167,49.142857,2319.0,0,0,0,0,0,0,7,344,5,11595,274,235,1,32,1007.0,0.0,1007,1007,98400000.0,0.0,98400000,98400000
6,98796648,7,6,330,11595,330,0,47.142857,124.72828,5792,0,1932.5,2181.0083,120.7024757,0.131583412,8233054.0,28500000.0,98600000,1,98700000,16400000.0,40300000.0,98600000,1,152449,30489.8,60980.07,139112,46,0,0,0,0,232,200,0.07085261,0.060730804,0,5792,851.7857,1667.3949,2780205.8,0,0,0,0,1,0,0,0,0,917.3077,47.142857,1932.5,0,0,0,0,0,0,7,330,6,11595,274,235,1,32,963.0,0.0,963,963,98600000.0,0.0,98600000,98600000
6,83003130,8,6,382,11595,382,0,47.75,135.05739,4344,0,1932.5,1754.8314,144.2957633,0.168668338,6384856.0,23000000.0,82900000,1,82900000,11800000.0,31300000.0,82900000,1,141458,28291.6,57061.73,130003,15,0,0,0,0,264,200,0.09638191,0.072286434,0,4344,798.4667,1423.9581,2027656.8,0,0,0,0,1,0,0,0,0,855.5,47.75,1932.5,0,0,0,0,0,0,8,382,6,11595,296,235,1,32,1014.0,0.0,1014,1014,82900000.0,0.0,82900000,82900000
6,149700,3,6,344,11595,344,0,114.666664,198.60849,4344,0,1932.5,1754.8314,79752.83901,60.12024048,18712.5,47954.67,137031,46,11987,5993.5,7091.5737,11008,979,149654,29930.8,60095.168,137031,47,0,0,0,0,104,200,20.040081,40.080162,0,4344,1193.9,1621.6887,2629874.2,0,0,0,1,0,0,0,0,2,1326.5555,114.666664,1932.5,0,0,0,0,0,0,3,344,6,11595,29200,235,1,32,0.0,0.0,0,0,0.0,0.0,0,0
6,97694961,6,7,298,11595,298,0,49.666668,121.65799,5792,0,1656.4286,2118.2273,121.7360637,0.133067252,8141247.0,28200000.0,97700000,0,97700000,19500000.0,43700000.0,97700000,0,11681,1946.8334,4429.374,10987,47,0,0,0,0,200,232,0.061415654,0.0716516,0,5792,849.5,1666.7174,2777947.0,0,0,0,0,1,0,0,0,1,914.8461,49.666668,1656.4286,0,0,0,0,0,0,6,298,7,11595,251,235,1,32,1.0,0.0,1,1,97700000.0,0.0,97700000,97700000
6,86008969,7,6,329,11595,311,0,47.0,116.451706,10147,0,1932.5,4065.7344,138.6367043,0.151147027,7167414.0,24500000.0,85000000,0,86000000,14300000.0,34600000.0,85000000,0,86000000,17200000.0,38500000.0,86000000,4,0,0,0,0,204,200,0.081386864,0.069760166,0,10147,852.1429,2703.1194,7306855.0,1,0,0,0,0,0,0,0,0,917.6923,47.0,1932.5,0,0,0,0,0,0,7,329,6,11595,0,235,3,20,10019.0,0.0,10019,10019,85000000.0,0.0,85000000,85000000
6,99755612,7,5,422,11595,416,0,60.285713,156.8712,8688,0,2319.0,3774.2375,120.4644005,0.120293984,9068692.0,30100000.0,99700000,0,99700000,16600000.0,40700000.0,99700000,0,72111,18027.75,28474.646,59947,188,0,0,0,0,220,168,0.07017149,0.050122492,0,8688,924.38464,2465.31,6077753.5,0,0,0,0,1,0,0,0,0,1001.4167,60.285713,2319.0,0,0,0,0,0,0,7,422,5,11595,251,235,2,20,4.0,0.0,4,4,99700000.0,0.0,99700000,99700000
6,177500,3,6,309,11595,309,0,103.0,178.40123,4344,0,1932.5,1754.8314,67064.78873,50.70422535,22187.5,57144.453,163098,4,14012,7006.0,9902.323,14008,4,177481,35496.2,71588.5,163098,47,0,0,0,0,104,200,16.90141,33.80282,0,4344,1190.4,1623.7633,2636607.2,0,0,0,1,0,0,0,0,2,1322.6666,103.0,1932.5,0,0,0,0,0,0,3,309,6,11595,29200,235,1,32,0.0,0.0,0,0,0.0,0.0,0,0
6,84629414,6,7,364,11595,346,0,60.666668,139.81511,4344,0,1656.4286,1760.5973,141.3102069,0.153610895,7052451.0,24400000.0,84500000,16,84500000,16900000.0,37800000.0,84500000,47,84600000,14100000.0,34500000.0,84500000,16,0,0,0,0,164,232,0.07089733,0.08271356,0,4344,854.6429,1459.6776,2130658.8,1,0,0,0,0,0,0,0,1,920.38464,60.666668,1656.4286,0,0,0,0,0,0,6,364,7,11595,0,235,3,20,12004.0,0.0,12004,12004,84500000.0,0.0,84500000,84500000
6,145756,3,6,361,11595,361,0,120.333336,208.42345,4344,0,1932.5,1754.8314,82027.49801,61.74702928,18219.5,47090.996,134381,4,11044,5522.0,7803.6304,11040,4,145681,29136.2,59023.93,134381,33,0,0,0,0,104,200,20.582342,41.164684,0,4344,1195.6,1620.7074,2626692.5,0,0,0,1,0,0,0,0,2,1328.4445,120.333336,1932.5,0,0,0,0,0,0,3,361,6,11595,29200,235,1,32,0.0,0.0,0,0,0.0,0.0,0,0
6,99537693,10,6,335,11595,335,0,33.5,105.9363,4344,0,1932.5,1754.8314,119.8540939,0.160743127,6635846.0,25700000.0,99400000,0,99400000,11000000.0,33100000.0,99400000,0,144344,28868.8,57956.67,132140,47,0,0,0,0,328,200,0.100464456,0.060278673,0,4344,701.7647,1358.8754,1846542.4,0,0,0,0,1,0,0,0,0,745.625,33.5,1932.5,0,0,0,0,0,0,10,335,6,11595,251,235,1,32,33015.0,0.0,33015,33015,99400000.0,0.0,99400000,99400000
6,1605,5,0,0,0,0,0,0.0,0.0,0,0,0.0,0.0,0.0,3115.264798,401.25,221.28621,674,208,1605,401.25,221.28621,674,208,0,0.0,0.0,0,0,0,0,0,0,160,0,3115.265,0.0,0,0,0.0,0.0,0.0,0,0,0,0,1,0,0,0,0,0.0,0.0,0.0,0,0,0,0,0,0,5,0,0,0,274,-1,0,32,0.0,0.0,0,0,0.0,0.0,0,0
6,84892176,9,6,333,11595,333,0,37.0,111.0,8688,0,1932.5,3384.303,140.5076482,0.176694729,6063727.0,22600000.0,84700000,0,84800000,10600000.0,30000000.0,84700000,0,144553,28910.6,57457.465,131206,48,0,0,0,0,296,200,0.10601684,0.07067789,0,8688,745.5,2173.9893,4726229.0,0,0,0,0,1,0,0,0,0,795.2,37.0,1932.5,0,0,0,0,0,0,9,333,6,11595,251,235,1,32,1014.0,0.0,1014,1014,84700000.0,0.0,84700000,84700000
6,84955050,7,6,718,11595,359,0,102.57143,175.17406,5792,0,1932.5,2181.0083,144.9354688,0.153022098,7079587.5,24400000.0,84700000,1,84900000,14200000.0,34600000.0,84700000,1,237412,47482.4,99347.29,224952,14,0,0,0,0,232,200,0.082396515,0.07062558,0,5792,879.5,1655.2899,2739984.5,0,0,0,0,1,0,0,0,0,947.1539,102.57143,1932.5,0,0,0,0,0,0,7,718,6,11595,251,235,2,32,3.0,0.0,3,3,84700000.0,0.0,84700000,84700000
6,100862810,7,8,342,11595,324,0,48.857143,121.36368,5792,0,1449.375,1895.881,118.3488741,0.148716856,7204486.5,26600000.0,99700000,2,101000000,16800000.0,40600000.0,99700000,2,101000000,14400000.0,38100000.0,101000000,46,0,0,0,0,204,264,0.0694012,0.079315655,0,5792,746.4375,1486.7521,2210431.5,1,0,0,0,0,0,0,0,1,796.2,48.857143,1449.375,0,0,0,0,0,0,7,342,8,11595,0,235,3,20,10986.0,0.0,10986,10986,99700000.0,0.0,99700000,99700000
6,98715653,6,6,392,11595,392,0,65.333336,160.03333,4344,0,1932.5,1754.8314,121.4295771,0.121561269,8974150.0,29700000.0,98700000,0,98700000,19700000.0,44100000.0,98700000,0,50363,10072.6,17291.746,40030,49,0,0,0,0,200,200,0.060780633,0.060780633,0,4344,922.0769,1497.3652,2242102.8,0,0,0,0,1,0,0,0,1,998.9167,65.333336,1932.5,0,0,0,0,0,0,6,392,6,11595,274,235,1,32,3.0,0.0,3,3,98700000.0,0.0,98700000,98700000
6,98693711,6,7,430,11595,412,0,71.666664,166.75452,4344,0,1656.4286,1760.5973,121.8416035,0.131720652,8224476.0,28500000.0,98600000,4,98700000,19700000.0,44100000.0,98600000,4,98700000,16400000.0,40300000.0,98600000,16,0,0,0,0,164,232,0.06079415,0.0709265,0,4344,859.3571,1458.0142,2125805.2,1,0,0,0,0,0,0,0,1,925.46155,71.666664,1656.4286,0,0,0,0,0,0,6,430,7,11595,0,235,3,20,13016.0,0.0,13016,13016,98600000.0,0.0,98600000,98600000
6,84795454,9,6,413,11595,413,0,45.88889,137.66667,5792,0,1932.5,2537.82,141.6113652,0.176896276,6056818.0,22400000.0,83800000,1,84800000,10600000.0,29600000.0,83800000,1,1241,248.2,320.9824,704,3,0,0,0,0,304,200,0.10613777,0.07075851,0,5792,750.5,1746.779,3051237.2,0,0,0,0,1,0,0,0,0,800.5333,45.88889,1932.5,0,0,0,0,0,0,9,413,6,11595,274,235,1,32,963.0,0.0,963,963,83800000.0,0.0,83800000,83800000
6,101033776,7,7,1140,11595,376,0,162.85715,199.39194,4344,0,1656.4286,1947.6382,126.0469568,0.138567522,7771829.0,27800000.0,100000000,3,101000000,16800000.0,41000000.0,100000000,3,101000000,16800000.0,41000000.0,100000000,92,0,0,0,0,208,232,0.06928376,0.06928376,0,4344,849.4,1501.6202,2254863.5,1,0,0,0,0,0,0,0,1,910.0714,162.85715,1656.4286,0,0,0,0,0,0,7,1140,7,11595,0,235,4,20,10981.0,0.0,10981,10981,100000000.0,0.0,100000000,100000000
6,99487871,6,7,331,11595,313,0,55.166668,126.346214,5792,0,1656.4286,2277.2324,119.8739091,0.130669195,8290656.0,28700000.0,99500000,0,99500000,19900000.0,44500000.0,99500000,0,99500000,16600000.0,40600000.0,99500000,88,0,0,0,0,164,232,0.06030886,0.07036033,0,5792,852.2857,1759.5817,3096127.5,1,0,0,0,0,0,0,0,1,917.8461,55.166668,1656.4286,0,0,0,0,0,0,6,331,7,11595,0,235,3,20,13001.0,0.0,13001,13001,99500000.0,0.0,99500000,99500000
6,98870154,7,7,351,11595,351,0,50.142857,132.66553,5792,0,1656.4286,2118.2273,120.825138,0.14159986,7605396.5,27400000.0,98700000,1,98700000,16500000.0,40300000.0,98700000,1,156914,26152.334,58589.74,145414,15,0,0,0,0,232,232,0.07079993,0.07079993,0,5792,796.4,1619.8989,2624072.5,0,0,0,0,1,0,0,0,1,853.2857,50.142857,1656.4286,0,0,0,0,0,0,7,351,7,11595,251,235,1,32,5.0,0.0,5,5,98700000.0,0.0,98700000,98700000
6,98687794,7,6,371,11595,371,0,53.0,140.22482,5792,0,1932.5,2179.547,121.2510637,0.13172855,8223983.0,28500000.0,98700000,2,98700000,16400000.0,40300000.0,98700000,2,23460,4692.0,6287.3335,12190,51,0,0,0,0,232,200,0.07093076,0.060797792,0,5792,854.7143,1665.7084,2774584.2,0,0,0,0,1,0,0,0,0,920.46155,53.0,1932.5,0,0,0,0,0,0,7,371,6,11595,251,235,1,32,8.0,0.0,8,8,98700000.0,0.0,98700000,98700000
6,100974736,6,7,351,11595,333,0,58.5,134.50911,5792,0,1656.4286,2120.7322,118.3068208,0.128745075,8414561.0,29100000.0,101000000,45,101000000,20200000.0,45100000.0,101000000,1000,101000000,16800000.0,41200000.0,101000000,45,0,0,0,0,164,232,0.059420805,0.06932427,0,5792,853.7143,1666.3816,2776827.8,1,0,0,0,0,0,0,0,1,919.38464,58.5,1656.4286,0,0,0,0,0,0,6,351,7,11595,0,235,3,20,10973.0,0.0,10973,10973,101000000.0,0.0,101000000,101000000
6,83084313,8,7,360,11595,360,0,45.0,127.27922,5792,0,1656.4286,1947.6382,143.8899784,0.180539496,5934594.0,22200000.0,82900000,1,83000000,11900000.0,31300000.0,82900000,1,143550,23925.0,52672.113,130998,45,0,0,0,0,264,232,0.09628773,0.08425176,0,5792,747.1875,1486.899,2210868.8,0,0,0,0,1,0,0,0,0,797.0,45.0,1656.4286,0,0,0,0,0,0,8,360,7,11595,251,235,1,32,1016.0,0.0,1016,1016,82900000.0,0.0,82900000,82900000
6,98553883,9,7,327,11595,327,0,36.333332,109.0,5792,0,1656.4286,2118.2273,120.9693585,0.162347738,6570259.0,25400000.0,98500000,1,98600000,12300000.0,34800000.0,98500000,1,11634,1939.0,3966.7378,9990,45,0,0,0,0,296,232,0.091320604,0.07102714,0,5792,701.2941,1538.5405,2367106.8,0,0,0,0,1,0,0,0,0,745.125,36.333332,1656.4286,0,0,0,0,0,0,9,327,7,11595,251,235,1,32,977.0,0.0,977,977,98500000.0,0.0,98500000,98500000
6,85599225,6,6,376,11595,358,0,62.666668,144.71304,8688,0,1932.5,3385.2441,139.849397,0.140188185,7781747.5,25700000.0,85400000,2,85400000,17100000.0,38200000.0,85400000,2,85600000,17100000.0,38200000.0,85400000,50,0,0,0,0,164,200,0.07009409,0.07009409,0,8688,921.3077,2394.4473,5733378.0,1,0,0,0,0,0,0,0,1,998.0833,62.666668,1932.5,0,0,0,0,0,0,6,376,6,11595,0,235,3,20,10001.0,0.0,10001,10001,85400000.0,0.0,85400000,85400000
6,99417810,5,8,367,11595,355,0,73.4,157.44777,4344,0,1449.375,1895.881,120.3204939,0.130761279,8284817.5,28700000.0,99400000,2,99400000,24900000.0,49700000.0,99400000,1266,99400000,14200000.0,37600000.0,99400000,2,0,0,0,0,144,264,0.0502928,0.080468476,0,4344,854.8571,1565.5243,2450866.2,1,0,0,0,0,0,0,0,1,920.61536,73.4,1449.375,0,0,0,0,0,0,5,367,8,11595,0,235,2,20,10990.0,0.0,10990,10990,99400000.0,0.0,99400000,99400000
6,68320585,6,6,348,11595,348,0,58.0,142.0704,5792,0,1932.5,2181.0083,174.8082221,0.175642524,6210962.5,20500000.0,68200000,1,68200000,13600000.0,30500000.0,68200000,1,150357,30071.4,59585.65,136120,45,0,0,0,0,200,200,0.08782126,0.08782126,0,5792,918.6923,1716.1119,2945040.2,0,0,0,0,1,0,0,0,1,995.25,58.0,1932.5,0,0,0,0,0,0,6,348,6,11595,251,235,1,32,988.0,0.0,988,988,68200000.0,0.0,68200000,68200000
6,3225548,2,2,12,11,6,6,6.0,0.0,11,0,5.5,7.7781744,7.130571301,1.240099357,1075182.6,1862004.2,3225240,111,308,308.0,0.0,308,308,3225437,3225437.0,0.0,3225437,3225437,0,0,0,0,40,64,0.62004966,0.62004966,0,11,5.8,3.8987176,15.2,1,0,0,0,0,0,0,0,1,7.25,6.0,5.5,0,0,0,0,0,0,2,12,2,11,0,235,1,20,0.0,0.0,0,0,0.0,0.0,0,0
6,2891,5,0,0,0,0,0,0.0,0.0,0,0,0.0,0.0,0.0,1729.505361,722.75,893.64844,2058,198,2891,722.75,893.64844,2058,198,0,0.0,0.0,0,0,0,0,0,0,160,0,1729.5054,0.0,0,0,0.0,0.0,0.0,0,0,0,0,1,0,0,0,0,0.0,0.0,0.0,0,0,0,0,0,0,5,0,0,0,251,-1,0,32,0.0,0.0,0,0,0.0,0.0,0,0
6,116637193,7,6,331,11595,313,0,47.285713,117.20739,5792,0,1932.5,2537.82,102.2486884,0.111456729,9719766.0,29000000.0,101000000,26,117000000,19400000.0,40300000.0,101000000,1006,4018,803.6,1471.941,3430,48,0,0,0,0,204,200,0.06001516,0.051441565,0,5792,852.2857,1850.9589,3426048.8,1,0,0,0,0,0,0,0,0,917.8461,47.285713,1932.5,0,0,0,0,0,0,7,331,6,11595,0,235,3,20,21822.0,0.0,21822,21822,58300000.0,59800000.0,101000000,16000000
6,117174697,3,1,12,0,6,0,4.0,3.4641016,0,0,0.0,0.0,0.102411189,0.034137063,39100000.0,67600000.0,117000000,74,117000000,58600000.0,82800000.0,117000000,11996,0,0.0,0.0,0,0,0,0,0,0,80,32,0.025602797,0.008534266,0,6,3.6,3.2863352,10.8,1,0,0,0,0,0,0,0,0,4.5,4.0,0.0,0,0,0,0,0,0,3,12,1,0,0,235,1,20,11996.0,0.0,11996,11996,117000000.0,0.0,117000000,117000000
6,86025141,5,6,343,11595,331,0,68.6,146.71674,5792,0,1932.5,2365.4763,138.7733849,0.127869596,8602514.0,27100000.0,85900000,19,85900000,21500000.0,42900000.0,85900000,994,86000000,17200000.0,38400000.0,85900000,49,0,0,0,0,144,200,0.058122545,0.06974705,0,5792,995.3333,1873.4056,3509648.8,1,0,0,0,0,0,0,0,1,1085.8182,68.6,1932.5,0,0,0,0,0,0,5,343,6,11595,0,235,2,20,6007.0,0.0,6007,6007,85900000.0,0.0,85900000,85900000
6,99877809,6,8,425,11595,407,0,70.833336,164.7136,5792,0,1449.375,2048.8958,120.3470533,0.140171277,7682908.5,27700000.0,99800000,1,99800000,20000000.0,44600000.0,99800000,6,99900000,14300000.0,37700000.0,99800000,11,0,0,0,0,164,264,0.060073406,0.08009787,0,5792,801.73334,1619.4238,2622533.5,1,0,0,0,0,0,0,0,1,859.0,70.833336,1449.375,0,0,0,0,0,0,6,425,8,11595,0,235,3,20,10014.0,0.0,10014,10014,99800000.0,0.0,99800000,99800000
6,98356779,9,5,312,11595,312,0,34.666668,104.0,7240,0,2319.0,3331.6382,121.0592714,0.142338943,7565906.0,27300000.0,98300000,1,98300000,12300000.0,34800000.0,98300000,1,30500,7625.0,8812.34,17020,76,0,0,0,0,296,168,0.091503605,0.050835337,0,7240,793.8,2103.2903,4423830.5,0,0,0,0,1,0,0,0,0,850.5,34.666668,2319.0,0,0,0,0,0,0,9,312,5,11595,251,235,1,32,995.0,0.0,995,995,98300000.0,0.0,98300000,98300000
6,98625018,6,7,331,11595,331,0,55.166668,135.13019,4344,0,1656.4286,1547.7377,120.9226649,0.131812397,8218751.5,28500000.0,98600000,0,98600000,19700000.0,44100000.0,98600000,0,10664,1777.3334,3993.857,9928,49,0,0,0,0,200,232,0.06083649,0.07097591,0,4344,851.8571,1345.3496,1809965.6,0,0,0,0,1,0,0,0,1,917.38464,55.166668,1656.4286,0,0,0,0,0,0,6,331,7,11595,274,235,1,32,1.0,0.0,1,1,98600000.0,0.0,98600000,98600000
6,85663077,5,7,334,11595,322,0,66.8,142.69267,4344,0,1656.4286,1760.5973,139.2548624,0.140083691,7787552.5,25800000.0,85500000,16,85500000,21400000.0,42700000.0,85500000,1009,85700000,14300000.0,34900000.0,85500000,16,0,0,0,0,144,232,0.058368206,0.08171549,0,4344,918.0769,1498.6396,2245920.8,1,0,0,0,0,0,0,0,1,994.5833,66.8,1656.4286,0,0,0,0,0,0,5,334,7,11595,0,235,2,20,12005.0,0.0,12005,12005,85500000.0,0.0,85500000,85500000
6,98894843,5,8,352,11595,340,0,70.4,150.74084,4344,0,1449.375,1547.982,120.8050859,0.131452759,8241237.0,28500000.0,98900000,4,98900000,24700000.0,49400000.0,98900000,4,98900000,14100000.0,37400000.0,98900000,15,0,0,0,0,144,264,0.050558753,0.08089401,0,4344,853.7857,1344.2084,1806896.0,1,0,0,0,0,0,0,0,1,919.46155,70.4,1449.375,0,0,0,0,0,0,5,352,8,11595,0,235,2,20,11002.0,0.0,11002,11002,98900000.0,0.0,98900000,98900000
6,83583149,8,6,702,11595,351,0,87.75,162.48143,5792,0,1932.5,2181.0083,147.1229566,0.167497877,6429473.0,23100000.0,83200000,1,83400000,11900000.0,31400000.0,83200000,1,366363,73272.6,105101.1,227895,46,0,0,0,0,264,200,0.09571307,0.0717848,0,5792,819.8,1611.491,2596903.0,0,0,0,0,1,0,0,0,0,878.3571,87.75,1932.5,0,0,0,0,0,0,8,702,6,11595,251,235,2,32,990.0,0.0,990,990,83200000.0,0.0,83200000,83200000
6,86016068,6,6,355,11595,355,0,59.166668,144.92815,4344,0,1932.5,2178.085,138.9275315,0.139508818,7819642.5,25900000.0,85900000,4,85900000,17200000.0,38400000.0,85900000,4,133460,26692.0,53576.35,122152,9,0,0,0,0,200,200,0.06975441,0.06975441,0,4344,919.2308,1714.3712,2939068.8,0,0,0,0,1,0,0,0,1,995.8333,59.166668,1932.5,0,0,0,0,0,0,6,355,6,11595,251,235,1,32,986.0,0.0,986,986,85900000.0,0.0,85900000,85900000
6,98326729,8,7,350,11595,350,0,43.75,123.74369,5792,0,1656.4286,2118.2273,121.4827354,0.152552619,7023338.0,26300000.0,98300000,0,98300000,14000000.0,37100000.0,98300000,0,48457,8076.1665,14898.057,37143,2,0,0,0,0,264,232,0.0813614,0.07119122,0,5792,746.5625,1577.6019,2488828.0,0,0,0,0,1,0,0,0,0,796.3333,43.75,1656.4286,0,0,0,0,0,0,8,350,7,11595,274,235,1,32,2003.0,0.0,2003,2003,98300000.0,0.0,98300000,98300000
6,58598,3,6,345,11595,345,0,115.0,199.18584,4344,0,1932.5,1754.8314,203761.2205,153.5888597,7324.75,16907.805,48284,2,10002,5001.0,7069.654,10000,2,58545,11709.0,20892.346,48284,15,0,0,0,0,104,200,51.196285,102.39257,0,4344,1194.0,1621.6305,2629685.5,0,0,0,1,0,0,0,0,2,1326.6666,115.0,1932.5,0,0,0,0,0,0,3,345,6,11595,29200,235,1,32,0.0,0.0,0,0,0.0,0.0,0,0
6,1578,5,0,0,0,0,0,0.0,0.0,0,0,0.0,0.0,0.0,3168.567807,394.5,198.26329,650,211,1578,394.5,198.26329,650,211,0,0.0,0.0,0,0,0,0,0,0,160,0,3168.5679,0.0,0,0,0.0,0.0,0.0,0,0,0,0,1,0,0,0,0,0.0,0.0,0.0,0,0,0,0,0,0,5,0,0,0,274,-1,0,32,0.0,0.0,0,0,0.0,0.0,0,0
6,118094401,10,6,1053,11595,351,0,105.3,169.5491,4344,0,1932.5,1754.8314,107.1007592,0.135484831,7872960.0,26200000.0,101000000,1,118000000,13100000.0,33600000.0,101000000,1,563583,112716.6,184119.98,423899,33,0,0,0,0,336,200,0.08467802,0.050806813,0,4344,744.0,1340.8019,1797749.8,0,0,0,0,1,0,0,0,0,790.5,105.3,1932.5,0,0,0,0,0,0,10,1053,6,11595,274,235,3,32,3.0,0.0,3,3,58800000.0,60400000.0,101000000,16000000
6,143504,3,6,398,11595,398,0,132.66667,229.7854,5792,0,1932.5,2179.547,83572.58334,62.71602185,17938.0,46993.043,133992,5,8998,4499.0,6355.4756,8993,5,143379,28675.8,59001.473,133992,45,0,0,0,0,104,200,20.90534,41.81068,0,5792,1199.3,1883.6921,3548296.0,0,0,0,1,0,0,0,0,2,1332.5555,132.66667,1932.5,0,0,0,0,0,0,3,398,6,11595,29200,235,1,32,0.0,0.0,0,0,0.0,0.0,0,0
6,99159739,8,6,382,11595,376,0,47.75,132.64964,4344,0,1932.5,1754.8314,120.7849085,0.141186334,7627672.0,27500000.0,99000000,1,99000000,14100000.0,37400000.0,99000000,1,168511,33702.2,67602.66,154148,49,0,0,0,0,252,200,0.080677904,0.06050843,0,4344,798.4667,1423.845,2027334.4,0,0,0,0,1,0,0,0,0,855.5,47.75,1932.5,0,0,0,0,0,0,8,382,6,11595,274,235,2,20,990.0,0.0,990,990,99000000.0,0.0,99000000,99000000
6,98888620,7,6,347,11595,347,0,49.57143,131.15367,5803,0,1932.5,2539.0752,120.7621261,0.131461032,8240718.5,28500000.0,98900000,1,98900000,16500000.0,40400000.0,98900000,1,2949,589.8,960.02954,2290,49,0,0,0,0,232,200,0.07078671,0.06067432,0,5803,853.0,1851.7296,3428902.5,0,0,0,0,1,0,0,0,0,918.61536,49.57143,1932.5,0,0,0,0,0,0,7,347,6,11595,274,235,1,32,1017.0,0.0,1017,1017,98900000.0,0.0,98900000,98900000
6,82013265,8,5,350,11595,350,0,43.75,123.74369,10136,0,2319.0,4414.366,145.6471706,0.158510943,6834439.0,23600000.0,81900000,4,81900000,11700000.0,30900000.0,81900000,4,144064,36016.0,62758.832,129644,189,0,0,0,0,264,168,0.0975452,0.060965747,0,10136,853.2143,2699.9456,7289706.0,0,0,0,0,1,0,0,0,0,918.8461,43.75,2319.0,0,0,0,0,0,0,8,350,5,11595,274,235,1,32,942.0,0.0,942,942,81900000.0,0.0,81900000,81900000
6,86572994,10,6,1050,11595,350,0,105.0,169.06606,5792,0,1932.5,2181.0083,146.0617153,0.18481514,5771533.0,22200000.0,86000000,17,86400000,9604500.0,28600000.0,86000000,159,579475,115895.0,193758.58,447059,17,0,0,0,0,328,200,0.115509465,0.06930568,0,5792,743.82355,1523.8351,2322073.2,0,0,0,0,1,0,0,0,0,790.3125,105.0,1932.5,0,0,0,0,0,0,10,1050,6,11595,251,235,3,32,1081.0,0.0,1081,1081,86000000.0,0.0,86000000,86000000
6,4633,3,5,374,11595,374,0,124.666664,215.929,5803,0,2319.0,3175.4238,2583423.268,1726.742931,661.8571,1286.8162,3512,3,3576,1788.0,2503.158,3558,18,4587,1146.75,1677.7815,3612,3,0,0,0,0,104,168,647.5286,1079.2144,0,5803,1329.8889,2535.8557,6430563.5,0,0,0,1,0,0,0,0,1,1496.125,124.666664,2319.0,0,0,0,0,0,0,3,374,5,11595,29200,235,1,32,0.0,0.0,0,0,0.0,0.0,0,0
6,85452076,6,7,428,11595,410,0,71.333336,165.93814,5792,0,1656.4286,2120.7322,140.6987467,0.152132056,7121006.5,24600000.0,85300000,9,85300000,17100000.0,38100000.0,85300000,1003,85500000,14200000.0,34800000.0,85300000,47,0,0,0,0,164,232,0.07021479,0.08191726,0,5792,859.2143,1664.657,2771082.8,1,0,0,0,0,0,0,0,1,925.3077,71.333336,1656.4286,0,0,0,0,0,0,6,428,7,11595,0,235,3,20,16996.0,0.0,16996,16996,85300000.0,0.0,85300000,85300000
6,85799494,6,6,395,11595,377,0,65.833336,152.46825,7240,0,1932.5,2848.0735,139.7444139,0.139860965,7799954.0,25800000.0,85600000,1,85600000,17100000.0,38300000.0,85600000,1,85800000,17200000.0,38300000.0,85600000,63,0,0,0,0,164,200,0.06993048,0.06993048,0,7240,922.7692,2082.4202,4336474.0,1,0,0,0,0,0,0,0,1,999.6667,65.833336,1932.5,0,0,0,0,0,0,6,395,6,11595,0,235,3,20,10962.0,0.0,10962,10962,85600000.0,0.0,85600000,85600000
6,114732824,8,6,345,11595,339,0,43.125,119.56999,7240,0,1932.5,2848.0735,104.0678647,0.122022622,8825602.0,27400000.0,98700000,1,115000000,16400000.0,36800000.0,98700000,1,2107,421.4,442.93713,1004,47,0,0,0,0,260,200,0.06972721,0.05229541,0,7240,796.0,1956.2294,3826833.5,0,0,0,0,1,0,0,0,0,852.8571,43.125,1932.5,0,0,0,0,0,0,8,345,6,11595,274,235,2,20,4.0,0.0,4,4,57400000.0,58500000.0,98700000,16000000
6,84634229,6,7,323,11595,323,0,53.833332,131.8642,4344,0,1656.4286,1547.7377,140.8177299,0.153602155,7052852.5,24400000.0,84500000,1,84500000,16900000.0,37800000.0,84500000,1,147523,24587.166,53398.0,132990,48,0,0,0,0,200,232,0.0708933,0.08270885,0,4344,851.2857,1345.5896,1810611.2,0,0,0,0,1,0,0,0,1,916.7692,53.833332,1656.4286,0,0,0,0,0,0,6,323,7,11595,274,235,1,32,4.0,0.0,4,4,84500000.0,0.0,84500000,84500000
6,16006,2,1,12,0,6,6,6.0,0.0,0,0,0.0,0.0,749.7188554,187.4297139,8003.0,11223.199,15939,67,16006,16006.0,0.0,16006,16006,0,0.0,0.0,0,0,0,0,0,0,40,32,124.95314,62.47657,0,6,4.5,3.0,9.0,1,0,0,0,0,0,0,0,0,6.0,6.0,0.0,0,0,0,0,0,0,2,12,1,0,0,235,1,20,0.0,0.0,0,0,0.0,0.0,0,0
6,84903135,9,6,375,11595,375,0,41.666668,125.0,5792,0,1932.5,2179.547,140.9841933,0.176671921,6064509.5,22600000.0,84800000,0,84800000,10600000.0,30000000.0,84800000,0,147443,29488.6,58789.355,134185,52,0,0,0,0,296,200,0.10600315,0.07066877,0,5792,748.125,1577.8685,2489669.0,0,0,0,0,1,0,0,0,0,798.0,41.666668,1932.5,0,0,0,0,0,0,9,375,6,11595,251,235,1,32,1003.0,0.0,1003,1003,84800000.0,0.0,84800000,84800000
6,99692761,9,7,358,11595,352,0,39.77778,117.10014,7240,0,1656.4286,2565.8508,119.8983746,0.160493097,6646184.0,25700000.0,99500000,1,99500000,12400000.0,35200000.0,99500000,1,187592,31265.334,68853.47,171208,1,0,0,0,0,284,232,0.09027737,0.07021573,0,7240,703.1177,1775.3064,3151713.0,0,0,0,0,1,0,0,0,0,747.0625,39.77778,1656.4286,0,0,0,0,0,0,9,358,7,11595,251,235,2,20,1987.0,0.0,1987,1987,99500000.0,0.0,99500000,99500000
6,85258091,8,6,352,11595,352,0,44.0,124.45079,5792,0,1932.5,2534.0515,140.1274631,0.164207289,6558314.5,23600000.0,85100000,1,85100000,12200000.0,32200000.0,85100000,1,136473,27294.6,58627.12,132125,48,0,0,0,0,264,200,0.09383274,0.07037455,0,5792,796.4667,1795.2903,3223067.2,0,0,0,0,1,0,0,0,0,853.3571,44.0,1932.5,0,0,0,0,0,0,8,352,6,11595,274,235,1,32,1012.0,0.0,1012,1012,85100000.0,0.0,85100000,85100000
6,98287742,8,6,396,11595,390,0,49.5,137.5988,4344,0,1932.5,1754.8314,121.9989366,0.142438922,7560595.5,27200000.0,98200000,1,98200000,14000000.0,37100000.0,98200000,1,49372,9874.4,16511.844,38207,47,0,0,0,0,252,200,0.08139367,0.06104525,0,4344,799.4,1423.5527,2026502.5,0,0,0,0,1,0,0,0,0,856.5,49.5,1932.5,0,0,0,0,0,0,8,396,6,11595,251,235,2,20,1993.0,0.0,1993,1993,98200000.0,0.0,98200000,98200000
6,97438775,6,7,398,11595,380,0,66.333336,153.69276,5792,0,1656.4286,2120.7322,123.0824177,0.133417112,8119898.0,28100000.0,97400000,2,97400000,19500000.0,43500000.0,97400000,994,97400000,16200000.0,39800000.0,97400000,47,0,0,0,0,164,232,0.06157713,0.07183998,0,5792,857.0714,1665.2988,2773220.5,1,0,0,0,0,0,0,0,1,923.0,66.333336,1656.4286,0,0,0,0,0,0,6,398,7,11595,0,235,3,20,20137.0,0.0,20137,20137,97400000.0,0.0,97400000,97400000
6,99117732,7,6,298,11595,298,0,42.57143,112.633415,7240,0,1932.5,2845.8357,119.9886212,0.131157158,8259811.0,28600000.0,99100000,3,99100000,16500000.0,40500000.0,99100000,3,10473,2094.6,4410.688,9984,49,0,0,0,0,232,200,0.070623085,0.06053407,0,7240,849.5,2016.9845,4068226.2,0,0,0,0,1,0,0,0,0,914.8461,42.57143,1932.5,0,0,0,0,0,0,7,298,6,11595,274,235,1,32,1004.0,0.0,1004,1004,99100000.0,0.0,99100000,99100000
6,100574600,5,7,348,11595,336,0,69.6,148.95235,4344,0,1656.4286,1760.5973,118.7476759,0.119314419,9143145.0,30300000.0,100000000,14,101000000,25100000.0,50200000.0,100000000,1032,101000000,16800000.0,41000000.0,101000000,14,0,0,0,0,144,232,0.04971434,0.069600075,0,4344,919.1539,1498.1805,2244545.0,1,0,0,0,0,0,0,0,1,995.75,69.6,1656.4286,0,0,0,0,0,0,5,348,7,11595,0,235,2,20,17005.0,0.0,17005,17005,100000000.0,0.0,100000000,100000000
6,145615,3,5,308,11595,308,0,102.666664,177.82388,7240,0,2319.0,3331.6382,81742.95231,54.93939498,20802.143,50566.258,135173,7,10005,5002.5,7064.7036,9998,7,145565,36391.25,66016.87,135173,191,0,0,0,0,104,168,20.602274,34.33712,0,7240,1322.5555,2637.2463,6955068.0,0,0,0,1,0,0,0,0,1,1487.875,102.666664,2319.0,0,0,0,0,0,0,3,308,5,11595,29200,235,1,32,0.0,0.0,0,0,0.0,0.0,0,0
6,85825336,6,7,371,11595,353,0,61.833332,142.67224,5792,0,1656.4286,2120.7322,139.4226991,0.151470424,7152111.5,24700000.0,85600000,4,85600000,17100000.0,38300000.0,85600000,4,85800000,14300000.0,34900000.0,85600000,46,0,0,0,0,164,232,0.06990942,0.081561,0,5792,855.1429,1665.9094,2775254.2,1,0,0,0,0,0,0,0,1,920.9231,61.833332,1656.4286,0,0,0,0,0,0,6,371,7,11595,0,235,3,20,3002.0,0.0,3002,3002,85600000.0,0.0,85600000,85600000
6,86606357,9,6,292,11595,292,0,32.444443,97.333336,5792,0,1932.5,2537.82,137.2532042,0.173197448,6186168.5,22900000.0,85600000,1,86600000,10800000.0,30200000.0,85600000,1,1489,297.8,371.04608,927,2,0,0,0,0,304,200,0.10391847,0.06927898,0,5792,742.9375,1748.5986,3057597.2,0,0,0,0,1,0,0,0,0,792.4667,32.444443,1932.5,0,0,0,0,0,0,9,292,6,11595,251,235,1,32,996.0,0.0,996,996,85600000.0,0.0,85600000,85600000
6,17689368,8,5,1800,11595,360,0,225.0,186.3177,8688,0,2319.0,3774.2375,757.2345151,0.734904718,1474114.0,4586574.0,16000000,13,17700000,2526798.8,5955199.5,16000000,13,1672646,418161.5,835194.4,1670953,298,0,0,0,0,272,168,0.45224905,0.28265566,0,8688,956.7857,2348.4878,5515395.0,0,0,0,1,0,0,0,0,0,1030.3846,225.0,2319.0,0,0,0,0,0,0,8,1800,5,11595,29200,235,5,32,0.0,0.0,0,0,16000000.0,0.0,16000000,16000000
6,98158847,7,7,356,11595,350,0,50.857143,131.92856,4344,0,1656.4286,1547.7377,121.7516339,0.142625962,7550680.5,27200000.0,98100000,1,98100000,16400000.0,40100000.0,98100000,1,44581,7430.1665,12702.358,31147,49,0,0,0,0,220,232,0.07131298,0.07131298,0,4344,796.73334,1314.2085,1727144.1,0,0,0,0,1,0,0,0,1,853.6429,50.857143,1656.4286,0,0,0,0,0,0,7,356,7,11595,274,235,2,20,1986.0,0.0,1986,1986,98100000.0,0.0,98100000,98100000
6,97996651,6,7,347,11595,329,0,57.833332,132.87651,5792,0,1656.4286,2120.7322,121.8613073,0.132657595,8166387.5,28200000.0,97800000,7,97900000,19600000.0,43700000.0,97800000,7,98000000,16300000.0,39900000.0,97800000,46,0,0,0,0,164,232,0.06122658,0.07143101,0,5792,853.4286,1666.4781,2777149.2,1,0,0,0,0,0,0,0,1,919.0769,57.833332,1656.4286,0,0,0,0,0,0,6,347,7,11595,0,235,3,20,22003.0,0.0,22003,22003,97800000.0,0.0,97800000,97800000
6,86671389,6,7,315,11595,303,0,52.5,122.75463,5792,0,1656.4286,2429.1187,137.4155894,0.149991827,7222616.0,24700000.0,85700000,3,86700000,17300000.0,38200000.0,85700000,260,86700000,14400000.0,35400000.0,86700000,3,0,0,0,0,184,232,0.069226995,0.08076483,0,5792,851.1429,1851.3964,3427668.5,1,0,0,0,0,0,0,0,1,916.61536,52.5,1656.4286,0,0,0,0,0,0,6,315,7,11595,0,235,2,20,2982.0,0.0,2982,2982,85700000.0,0.0,85700000,85700000
6,12815,2,2,12,11,6,6,6.0,0.0,11,0,5.5,7.7781744,1794.771752,312.1342177,4271.6665,7150.819,12528,49,287,287.0,0.0,287,287,12766,12766.0,0.0,12766,12766,0,0,0,0,40,64,156.06711,156.06711,0,11,5.8,3.8987176,15.2,1,0,0,0,0,0,0,0,1,7.25,6.0,5.5,0,0,0,0,0,0,2,12,2,11,0,235,1,20,0.0,0.0,0,0,0.0,0.0,0,0
6,84850114,7,6,816,11595,399,0,116.57143,192.9541,5792,0,1932.5,2365.4763,146.2696915,0.153211344,7070843.0,24400000.0,84500000,2,84700000,14100000.0,34500000.0,84500000,2,84800000,17000000.0,37700000.0,84500000,58,0,0,0,0,196,200,0.08249842,0.07071293,0,5792,886.9286,1747.3119,3053098.8,1,0,0,0,0,0,0,0,0,955.1539,116.57143,1932.5,0,0,0,0,0,0,7,816,6,11595,0,235,4,20,8953.0,0.0,8953,8953,84500000.0,0.0,84500000,84500000
6,84518087,7,7,426,11595,420,0,60.857143,158.3829,5792,0,1656.4286,2118.2273,142.2299111,0.165645017,6501391.5,23400000.0,84400000,1,84400000,14100000.0,34400000.0,84400000,1,148456,24742.666,54795.562,136169,1,0,0,0,0,220,232,0.08282251,0.08282251,0,5792,801.4,1618.4299,2619315.5,0,0,0,0,1,0,0,0,1,858.6429,60.857143,1656.4286,0,0,0,0,0,0,7,426,7,11595,251,235,2,20,1002.0,0.0,1002,1002,84400000.0,0.0,84400000,84400000
6,1028,5,0,12,0,6,0,2.4,3.2863352,0,0,0.0,0.0,11673.15175,4863.81323,257.0,511.3342,1024,0,1028,257.0,511.3342,1024,0,0,0.0,0.0,0,0,0,0,0,0,136,0,4863.813,0.0,0,6,2.0,3.0983868,9.6,0,0,0,0,1,0,0,0,0,2.4,2.4,0.0,0,0,0,0,0,0,5,12,0,0,251,-1,2,20,0.0,0.0,0,0,0.0,0.0,0,0
6,85362213,5,7,338,11595,326,0,67.6,144.48114,5792,0,1656.4286,2120.7322,139.7925333,0.140577424,7760201.0,25700000.0,85200000,2,85200000,21300000.0,42600000.0,85200000,2,85400000,14200000.0,34800000.0,85200000,10,0,0,0,0,144,232,0.058573928,0.0820035,0,5792,918.38464,1715.933,2944426.0,1,0,0,0,0,0,0,0,1,994.9167,67.6,1656.4286,0,0,0,0,0,0,5,338,7,11595,0,235,2,20,13143.0,0.0,13143,13143,85200000.0,0.0,85200000,85200000
6,83645333,9,7,876,11595,292,0,97.333336,146.0,5792,0,1656.4286,1947.6382,149.0937934,0.191283834,5576355.5,21400000.0,83100000,0,83500000,10400000.0,29300000.0,83100000,0,579610,96601.664,178188.19,442945,47,0,0,0,0,296,232,0.10759716,0.08368668,0,5792,733.58826,1437.7341,2067079.4,0,0,0,0,1,0,0,0,0,779.4375,97.333336,1656.4286,0,0,0,0,0,0,9,876,7,11595,274,235,3,32,5.0,0.0,5,5,83100000.0,0.0,83100000,83100000
6,84738374,6,7,392,11595,374,0,65.333336,151.24373,4344,0,1656.4286,1760.5973,141.4589334,0.153413376,7061531.0,24400000.0,84500000,1,84500000,16900000.0,37800000.0,84500000,1,84700000,14100000.0,34500000.0,84500000,16,0,0,0,0,164,232,0.070806175,0.0826072,0,4344,856.6429,1458.946,2128523.8,1,0,0,0,0,0,0,0,1,922.53845,65.333336,1656.4286,0,0,0,0,0,0,6,392,7,11595,0,235,3,20,9002.0,0.0,9002,9002,84500000.0,0.0,84500000,84500000
6,100165591,6,7,638,11595,313,0,106.333336,160.1058,5792,0,1656.4286,2120.7322,122.1277674,0.129785088,8347132.5,28800000.0,99800000,47,100000000,20000000.0,44600000.0,99800000,973,100000000,16700000.0,40700000.0,99800000,47,0,0,0,0,176,232,0.05990081,0.06988428,0,5792,874.2143,1656.8705,2745219.8,1,0,0,0,0,0,0,0,1,941.46155,106.333336,1656.4286,0,0,0,0,0,0,6,638,7,11595,0,235,3,20,10962.0,0.0,10962,10962,99800000.0,0.0,99800000,99800000
6,99129666,8,4,375,11595,369,0,46.875,130.1751,8688,0,2898.75,4095.5662,120.7509365,0.12105357,9011788.0,29900000.0,99100000,4,99100000,14200000.0,37500000.0,99100000,4,10445,3481.6667,5383.2354,9694,190,0,0,0,0,252,136,0.08070238,0.04035119,0,8688,920.7692,2467.2283,6087215.0,0,0,0,0,1,0,0,0,0,997.5,46.875,2898.75,0,0,0,0,0,0,8,375,4,11595,274,235,2,20,1997.0,0.0,1997,1997,99100000.0,0.0,99100000,99100000
6,82972258,8,5,352,11595,352,0,44.0,124.45079,7240,0,2319.0,3331.6382,143.9878857,0.156678875,6914355.0,23900000.0,82800000,1,82800000,11800000.0,31300000.0,82800000,1,149602,37400.5,66161.055,136230,161,0,0,0,0,264,168,0.09641777,0.060261104,0,7240,853.3571,2170.0212,4708992.5,0,0,0,0,1,0,0,0,0,919.0,44.0,2319.0,0,0,0,0,0,0,8,352,5,11595,274,235,1,32,992.0,0.0,992,992,82800000.0,0.0,82800000,82800000
6,115990616,10,6,313,11595,313,0,31.3,98.979294,4344,0,1932.5,1754.8314,102.6634775,0.137942194,7732707.5,25800000.0,99900000,0,116000000,12900000.0,33100000.0,99900000,0,64688,12937.6,22680.955,52450,14,0,0,0,0,336,200,0.08621387,0.051728323,0,4344,700.4706,1359.257,1847579.4,0,0,0,0,1,0,0,0,0,744.25,31.3,1932.5,0,0,0,0,0,0,10,313,6,11595,251,235,1,32,1023.0,0.0,1023,1023,58000000.0,59300000.0,99900000,16000000
6,98623662,9,4,310,11595,310,0,34.444443,103.333336,8688,0,2898.75,4095.5662,120.7113968,0.131814209,8218638.5,28500000.0,98600000,0,98600000,12300000.0,34900000.0,98600000,0,7427,2475.6667,4123.585,7236,4,0,0,0,0,296,136,0.09125599,0.04055822,0,8688,850.3571,2384.3171,5684968.5,0,0,0,0,1,0,0,0,0,915.7692,34.444443,2898.75,0,0,0,0,0,0,9,310,4,11595,251,235,1,32,2007.0,0.0,2007,2007,98600000.0,0.0,98600000,98600000
6,68324607,5,7,362,11595,350,0,72.4,155.21211,4344,0,1656.4286,1760.5973,175.0028361,0.175632185,6211328.0,20500000.0,68200000,6,68200000,17000000.0,34100000.0,68200000,971,68300000,11400000.0,27800000.0,68200000,48,0,0,0,0,144,232,0.07318008,0.10245211,0,4344,920.2308,1497.7314,2243199.2,1,0,0,0,0,0,0,0,1,996.9167,72.4,1656.4286,0,0,0,0,0,0,5,362,7,11595,0,235,2,20,11008.0,0.0,11008,11008,68200000.0,0.0,68200000,68200000
6,13355,2,2,12,0,6,6,6.0,0.0,0,0,0.0,0.0,898.5398727,299.5132909,4451.6665,7503.954,13116,40,239,239.0,0.0,239,239,13315,13315.0,0.0,13315,13315,0,0,0,0,40,64,149.75665,149.75665,0,6,3.6,3.2863352,10.8,1,0,0,0,0,0,0,0,1,4.5,6.0,0.0,0,0,0,0,0,0,2,12,2,0,0,235,1,20,0.0,0.0,0,0,0.0,0.0,0,0
6,84703130,10,6,352,11595,352,0,35.2,111.31217,5792,0,1932.5,2181.0083,141.0455552,0.188895027,5646875.5,21600000.0,83600000,0,84600000,9401739.0,27800000.0,83600000,0,100430,20086.0,37898.496,87140,47,0,0,0,0,336,200,0.11805939,0.070835635,0,5792,702.7647,1539.4661,2369956.0,0,0,0,0,1,0,0,0,0,746.6875,35.2,1932.5,0,0,0,0,0,0,10,352,6,11595,251,235,1,32,2009.0,0.0,2009,2009,83600000.0,0.0,83600000,83600000
6,100038723,5,6,425,11595,413,0,85.0,183.38211,5792,0,1932.5,2535.3083,120.153473,0.109957421,10000000.0,31600000.0,99900000,53,99900000,25000000.0,50000000.0,99900000,150,100000000,20000000.0,44700000.0,99900000,191,0,0,0,0,144,200,0.049980648,0.059976775,0,5792,1002.1667,1969.4231,3878627.5,1,0,0,0,0,0,0,0,1,1093.2727,85.0,1932.5,0,0,0,0,0,0,5,425,6,11595,0,235,2,20,9998.0,0.0,9998,9998,99900000.0,0.0,99900000,99900000
6,68235571,8,6,341,11595,341,0,42.625,120.56171,5792,0,1932.5,2181.0083,174.9234281,0.205171581,5248890.0,18600000.0,67200000,1,68200000,9747865.0,25300000.0,67200000,1,17471,3494.2,7558.0947,17014,45,0,0,0,0,272,200,0.117240906,0.08793068,0,5792,795.73334,1621.5012,2629266.2,0,0,0,0,1,0,0,0,0,852.5714,42.625,1932.5,0,0,0,0,0,0,8,341,6,11595,274,235,1,32,987.0,0.0,987,987,67200000.0,0.0,67200000,67200000
6,98509921,7,6,338,11595,332,0,48.285713,125.12622,5792,0,1932.5,2179.547,121.1350073,0.131966404,8209160.0,28400000.0,98500000,3,98500000,16400000.0,40200000.0,98500000,3,31673,6334.6,9398.97,21306,72,0,0,0,0,220,200,0.07105883,0.060907573,0,5792,852.3571,1666.3767,2776811.2,0,0,0,0,1,0,0,0,0,917.9231,48.285713,1932.5,0,0,0,0,0,0,7,338,6,11595,274,235,2,20,2971.0,0.0,2971,2971,98500000.0,0.0,98500000,98500000
6,100296616,7,5,329,11595,323,0,47.0,121.7251,8688,0,2319.0,3774.2375,118.8873611,0.119645113,9117874.0,30200000.0,100000000,0,100000000,16700000.0,40900000.0,100000000,0,148454,37113.5,66287.54,136188,65,0,0,0,0,220,168,0.069792986,0.049852133,0,8688,917.2308,2467.0425,6086299.0,0,0,0,0,1,0,0,0,0,993.6667,47.0,2319.0,0,0,0,0,0,0,7,329,5,11595,251,235,2,20,980.0,0.0,980,980,100000000.0,0.0,100000000,100000000
6,100302798,7,6,396,11595,372,0,56.57143,139.11967,10136,0,1932.5,4060.2458,119.548011,0.129607551,8358566.5,28900000.0,100000000,3,100000000,16700000.0,40900000.0,100000000,3,100000000,20100000.0,44800000.0,100000000,186,0,0,0,0,184,200,0.06978868,0.05981887,0,10136,856.9286,2698.9075,7284101.0,1,0,0,0,0,0,0,0,0,922.8461,56.57143,1932.5,0,0,0,0,0,0,7,396,6,11595,0,235,4,20,14980.0,0.0,14980,14980,100000000.0,0.0,100000000,100000000
6,31669,3,7,375,11595,375,0,125.0,216.50635,2896,0,1656.4286,1302.5323,377972.1494,315.7662067,3518.7778,7034.236,20187,11,11008,5504.0,6327.1914,9978,1030,31622,5270.3335,8500.803,20187,31,0,0,0,0,104,232,94.72986,221.03635,0,2896,1088.1818,1284.5591,1650092.1,0,0,0,1,0,0,0,0,2,1197.0,125.0,1656.4286,0,0,0,0,0,0,3,375,7,11595,29200,235,1,32,0.0,0.0,0,0,0.0,0.0,0,0
6,199468,3,6,339,11595,339,0,113.0,195.72174,5792,0,1932.5,2181.0083,59829.14553,45.12001925,24933.5,63770.95,182173,14,16992,8496.0,10581.1455,15978,1014,199380,39876.0,79879.26,182173,46,0,0,0,0,104,200,15.040007,30.080013,0,5792,1193.4,1887.5088,3562689.5,0,0,0,1,0,0,0,0,2,1326.0,113.0,1932.5,0,0,0,0,0,0,3,339,6,11595,29200,235,1,32,0.0,0.0,0,0,0.0,0.0,0,0
6,97729779,8,6,329,11595,323,0,41.125,113.91405,5792,0,1932.5,2179.547,122.0098942,0.14325214,7517675.5,27100000.0,97700000,1,97700000,14000000.0,36900000.0,97700000,1,27522,5504.4,7452.3843,15030,73,0,0,0,0,252,200,0.08185837,0.061393775,0,5792,794.93335,1620.9575,2627503.2,0,0,0,0,1,0,0,0,0,851.7143,41.125,1932.5,0,0,0,0,0,0,8,329,6,11595,251,235,2,20,1995.0,0.0,1995,1995,97700000.0,0.0,97700000,97700000
6,99749745,6,6,350,11595,350,0,58.333332,142.8869,4344,0,1932.5,1977.8129,119.7496796,0.120301059,9068159.0,30000000.0,99600000,6,99600000,19900000.0,44500000.0,99600000,6,128415,25683.0,50295.97,115101,48,0,0,0,0,200,200,0.06015053,0.06015053,0,4344,918.8461,1610.2003,2592745.0,0,0,0,0,1,0,0,0,1,995.4167,58.333332,1932.5,0,0,0,0,0,0,6,350,6,11595,274,235,1,32,1003.0,0.0,1003,1003,99600000.0,0.0,99600000,99600000
6,180704,3,7,378,11595,378,0,126.0,218.2384,5792,0,1656.4286,2118.2273,66257.52612,55.33911812,20078.223,56029.402,169183,4,10989,5494.5,7764.7397,10985,4,180655,30109.166,68270.664,169183,46,0,0,0,0,104,232,16.601736,38.73738,0,5792,1088.4546,1823.1409,3323842.8,0,0,0,1,0,0,0,0,2,1197.3,126.0,1656.4286,0,0,0,0,0,0,3,378,7,11595,29200,235,1,32,0.0,0.0,0,0,0.0,0.0,0,0
6,28623,3,7,349,11595,349,0,116.333336,201.49524,5792,0,1656.4286,1947.6382,417286.7973,349.3693883,3180.3333,6469.1636,18081,1,10000,5000.0,7069.654,9999,1,28565,4760.8335,7629.5176,18081,47,0,0,0,0,104,232,104.810814,244.55858,0,5792,1085.8182,1706.4244,2911884.5,0,0,0,1,0,0,0,0,2,1194.4,116.333336,1656.4286,0,0,0,0,0,0,3,349,7,11595,29200,235,1,32,0.0,0.0,0,0,0.0,0.0,0,0
6,100010641,7,6,377,11595,371,0,53.857143,139.86473,4344,0,1932.5,1754.8314,119.707262,0.129986168,8334220.0,28800000.0,99900000,0,99900000,16600000.0,40800000.0,99900000,0,146404,29280.8,58833.5,134118,16,0,0,0,0,220,200,0.06999255,0.059993617,0,4344,855.1429,1459.8317,2131108.5,0,0,0,0,1,0,0,0,0,920.9231,53.857143,1932.5,0,0,0,0,0,0,7,377,6,11595,251,235,2,20,5.0,0.0,5,5,99900000.0,0.0,99900000,99900000
6,98534661,6,7,415,11595,397,0,69.166664,160.63177,5792,0,1656.4286,2120.7322,121.8860437,0.13193327,8211222.0,28400000.0,98400000,1,98400000,19700000.0,44000000.0,98400000,1,98500000,16400000.0,40200000.0,98400000,45,0,0,0,0,164,232,0.060892276,0.07104099,0,5792,858.2857,1664.9304,2771993.2,1,0,0,0,0,0,0,0,1,924.3077,69.166664,1656.4286,0,0,0,0,0,0,6,415,7,11595,0,235,3,20,13949.0,0.0,13949,13949,98400000.0,0.0,98400000,98400000
6,98340677,5,7,337,11595,325,0,67.4,144.03403,5792,0,1656.4286,2429.1187,121.3333115,0.122024785,8940062.0,29600000.0,98300000,4,98300000,24600000.0,49200000.0,98300000,4,98300000,16400000.0,40100000.0,98300000,47,0,0,0,0,144,232,0.05084366,0.071181126,0,5792,918.3077,1909.4713,3646080.8,1,0,0,0,0,0,0,0,1,994.8333,67.4,1656.4286,0,0,0,0,0,0,5,337,7,11595,0,235,2,20,10972.0,0.0,10972,10972,98300000.0,0.0,98300000,98300000
6,14745,2,2,12,0,6,6,6.0,0.0,0,0,0.0,0.0,813.8351984,271.2783995,4915.0,8062.6084,14220,1,525,525.0,0.0,525,525,14744,14744.0,0.0,14744,14744,0,0,0,0,40,64,135.6392,135.6392,0,6,3.6,3.2863352,10.8,1,0,0,0,0,0,0,0,1,4.5,6.0,0.0,0,0,0,0,0,0,2,12,2,0,0,235,1,20,0.0,0.0,0,0,0.0,0.0,0,0
6,100007804,6,7,397,11595,379,0,66.166664,153.28459,2907,0,1656.4286,1549.4519,119.9106422,0.129989856,8333983.5,28800000.0,99800000,5,99900000,20000000.0,44700000.0,99800000,5,100000000,16700000.0,40800000.0,99900000,17,0,0,0,0,164,232,0.05999532,0.06999454,0,2907,857.0,1343.7203,1805584.2,1,0,0,0,0,0,0,0,1,922.9231,66.166664,1656.4286,0,0,0,0,0,0,6,397,7,11595,0,235,3,20,12980.0,0.0,12980,12980,99800000.0,0.0,99800000,99800000
6,100761210,6,5,339,11595,339,0,56.5,138.39616,8688,0,2319.0,3774.2375,118.4384348,0.109168995,10100000.0,31800000.0,101000000,3,101000000,20100000.0,45000000.0,101000000,3,77890,19472.5,24268.0,50581,189,0,0,0,0,200,168,0.059546724,0.04962227,0,8688,994.5,2560.448,6555894.5,0,0,0,0,1,0,0,0,0,1084.909,56.5,2319.0,0,0,0,0,0,0,6,339,5,11595,251,235,1,32,987.0,0.0,987,987,101000000.0,0.0,101000000,101000000
6,2875,5,0,0,0,0,0,0.0,0.0,0,0,0.0,0.0,0.0,1739.130435,718.75,817.28143,1930,198,2875,718.75,817.28143,1930,198,0,0.0,0.0,0,0,0,0,0,0,160,0,1739.1305,0.0,0,0,0.0,0.0,0.0,0,0,0,0,1,0,0,0,0,0.0,0.0,0.0,0,0,0,0,0,0,5,0,0,0,274,-1,0,32,0.0,0.0,0,0,0.0,0.0,0,0
6,99638042,7,4,323,11595,317,0,46.142857,119.4577,8688,0,2898.75,4095.5662,119.6129486,0.1103996,9963804.0,31400000.0,99400000,1,99500000,16600000.0,40600000.0,99400000,1,195774,65258.0,95266.484,174605,186,0,0,0,0,220,136,0.07025429,0.040145308,0,8688,993.1667,2561.8877,6563269.0,0,0,0,0,1,0,0,0,0,1083.4546,46.142857,2898.75,0,0,0,0,0,0,7,323,4,11595,251,235,2,20,1014.0,0.0,1014,1014,99400000.0,0.0,99400000,99400000
6,100102648,9,6,327,11595,327,0,36.333332,109.0,5792,0,1932.5,2181.0083,119.0977485,0.149846186,7150189.0,26700000.0,99900000,1,100000000,12500000.0,35300000.0,99900000,1,152356,30471.2,61021.33,139175,13,0,0,0,0,296,200,0.08990771,0.059938475,0,5792,745.125,1579.3431,2494324.8,0,0,0,0,1,0,0,0,0,794.8,36.333332,1932.5,0,0,0,0,0,0,9,327,6,11595,251,235,1,32,1018.0,0.0,1018,1018,99900000.0,0.0,99900000,99900000
6,100628061,8,7,358,11595,358,0,44.75,126.57211,5792,0,1656.4286,2118.2273,118.7839642,0.149063788,7187718.5,26900000.0,101000000,0,101000000,14400000.0,38000000.0,101000000,0,44659,7443.1665,13063.336,32330,49,0,0,0,0,264,232,0.07950069,0.0695631,0,5792,747.0625,1577.4691,2488409.0,0,0,0,0,1,0,0,0,0,796.86664,44.75,1656.4286,0,0,0,0,0,0,8,358,7,11595,251,235,1,32,1028.0,0.0,1028,1028,101000000.0,0.0,101000000,101000000
6,100408822,7,6,290,11595,290,0,41.42857,109.609695,4344,0,1932.5,1754.8314,118.3660934,0.129470695,8367402.0,29000000.0,100000000,0,100000000,16700000.0,41000000.0,100000000,0,78583,15716.6,28734.633,66276,16,0,0,0,0,232,200,0.06971499,0.059755705,0,4344,848.9286,1462.324,2138391.5,0,0,0,0,1,0,0,0,0,914.2308,41.42857,1932.5,0,0,0,0,0,0,7,290,6,11595,251,235,1,32,6.0,0.0,6,6,100000000.0,0.0,100000000,100000000
6,84544179,6,6,334,11595,334,0,55.666668,136.35493,4344,0,1932.5,1977.8129,141.0978277,0.141937625,7685834.5,25400000.0,84400000,1,84400000,16900000.0,37700000.0,84400000,1,151514,30302.8,59537.69,136179,54,0,0,0,0,200,200,0.070968814,0.070968814,0,4344,917.61536,1610.6774,2594281.5,0,0,0,0,1,0,0,0,1,994.0833,55.666668,1932.5,0,0,0,0,0,0,6,334,6,11595,274,235,1,32,4.0,0.0,4,4,84400000.0,0.0,84400000,84400000
6,84918079,8,6,400,11595,394,0,50.0,139.01285,5792,0,1932.5,2181.0083,141.2537841,0.164864775,6532160.0,23500000.0,84800000,1,84800000,12100000.0,32000000.0,84800000,1,145424,29084.8,58924.93,134152,14,0,0,0,0,252,200,0.09420844,0.07065633,0,5792,799.6667,1620.2864,2625328.0,0,0,0,0,1,0,0,0,0,856.7857,50.0,1932.5,0,0,0,0,0,0,8,400,6,11595,274,235,2,20,983.0,0.0,983,983,84800000.0,0.0,84800000,84800000
6,100477904,7,7,311,11595,311,0,44.42857,117.54695,5792,0,1656.4286,2118.2273,118.4937138,0.139334117,7729069.5,27800000.0,100000000,1,100000000,16700000.0,41000000.0,100000000,1,149635,24939.166,54745.945,136196,46,0,0,0,0,232,232,0.069667056,0.069667056,0,5792,793.73334,1620.7173,2626724.2,0,0,0,0,1,0,0,0,1,850.4286,44.42857,1656.4286,0,0,0,0,0,0,7,311,7,11595,251,235,1,32,993.0,0.0,993,993,100000000.0,0.0,100000000,100000000
6,86134661,8,5,351,11595,351,0,43.875,124.09724,8688,0,2319.0,3776.347,138.6898127,0.150926466,7177888.5,24600000.0,85100000,1,86100000,12300000.0,32100000.0,85100000,1,1571,392.75,376.6027,847,1,0,0,0,0,272,168,0.09287783,0.05804864,0,8688,853.2857,2383.6274,5681680.0,0,0,0,0,1,0,0,0,0,918.9231,43.875,2319.0,0,0,0,0,0,0,8,351,5,11595,251,235,1,32,5.0,0.0,5,5,85100000.0,0.0,85100000,85100000
6,83869160,8,5,357,11595,357,0,44.625,126.21856,8688,0,2319.0,3633.797,142.507687,0.155003341,6989096.5,24200000.0,83700000,1,83700000,12000000.0,31600000.0,83700000,1,148487,37121.75,66287.61,136199,94,0,0,0,0,264,168,0.09538667,0.05961667,0,8688,853.7143,2314.3462,5356199.0,0,0,0,0,1,0,0,0,0,919.38464,44.625,2319.0,0,0,0,0,0,0,8,357,5,11595,274,235,1,32,9997.0,0.0,9997,9997,83700000.0,0.0,83700000,83700000
6,84676129,6,5,374,11595,374,0,62.333332,152.68486,7240,0,2319.0,3331.6382,141.3503444,0.129906741,8467613.0,26700000.0,84500000,2,84500000,16900000.0,37800000.0,84500000,2,145426,36356.5,65452.88,134234,65,0,0,0,0,200,168,0.070858225,0.05904852,0,7240,997.4167,2325.5469,5408168.5,0,0,0,0,1,0,0,0,0,1088.091,62.333332,2319.0,0,0,0,0,0,0,6,374,5,11595,274,235,1,32,1013.0,0.0,1013,1013,84500000.0,0.0,84500000,84500000
6,97572901,8,7,353,11595,353,0,44.125,124.804344,5792,0,1656.4286,1947.6382,122.452032,0.153731209,6969493.0,26100000.0,97600000,1,97600000,13900000.0,36900000.0,97600000,1,6659,1109.8334,2404.9282,6017,47,0,0,0,0,264,232,0.08198998,0.07174123,0,5792,746.75,1487.0216,2211233.2,0,0,0,0,1,0,0,0,0,796.5333,44.125,1656.4286,0,0,0,0,0,0,8,353,7,11595,251,235,1,32,989.0,0.0,989,989,97600000.0,0.0,97600000,97600000
6,68791530,5,7,343,11595,331,0,68.6,146.71674,4344,0,1656.4286,1760.5973,173.5388063,0.17444008,6253775.5,20700000.0,68600000,4,68700000,17200000.0,34300000.0,68600000,4,68800000,11500000.0,28000000.0,68600000,34,0,0,0,0,144,232,0.072683364,0.101756714,0,4344,918.7692,1498.3434,2245032.8,1,0,0,0,0,0,0,0,1,995.3333,68.6,1656.4286,0,0,0,0,0,0,5,343,7,11595,0,235,2,20,11028.0,0.0,11028,11028,68600000.0,0.0,68600000,68600000
6,98877371,9,5,323,11595,317,0,35.88889,105.43534,10147,0,2319.0,4420.6763,120.53314,0.141589525,7605951.5,27400000.0,98900000,0,98900000,12400000.0,35000000.0,98900000,0,4152,1038.0,1506.646,3295,193,0,0,0,0,284,168,0.091021836,0.050567687,0,10147,794.5333,2614.3777,6834970.5,0,0,0,0,1,0,0,0,0,851.2857,35.88889,2319.0,0,0,0,0,0,0,9,323,5,11595,251,235,2,20,1939.0,0.0,1939,1939,98900000.0,0.0,98900000,98900000
6,31413643,3,2,0,0,0,0,0.0,0.0,0,0,0.0,0.0,0.0,0.159166512,7853411.0,15700000.0,31400000,20,31400000,15700000.0,22200000.0,31400000,907,31400000,31400000.0,0.0,31400000,31400000,0,0,0,0,104,80,0.09549991,0.063666604,0,0,0.0,0.0,0.0,0,0,0,1,0,0,0,0,0,0.0,0.0,0.0,0,0,0,0,0,0,3,0,2,0,29200,28960,0,32,907.0,0.0,907,907,31400000.0,0.0,31400000,31400000
6,101162638,9,6,718,11595,359,0,79.77778,158.30412,5792,0,1932.5,2179.547,121.7148964,0.148276086,7225902.5,26600000.0,99800000,0,101000000,12600000.0,35200000.0,99800000,0,354436,70887.2,100769.82,216013,48,0,0,0,0,304,200,0.088965654,0.059310433,0,5792,769.5625,1569.3226,2462773.5,0,0,0,0,1,0,0,0,0,820.86664,79.77778,1932.5,0,0,0,0,0,0,9,718,6,11595,251,235,2,32,3.0,0.0,3,3,99800000.0,0.0,99800000,99800000
6,99881001,6,8,343,11595,325,0,57.166668,131.24393,5792,0,1449.375,2046.6735,119.5222303,0.140166797,7683154.0,27700000.0,99700000,4,99700000,19900000.0,44600000.0,99700000,4,99900000,14300000.0,37700000.0,99700000,45,0,0,0,0,164,264,0.060071483,0.08009531,0,5792,796.26666,1619.5848,2623055.0,1,0,0,0,0,0,0,0,1,853.1429,57.166668,1449.375,0,0,0,0,0,0,6,343,8,11595,0,235,3,20,17006.0,0.0,17006,17006,99700000.0,0.0,99700000,99700000
6,98356834,7,6,321,11595,321,0,45.857143,121.3266,5792,0,1932.5,2537.82,121.1507072,0.132171802,8196403.0,28400000.0,98400000,1,98400000,16400000.0,40200000.0,98400000,1,3556,711.2,1300.471,3033,50,0,0,0,0,232,200,0.07116943,0.06100237,0,5792,851.1429,1851.6274,3428524.2,0,0,0,0,1,0,0,0,0,916.61536,45.857143,1932.5,0,0,0,0,0,0,7,321,6,11595,274,235,1,32,1020.0,0.0,1020,1020,98400000.0,0.0,98400000,98400000
6,101630881,10,7,1110,11595,370,0,111.0,178.72697,4344,0,1656.4286,1547.7377,125.0112158,0.167271993,6351930.0,25300000.0,101000000,1,101000000,11300000.0,33700000.0,101000000,1,566651,94441.836,172502.12,428041,16,0,0,0,0,328,232,0.09839529,0.068876706,0,4344,705.8333,1213.2196,1471901.6,0,0,0,0,1,0,0,0,0,747.35297,111.0,1656.4286,0,0,0,0,0,0,10,1110,7,11595,251,235,3,32,992.0,0.0,992,992,101000000.0,0.0,101000000,101000000
6,97786206,9,6,307,11595,307,0,34.11111,102.333336,5792,0,1932.5,2181.0083,121.7145085,0.153395869,6984729.0,26100000.0,97800000,4,97800000,12200000.0,34600000.0,97800000,4,15496,3099.2,4761.6597,10999,46,0,0,0,0,296,200,0.09203752,0.061358348,0,5792,743.875,1579.704,2495464.8,0,0,0,0,1,0,0,0,0,793.4667,34.11111,1932.5,0,0,0,0,0,0,9,307,6,11595,251,235,1,32,5577.0,0.0,5577,5577,97800000.0,0.0,97800000,97800000
6,99478856,7,6,418,11595,412,0,59.714287,155.3595,5792,0,1932.5,2181.0083,120.75933,0.130681036,8289904.5,28700000.0,99300000,1,99300000,16600000.0,40500000.0,99300000,1,152564,30512.8,61554.45,140232,14,0,0,0,0,220,200,0.07036671,0.060314324,0,5792,858.0714,1665.3271,2773314.5,0,0,0,0,1,0,0,0,0,924.0769,59.714287,1932.5,0,0,0,0,0,0,7,418,6,11595,274,235,2,20,1013.0,0.0,1013,1013,99300000.0,0.0,99300000,99300000
6,44666,3,7,361,11595,361,0,120.333336,208.42345,5792,0,1656.4286,1947.6382,267675.6369,223.8839386,4962.8887,11001.803,33012,47,11017,5508.5,6354.7686,10002,1015,44617,7436.1665,13279.989,33012,47,0,0,0,0,104,232,67.165184,156.71875,0,5792,1086.909,1705.9102,2910129.2,0,0,0,1,0,0,0,0,2,1195.6,120.333336,1656.4286,0,0,0,0,0,0,3,361,7,11595,29200,235,1,32,0.0,0.0,0,0,0.0,0.0,0,0
6,85681483,4,7,313,11595,307,0,78.25,152.52623,4344,0,1656.4286,1547.7377,138.979854,0.128382465,8568148.0,27000000.0,85500000,7,85500000,28500000.0,49400000.0,85500000,7,149546,24924.334,53820.723,134112,17,0,0,0,0,124,232,0.046684533,0.08169793,0,4344,992.8333,1409.2211,1985904.1,1,0,0,0,0,0,0,0,1,1083.091,78.25,1656.4286,0,0,0,0,0,0,4,313,7,11595,0,235,1,20,0.0,0.0,0,0,85500000.0,0.0,85500000,85500000
6,85197201,6,7,327,11595,309,0,54.5,124.71367,4344,0,1656.4286,1760.5973,139.9341746,0.152587172,7099767.0,24500000.0,85000000,10,85100000,17000000.0,38000000.0,85000000,1014,85200000,14200000.0,34700000.0,85100000,15,0,0,0,0,164,232,0.07042485,0.08216232,0,4344,852.0,1460.7025,2133651.8,1,0,0,0,0,0,0,0,1,917.53845,54.5,1656.4286,0,0,0,0,0,0,6,327,7,11595,0,235,3,20,11033.0,0.0,11033,11033,85000000.0,0.0,85000000,85000000
6,149536,3,6,344,11595,344,0,114.666664,198.60849,2907,0,1932.5,1496.9142,79840.30601,60.1861759,18692.0,47677.41,136155,5,13026,6513.0,9203.702,13021,5,149509,29901.8,59662.133,136155,49,0,0,0,0,104,200,20.06206,40.12412,0,2907,1193.9,1471.0337,2163940.0,0,0,0,1,0,0,0,0,2,1326.5555,114.666664,1932.5,0,0,0,0,0,0,3,344,6,11595,29200,235,1,32,0.0,0.0,0,0,0.0,0.0,0,0
6,97466908,4,6,371,11595,365,0,92.75,181.52203,5792,0,1932.5,2181.0083,122.7698739,0.102598925,10800000.0,32500000.0,97400000,47,97400000,32500000.0,56200000.0,97400000,995,43424,8684.8,13559.949,31115,47,0,0,0,0,124,200,0.04103957,0.061559357,0,5792,1088.3636,1824.6843,3329472.8,1,0,0,0,0,0,0,0,1,1197.2,92.75,1932.5,0,0,0,0,0,0,4,371,6,11595,0,235,1,20,0.0,0.0,0,0,97400000.0,0.0,97400000,97400000
6,85278975,6,6,394,11595,376,0,65.666664,152.06007,7240,0,1932.5,3126.6826,140.5856485,0.140714637,7752634.0,25700000.0,85100000,2,85100000,17000000.0,38100000.0,85100000,2,85300000,17100000.0,38100000.0,85100000,50,0,0,0,0,164,200,0.070357315,0.070357315,0,7240,922.6923,2242.801,5030157.0,1,0,0,0,0,0,0,0,1,999.5833,65.666664,1932.5,0,0,0,0,0,0,6,394,6,11595,0,235,3,20,11975.0,0.0,11975,11975,85100000.0,0.0,85100000,85100000
6,98271517,6,7,368,11595,350,0,61.333332,141.44775,5792,0,1656.4286,2429.1187,121.7341542,0.132286551,8189293.0,28400000.0,98300000,1,98300000,19700000.0,43900000.0,98300000,1,98300000,16400000.0,40100000.0,98300000,2,0,0,0,0,164,232,0.061055332,0.07123122,0,5792,854.9286,1850.1559,3423076.8,1,0,0,0,0,0,0,0,1,920.6923,61.333332,1656.4286,0,0,0,0,0,0,6,368,7,11595,0,235,3,20,10995.0,0.0,10995,10995,98300000.0,0.0,98300000,98300000
6,98306095,7,6,368,11595,368,0,52.57143,139.09093,5792,0,1932.5,2362.7815,121.6913356,0.13224002,8192174.5,28400000.0,98300000,1,98300000,16400000.0,40100000.0,98300000,1,9707,1941.4,3590.1433,8354,157,0,0,0,0,232,200,0.07120617,0.061033856,0,5792,854.5,1759.2406,3094927.5,0,0,0,0,1,0,0,0,0,920.2308,52.57143,1932.5,0,0,0,0,0,0,7,368,6,11595,274,235,1,32,5.0,0.0,5,5,98300000.0,0.0,98300000,98300000
6,84259140,6,6,292,11595,292,0,48.666668,119.2085,4344,0,1932.5,1977.8129,141.0766832,0.142417784,7659922.0,25400000.0,84100000,1,84100000,16800000.0,37600000.0,84100000,1,151445,30289.0,60037.312,137148,34,0,0,0,0,200,200,0.071208894,0.071208894,0,4344,914.38464,1611.9872,2598502.5,0,0,0,0,1,0,0,0,1,990.5833,48.666668,1932.5,0,0,0,0,0,0,6,292,6,11595,274,235,1,32,4.0,0.0,4,4,84100000.0,0.0,84100000,84100000
6,85150205,7,7,385,11595,361,0,55.0,134.96295,4344,0,1656.4286,1947.6382,140.6925562,0.164415341,6550016.0,23600000.0,85000000,1,85000000,14200000.0,34700000.0,85000000,190,85200000,14200000.0,34700000.0,85000000,61,0,0,0,0,184,232,0.08220767,0.08220767,0,4344,799.06665,1524.0675,2322781.8,1,0,0,0,0,0,0,0,1,856.1429,55.0,1656.4286,0,0,0,0,0,0,7,385,7,11595,0,235,4,20,10045.0,0.0,10045,10045,85000000.0,0.0,85000000,85000000
6,84517213,5,7,359,11595,347,0,71.8,153.87073,5792,0,1656.4286,2118.2273,141.438644,0.141982912,7683383.0,25400000.0,84400000,37,84400000,21100000.0,42200000.0,84400000,49,148730,24788.334,55253.523,137222,49,0,0,0,0,144,232,0.059159547,0.082823366,0,5792,920.0,1713.7903,2937077.2,1,0,0,0,0,0,0,0,1,996.6667,71.8,1656.4286,0,0,0,0,0,0,5,359,7,11595,0,235,2,20,10808.0,0.0,10808,10808,84400000.0,0.0,84400000,84400000
6,86127455,6,5,369,11595,369,0,61.5,150.64362,5792,0,2319.0,3170.4038,138.910409,0.127717695,8612746.0,27200000.0,85900000,2,86000000,17200000.0,38400000.0,85900000,2,188844,47211.0,78454.625,163567,85,0,0,0,0,200,168,0.069664195,0.058053497,0,5792,997.0,2242.213,5027518.5,0,0,0,0,1,0,0,0,0,1087.6364,61.5,2319.0,0,0,0,0,0,0,6,369,5,11595,251,235,1,32,983.0,0.0,983,983,85900000.0,0.0,85900000,85900000
6,85322439,10,6,1122,11595,372,0,112.2,179.28859,5792,0,1932.5,2362.7815,149.0463722,0.187523941,5688162.5,21900000.0,84800000,1,85200000,9465510.0,28200000.0,84800000,1,567766,113553.2,188575.48,434964,86,0,0,0,0,316,200,0.11720246,0.07032148,0,5792,748.05884,1605.1312,2576446.2,0,0,0,0,1,0,0,0,0,794.8125,112.2,1932.5,0,0,0,0,0,0,10,1122,6,11595,251,235,4,20,1982.0,0.0,1982,1982,84800000.0,0.0,84800000,84800000
6,99213662,6,7,353,11595,335,0,58.833332,135.32541,5792,0,1656.4286,2119.4802,120.426963,0.131030341,8267805.0,28600000.0,99200000,1,99200000,19800000.0,44400000.0,99200000,1,99200000,16500000.0,40500000.0,99200000,46,0,0,0,0,164,232,0.060475543,0.0705548,0,5792,853.8571,1665.5981,2774217.2,1,0,0,0,0,0,0,0,1,919.53845,58.833332,1656.4286,0,0,0,0,0,0,6,353,7,11595,0,235,3,20,12989.0,0.0,12989,12989,99200000.0,0.0,99200000,99200000
6,99582867,5,8,305,11595,293,0,61.0,129.72664,5792,0,1449.375,2046.6735,119.4984675,0.130544544,8298572.0,28700000.0,99500000,17,99500000,24900000.0,49800000.0,99500000,1005,99600000,14200000.0,37600000.0,99500000,45,0,0,0,0,144,264,0.05020944,0.0803351,0,5792,850.4286,1666.1416,2776028.0,1,0,0,0,0,0,0,0,1,915.8461,61.0,1449.375,0,0,0,0,0,0,5,305,8,11595,0,235,2,20,8001.0,0.0,8001,8001,99500000.0,0.0,99500000,99500000
6,98736058,7,6,718,11595,350,0,102.57143,169.0472,7240,0,1932.5,3126.6826,124.7062142,0.131664159,8228005.0,28400000.0,98400000,4,98600000,16400000.0,40100000.0,98400000,4,98700000,19700000.0,44000000.0,98400000,160,0,0,0,0,196,200,0.07089608,0.06076807,0,7240,879.9286,2160.7222,4668720.0,1,0,0,0,0,0,0,0,0,947.61536,102.57143,1932.5,0,0,0,0,0,0,7,718,6,11595,0,235,4,20,11995.0,0.0,11995,11995,98400000.0,0.0,98400000,98400000
6,100407803,10,7,346,11595,346,0,34.6,109.41481,4344,0,1656.4286,1547.7377,118.9250202,0.169309551,6275487.5,24800000.0,99300000,1,100000000,11100000.0,33000000.0,99300000,1,151634,25272.334,55067.816,137102,47,0,0,0,0,336,232,0.099593855,0.06971569,0,4344,663.3889,1231.3893,1516319.4,0,0,0,0,1,0,0,0,0,702.41174,34.6,1656.4286,0,0,0,0,0,0,10,346,7,11595,251,235,1,32,987.0,0.0,987,987,99300000.0,0.0,99300000,99300000
6,99968715,6,6,357,11595,357,0,59.5,145.74464,4344,0,1932.5,1754.8314,119.5574035,0.120037554,9088065.0,30100000.0,99800000,1,99800000,20000000.0,44600000.0,99800000,1,150367,30073.4,60596.48,138079,47,0,0,0,0,200,200,0.060018778,0.060018778,0,4344,919.38464,1498.4288,2245289.0,0,0,0,0,1,0,0,0,1,996.0,59.5,1932.5,0,0,0,0,0,0,6,357,6,11595,274,235,1,32,4.0,0.0,4,4,99800000.0,0.0,99800000,99800000
6,85102999,6,5,328,11595,328,0,54.666668,133.90544,7240,0,2319.0,3331.6382,140.1008207,0.129255139,8510300.0,26900000.0,85000000,1,85000000,17000000.0,38000000.0,85000000,1,148324,37081.0,65634.4,135109,50,0,0,0,0,200,168,0.0705028,0.058752336,0,7240,993.5833,2326.7056,5413559.0,0,0,0,0,1,0,0,0,0,1083.909,54.666668,2319.0,0,0,0,0,0,0,6,328,5,11595,274,235,1,32,15.0,0.0,15,15,85000000.0,0.0,85000000,85000000
6,147580,3,6,323,11595,323,0,107.666664,186.48413,4344,0,1932.5,1977.8129,80756.20003,60.98387315,18447.5,47352.844,135187,5,12020,6010.0,8492.353,12015,5,147521,29504.2,59302.77,135187,47,0,0,0,0,104,200,20.327957,40.655914,0,4344,1191.8,1759.6248,3096279.2,0,0,0,1,0,0,0,0,2,1324.2222,107.666664,1932.5,0,0,0,0,0,0,3,323,6,11595,29200,235,1,32,0.0,0.0,0,0,0.0,0.0,0,0
6,84086129,8,6,708,11595,351,0,88.5,162.03174,4344,0,1932.5,1754.8314,146.3142631,0.166495951,6468164.0,23200000.0,83700000,2,83900000,12000000.0,31600000.0,83700000,2,361482,72296.4,103736.29,225032,47,0,0,0,0,252,200,0.09514055,0.07135541,0,4344,820.2,1413.2036,1997144.5,0,0,0,0,1,0,0,0,0,878.7857,88.5,1932.5,0,0,0,0,0,0,8,708,6,11595,251,235,3,20,1964.0,0.0,1964,1964,83700000.0,0.0,83700000,83700000
6,98007197,8,6,373,11595,373,0,46.625,131.87541,5792,0,1932.5,2537.82,122.1134811,0.142846652,7539015.0,27200000.0,98000000,1,98000000,14000000.0,37000000.0,98000000,1,3819,763.8,1348.0614,3163,47,0,0,0,0,264,200,0.08162666,0.061219994,0,5792,797.86664,1796.8276,3228589.5,0,0,0,0,1,0,0,0,0,854.8571,46.625,1932.5,0,0,0,0,0,0,8,373,6,11595,274,235,1,32,1013.0,0.0,1013,1013,98000000.0,0.0,98000000,98000000
6,85644156,9,6,409,11595,409,0,45.444443,136.33333,4344,0,1932.5,1977.8129,140.1613439,0.175143299,6117439.5,22800000.0,85500000,1,85500000,10700000.0,30200000.0,85500000,1,146443,29288.6,58819.605,134103,34,0,0,0,0,296,200,0.10508598,0.07005732,0,4344,750.25,1486.0986,2208489.2,0,0,0,0,1,0,0,0,0,800.26666,45.444443,1932.5,0,0,0,0,0,0,9,409,6,11595,251,235,1,32,1012.0,0.0,1012,1012,85500000.0,0.0,85500000,85500000
6,3060,5,0,0,0,0,0,0.0,0.0,0,0,0.0,0.0,0.0,1633.986928,765.0,1052.8112,2344,214,3060,765.0,1052.8112,2344,214,0,0.0,0.0,0,0,0,0,0,0,160,0,1633.9869,0.0,0,0,0.0,0.0,0.0,0,0,0,0,1,0,0,0,0,0.0,0.0,0.0,0,0,0,0,0,0,5,0,0,0,251,-1,0,32,0.0,0.0,0,0,0.0,0.0,0,0
6,99294690,10,6,1032,11595,344,0,103.2,166.16779,5792,0,1932.5,2181.0083,127.166921,0.161136512,6619646.0,25500000.0,98700000,0,99200000,11000000.0,32900000.0,98700000,0,578415,115683.0,193296.0,445989,45,0,0,0,0,328,200,0.10071032,0.06042619,0,5792,742.7647,1524.1276,2322965.0,0,0,0,0,1,0,0,0,0,789.1875,103.2,1932.5,0,0,0,0,0,0,10,1032,6,11595,251,235,3,32,991.0,0.0,991,991,98700000.0,0.0,98700000,98700000
6,83580194,6,7,336,11595,336,0,56.0,137.17143,7240,0,1656.4286,2565.8508,142.7491303,0.155539242,6965016.0,24100000.0,83400000,2,83400000,16700000.0,37300000.0,83400000,2,146543,24423.834,53939.043,134095,66,0,0,0,0,200,232,0.07178734,0.0837519,0,7240,852.2143,1934.5634,3742535.5,0,0,0,0,1,0,0,0,1,917.7692,56.0,1656.4286,0,0,0,0,0,0,6,336,7,11595,274,235,1,32,993.0,0.0,993,993,83400000.0,0.0,83400000,83400000
6,98324638,5,6,359,11595,347,0,71.8,153.87073,8688,0,1932.5,3506.0217,121.5768524,0.1118743,9832464.0,31100000.0,98300000,38,98300000,24600000.0,49100000.0,98300000,48,98300000,19700000.0,44000000.0,98300000,84,0,0,0,0,144,200,0.050851952,0.061022345,0,8688,996.6667,2559.6282,6551697.0,1,0,0,0,0,0,0,0,1,1087.2727,71.8,1932.5,0,0,0,0,0,0,5,359,6,11595,0,235,2,20,13996.0,0.0,13996,13996,98300000.0,0.0,98300000,98300000
6,84514404,9,4,324,11595,324,0,36.0,108.0,8688,0,2898.75,4095.5662,141.0292144,0.153819933,7042867.0,24400000.0,84400000,1,84400000,10500000.0,29800000.0,84400000,1,145779,48593.0,72232.08,131619,189,0,0,0,0,296,136,0.106490724,0.04732921,0,8688,851.3571,2384.0762,5683818.5,0,0,0,0,1,0,0,0,0,916.8461,36.0,2898.75,0,0,0,0,0,0,9,324,4,11595,274,235,1,32,951.0,0.0,951,951,84400000.0,0.0,84400000,84400000
6,98410682,7,6,339,11595,339,0,48.42857,128.12996,5792,0,1932.5,2181.0083,121.2673234,0.132099481,8200890.0,28400000.0,98300000,1,98300000,16400000.0,40100000.0,98300000,1,106450,21290.0,40584.734,93198,14,0,0,0,0,232,200,0.07113049,0.06096899,0,5792,852.4286,1667.18,2779489.2,0,0,0,0,1,0,0,0,0,918.0,48.42857,1932.5,0,0,0,0,0,0,7,339,6,11595,274,235,1,32,5.0,0.0,5,5,98300000.0,0.0,98300000,98300000
6,100303634,6,6,347,11595,347,0,57.833332,141.66216,5792,0,1932.5,2181.0083,119.0584979,0.119636742,9118512.0,30200000.0,100000000,4,100000000,20000000.0,44800000.0,100000000,4,146370,29274.0,59352.293,135112,45,0,0,0,0,200,200,0.059818372,0.059818372,0,5792,918.61536,1716.1396,2945135.5,0,0,0,0,1,0,0,0,1,995.1667,57.833332,1932.5,0,0,0,0,0,0,6,347,6,11595,274,235,1,32,988.0,0.0,988,988,100000000.0,0.0,100000000,100000000
6,63133510,7,0,0,0,0,0,0.0,0.0,0,0,0.0,0.0,0.0,0.110876142,10500000.0,11900000.0,32100000,997951,63100000,10500000.0,11900000.0,32100000,997951,0,0.0,0.0,0,0,0,0,0,0,280,0,0.11087614,0.0,0,0,0.0,0.0,0.0,0,0,0,1,0,0,0,0,0,0.0,0.0,0.0,0,0,0,0,0,0,7,0,0,0,29200,-1,0,40,7006083.0,0.0,7006083,7006083,18700000.0,12200000.0,32100000,8015694
6,63138570,7,0,0,0,0,0,0.0,0.0,0,0,0.0,0.0,0.0,0.110867256,10500000.0,11900000.0,32100000,999229,63100000,10500000.0,11900000.0,32100000,999229,0,0.0,0.0,0,0,0,0,0,0,280,0,0.110867254,0.0,0,0,0.0,0.0,0.0,0,0,0,1,0,0,0,0,0,0.0,0.0,0.0,0,0,0,0,0,0,7,0,0,0,29200,-1,0,40,7011148.0,0.0,7011148,7011148,18700000.0,12200000.0,32100000,8015985
6,106297450,6,3,531,0,520,0,88.5,211.43675,0,0,0.0,0.0,4.995416165,0.084668071,13300000.0,36400000.0,103000000,37,106000000,21300000.0,45900000.0,103000000,212,103000000,51600000.0,73000000.0,103000000,1050,0,0,0,0,216,104,0.05644538,0.02822269,0,520,53.1,164.08836,26924.988,0,0,0,1,0,0,0,0,0,59.0,88.5,0.0,0,0,0,0,0,0,6,531,3,0,29200,235,2,32,3004999.0,0.0,3004999,3004999,103000000.0,0.0,103000000,103000000
6,63115760,7,0,0,0,0,0,0.0,0.0,0,0,0.0,0.0,0.0,0.110907323,10500000.0,11900000.0,32100000,996020,63100000,10500000.0,11900000.0,32100000,996020,0,0.0,0.0,0,0,0,0,0,0,280,0,0.11090732,0.0,0,0,0.0,0.0,0.0,0,0,0,1,0,0,0,0,0,0.0,0.0,0.0,0,0,0,0,0,0,7,0,0,0,29200,-1,0,40,7004106.0,0.0,7004106,7004106,18700000.0,12200000.0,32100000,8015977
6,3275996,2,0,712,0,356,356,356.0,0.0,0,0,0.0,0.0,217.3384827,0.610501356,3275996.0,0.0,3275996,3275996,3275996,3275996.0,0.0,3275996,3275996,0,0.0,0.0,0,0,1,0,0,0,64,0,0.61050135,0.0,356,356,356.0,0.0,0.0,0,1,0,0,1,1,0,0,0,534.0,356.0,0.0,0,0,0,0,0,0,2,712,0,0,229,-1,1,32,0.0,0.0,0,0,0.0,0.0,0,0
6,47928,1,3,0,1983,0,0,0.0,0.0,1983,0,661.0,1144.8856,41374.56184,83.45852112,15976.0,24501.81,44186,4,0,0.0,0.0,0,0,3742,1871.0,2640.3367,3738,4,0,0,0,0,32,96,20.86463,62.59389,0,1983,396.6,886.8246,786457.8,0,0,0,0,1,1,0,0,3,495.75,0.0,661.0,0,0,0,0,0,0,1,0,3,1983,229,235,0,32,0.0,0.0,0,0,0.0,0.0,0,0
6,63122460,7,0,0,0,0,0,0.0,0.0,0,0,0.0,0.0,0.0,0.110895551,10500000.0,11900000.0,32100000,999193,63100000,10500000.0,11900000.0,32100000,999193,0,0.0,0.0,0,0,0,0,0,0,280,0,0.11089555,0.0,0,0,0.0,0.0,0.0,0,0,0,1,0,0,0,0,0,0.0,0.0,0.0,0,0,0,0,0,0,7,0,0,0,29200,-1,0,40,7011153.0,0.0,7011153,7011153,18700000.0,12200000.0,32100000,8015953
6,63089253,7,0,0,0,0,0,0.0,0.0,0,0,0.0,0.0,0.0,0.110953921,10500000.0,11900000.0,32000000,997610,63100000,10500000.0,11900000.0,32000000,997610,0,0.0,0.0,0,0,0,0,0,0,280,0,0.11095392,0.0,0,0,0.0,0.0,0.0,0,0,0,1,0,0,0,0,0,0.0,0.0,0.0,0,0,0,0,0,0,7,0,0,0,29200,-1,0,40,7009461.0,0.0,7009461,7009461,18700000.0,12200000.0,32000000,8016007
6,63155374,7,0,0,0,0,0,0.0,0.0,0,0,0.0,0.0,0.0,0.110837757,10500000.0,11900000.0,32100000,999965,63200000,10500000.0,11900000.0,32100000,999965,0,0.0,0.0,0,0,0,0,0,0,280,0,0.11083776,0.0,0,0,0.0,0.0,0.0,0,0,0,1,0,0,0,0,0,0.0,0.0,0.0,0,0,0,0,0,0,7,0,0,0,29200,-1,0,40,7011713.0,0.0,7011713,7011713,18700000.0,12300000.0,32100000,8016113
6,63093196,7,0,0,0,0,0,0.0,0.0,0,0,0.0,0.0,0.0,0.110946987,10500000.0,11900000.0,32000000,997623,63100000,10500000.0,11900000.0,32000000,997623,0,0.0,0.0,0,0,0,0,0,0,280,0,0.11094699,0.0,0,0,0.0,0.0,0.0,0,0,0,1,0,0,0,0,0,0.0,0.0,0.0,0,0,0,0,0,0,7,0,0,0,29200,-1,0,40,7013614.0,0.0,7013614,7013614,18700000.0,12200000.0,32000000,8015938
6,109738558,4,3,365,0,351,0,91.25,173.29239,0,0,0.0,0.0,3.326087081,0.063787971,18300000.0,44800000.0,110000000,54,110000000,36600000.0,63400000.0,110000000,621,110000000,54900000.0,77600000.0,110000000,5265,0,0,0,0,136,104,0.03645027,0.027337702,0,351,45.625,123.48735,15249.125,0,0,0,1,0,0,0,0,0,52.142857,91.25,0.0,0,0,0,0,0,0,4,365,3,0,29200,235,2,32,5320.0,0.0,5320,5320,110000000.0,0.0,110000000,110000000
6,63133980,7,0,0,0,0,0,0.0,0.0,0,0,0.0,0.0,0.0,0.110875316,10500000.0,11900000.0,32100000,998588,63100000,10500000.0,11900000.0,32100000,998588,0,0.0,0.0,0,0,0,0,0,0,280,0,0.110875316,0.0,0,0,0.0,0.0,0.0,0,0,0,1,0,0,0,0,0,0.0,0.0,0.0,0,0,0,0,0,0,7,0,0,0,29200,-1,0,40,7006532.0,0.0,7006532,7006532,18700000.0,12200000.0,32100000,8015891
6,63117859,7,0,0,0,0,0,0.0,0.0,0,0,0.0,0.0,0.0,0.110903635,10500000.0,11900000.0,32100000,998536,63100000,10500000.0,11900000.0,32100000,998536,0,0.0,0.0,0,0,0,0,0,0,280,0,0.110903636,0.0,0,0,0.0,0.0,0.0,0,0,0,1,0,0,0,0,0,0.0,0.0,0.0,0,0,0,0,0,0,7,0,0,0,29200,-1,0,40,7006347.0,0.0,7006347,7006347,18700000.0,12200000.0,32100000,8015915
6,109182331,4,3,367,0,351,0,91.75,172.99783,0,0,0.0,0.0,3.361349741,0.064112938,18200000.0,44600000.0,109000000,30,109000000,36400000.0,63000000.0,109000000,636,109000000,54600000.0,77200000.0,109000000,5339,0,0,0,0,136,104,0.036635965,0.027476974,0,351,45.875,123.41618,15231.554,0,0,0,1,0,0,0,0,0,52.42857,91.75,0.0,0,0,0,0,0,0,4,367,3,0,29200,235,2,32,5422.0,0.0,5422,5422,109000000.0,0.0,109000000,109000000
6,20997166,2,1,10,0,10,0,5.0,7.071068,0,0,0.0,0.0,0.476254748,0.142876424,10500000.0,14800000.0,21000000,63,21000000,21000000.0,0.0,21000000,21000000,0,0.0,0.0,0,0,1,0,0,0,64,32,0.09525095,0.047625475,0,10,5.0,5.773503,33.333332,0,1,0,0,1,0,0,0,0,6.6666665,5.0,0.0,0,0,0,0,0,0,2,10,1,0,229,235,0,32,0.0,0.0,0,0,0.0,0.0,0,0
6,109816716,4,3,524,0,520,0,131.0,259.34018,0,0,0.0,0.0,4.771586868,0.063742573,18300000.0,44800000.0,110000000,45,110000000,36600000.0,63400000.0,110000000,779,110000000,54900000.0,77600000.0,110000000,5400,0,0,0,0,136,104,0.036424328,0.027318245,0,520,65.5,183.65106,33727.715,0,0,0,1,0,0,0,0,0,74.85714,131.0,0.0,0,0,0,0,0,0,4,524,3,0,29200,235,2,32,5445.0,0.0,5445,5445,110000000.0,0.0,110000000,110000000
6,63123357,7,0,0,0,0,0,0.0,0.0,0,0,0.0,0.0,0.0,0.110893975,10500000.0,11900000.0,32100000,999944,63100000,10500000.0,11900000.0,32100000,999944,0,0.0,0.0,0,0,0,0,0,0,280,0,0.11089397,0.0,0,0,0.0,0.0,0.0,0,0,0,1,0,0,0,0,0,0.0,0.0,0.0,0,0,0,0,0,0,7,0,0,0,29200,-1,0,40,7011875.0,0.0,7011875,7011875,18700000.0,12200000.0,32100000,8015962
6,63125871,7,0,0,0,0,0,0.0,0.0,0,0,0.0,0.0,0.0,0.110889559,10500000.0,11900000.0,32100000,998434,63100000,10500000.0,11900000.0,32100000,998434,0,0.0,0.0,0,0,0,0,0,0,280,0,0.11088956,0.0,0,0,0.0,0.0,0.0,0,0,0,1,0,0,0,0,0,0.0,0.0,0.0,0,0,0,0,0,0,7,0,0,0,29200,-1,0,40,7014351.0,0.0,7014351,7014351,18700000.0,12200000.0,32100000,8015712
6,3005400,8,1,1780,0,356,0,222.5,184.2475,0,0,0.0,0.0,592.2672523,2.994609703,375675.0,497387.88,1408004,110,3005400,429342.84,511610.16,1408004,382,0,0.0,0.0,0,0,0,0,0,0,264,40,2.6618752,0.3327344,0,356,178.0,187.62848,35204.445,0,0,0,1,0,0,0,0,0,197.77777,222.5,0.0,0,0,0,0,0,0,8,1780,1,0,29200,28960,5,32,0.0,0.0,0,0,0.0,0.0,0,0
6,96065,1,3,356,1964,356,356,356.0,0.0,1964,0,654.6667,1133.9159,24150.31489,41.63847395,32021.666,28498.69,54798,64,0,0.0,0.0,0,0,54862,27431.0,38702.78,54798,64,1,0,0,0,32,96,10.409618,31.228855,0,1964,535.2,818.3173,669643.2,0,1,0,0,1,1,0,0,3,669.0,356.0,654.6667,0,0,0,0,0,0,1,356,3,1964,229,235,0,32,0.0,0.0,0,0,0.0,0.0,0,0
6,63107823,7,0,0,0,0,0,0.0,0.0,0,0,0.0,0.0,0.0,0.110921272,10500000.0,11900000.0,32100000,996206,63100000,10500000.0,11900000.0,32100000,996206,0,0.0,0.0,0,0,0,0,0,0,280,0,0.11092127,0.0,0,0,0.0,0.0,0.0,0,0,0,1,0,0,0,0,0,0.0,0.0,0.0,0,0,0,0,0,0,7,0,0,0,29200,-1,0,40,7012161.0,0.0,7012161,7012161,18700000.0,12200000.0,32100000,8015669
6,63130061,7,0,0,0,0,0,0.0,0.0,0,0,0.0,0.0,0.0,0.110882199,10500000.0,11900000.0,32100000,998848,63100000,10500000.0,11900000.0,32100000,998848,0,0.0,0.0,0,0,0,0,0,0,280,0,0.1108822,0.0,0,0,0.0,0.0,0.0,0,0,0,1,0,0,0,0,0,0.0,0.0,0.0,0,0,0,0,0,0,7,0,0,0,29200,-1,0,40,7010696.0,0.0,7010696,7010696,18700000.0,12200000.0,32100000,8024016
6,63129322,7,0,0,0,0,0,0.0,0.0,0,0,0.0,0.0,0.0,0.110883497,10500000.0,11900000.0,32100000,998105,63100000,10500000.0,11900000.0,32100000,998105,0,0.0,0.0,0,0,0,0,0,0,280,0,0.1108835,0.0,0,0,0.0,0.0,0.0,0,0,0,1,0,0,0,0,0,0.0,0.0,0.0,0,0,0,0,0,0,7,0,0,0,29200,-1,0,40,7010059.0,0.0,7010059,7010059,18700000.0,12200000.0,32100000,8023730
6,107678696,18,2,5210,0,520,0,289.44446,265.25177,0,0,0.0,0.0,48.38468698,0.185737762,5667300.0,10100000.0,41300000,82,108000000,6334041.0,10500000.0,41300000,417,31500000,31500000.0,0.0,31500000,31500000,0,0,0,0,616,80,0.16716398,0.018573776,0,520,248.09525,265.6618,70576.19,0,0,0,1,0,0,0,0,0,260.5,289.44446,0.0,0,0,0,0,0,0,18,5210,2,0,29200,28960,11,32,4476917.5,3888377.0,7014566,332,10600000.0,5878133.5,19900000,5795661
6,63124892,7,0,0,0,0,0,0.0,0.0,0,0,0.0,0.0,0.0,0.110891279,10500000.0,11900000.0,32100000,997235,63100000,10500000.0,11900000.0,32100000,997235,0,0.0,0.0,0,0,0,0,0,0,280,0,0.11089128,0.0,0,0,0.0,0.0,0.0,0,0,0,1,0,0,0,0,0,0.0,0.0,0.0,0,0,0,0,0,0,7,0,0,0,29200,-1,0,40,7013379.0,0.0,7013379,7013379,18700000.0,12200000.0,32100000,8015955
6,282153,1,3,0,1983,0,0,0.0,0.0,1983,0,661.0,1144.8856,7028.101775,14.17670555,94051.0,128696.59,240720,5,0,0.0,0.0,0,0,240725,120362.5,170211.2,240720,5,0,0,0,0,32,96,3.5441763,10.632529,0,1983,396.6,886.8246,786457.8,0,0,0,0,1,1,0,0,3,495.75,0.0,661.0,0,0,0,0,0,0,1,0,3,1983,229,235,0,32,0.0,0.0,0,0,0.0,0.0,0,0
6,63154703,7,0,0,0,0,0,0.0,0.0,0,0,0.0,0.0,0.0,0.110838935,10500000.0,11900000.0,32100000,999249,63200000,10500000.0,11900000.0,32100000,999249,0,0.0,0.0,0,0,0,0,0,0,280,0,0.110838935,0.0,0,0,0.0,0.0,0.0,0,0,0,1,0,0,0,0,0,0.0,0.0,0.0,0,0,0,0,0,0,7,0,0,0,29200,-1,0,40,7011162.0,0.0,7011162,7011162,18700000.0,12300000.0,32100000,8015741
6,109530635,4,3,371,0,351,0,92.75,172.42462,0,0,0.0,0.0,3.387180217,0.063909061,18300000.0,44700000.0,110000000,57,110000000,36500000.0,63200000.0,110000000,606,110000000,54800000.0,77400000.0,110000000,5221,0,0,0,0,136,104,0.036519464,0.027389597,0,351,46.375,123.28589,15199.411,0,0,0,1,0,0,0,0,0,53.0,92.75,0.0,0,0,0,0,0,0,4,371,3,0,29200,235,2,32,5313.0,0.0,5313,5313,110000000.0,0.0,110000000,110000000
6,63084470,7,0,0,0,0,0,0.0,0.0,0,0,0.0,0.0,0.0,0.110962334,10500000.0,11900000.0,32000000,996791,63100000,10500000.0,11900000.0,32000000,996791,0,0.0,0.0,0,0,0,0,0,0,280,0,0.11096233,0.0,0,0,0.0,0.0,0.0,0,0,0,1,0,0,0,0,0,0.0,0.0,0.0,0,0,0,0,0,0,7,0,0,0,29200,-1,0,40,7004764.0,0.0,7004764,7004764,18700000.0,12200000.0,32000000,8015927
6,63135605,7,0,0,0,0,0,0.0,0.0,0,0,0.0,0.0,0.0,0.110872463,10500000.0,11900000.0,32100000,996045,63100000,10500000.0,11900000.0,32100000,996045,0,0.0,0.0,0,0,0,0,0,0,280,0,0.11087246,0.0,0,0,0.0,0.0,0.0,0,0,0,1,0,0,0,0,0,0.0,0.0,0.0,0,0,0,0,0,0,7,0,0,0,29200,-1,0,40,7007993.0,0.0,7007993,7007993,18700000.0,12200000.0,32100000,8015832
6,109983046,4,3,526,0,520,0,131.5,259.01544,0,0,0.0,0.0,4.782555304,0.063646173,18300000.0,44900000.0,110000000,56,110000000,36700000.0,63500000.0,110000000,640,110000000,55000000.0,77800000.0,110000000,5250,0,0,0,0,136,104,0.03636924,0.027276931,0,520,65.75,183.55673,33693.07,0,0,0,1,0,0,0,0,0,75.14286,131.5,0.0,0,0,0,0,0,0,4,526,3,0,29200,235,2,32,5306.0,0.0,5306,5306,110000000.0,0.0,110000000,110000000
6,63161754,7,0,0,0,0,0,0.0,0.0,0,0,0.0,0.0,0.0,0.110826561,10500000.0,11900000.0,32100000,998379,63200000,10500000.0,11900000.0,32100000,998379,0,0.0,0.0,0,0,0,0,0,0,280,0,0.11082656,0.0,0,0,0.0,0.0,0.0,0,0,0,1,0,0,0,0,0,0.0,0.0,0.0,0,0,0,0,0,0,7,0,0,0,29200,-1,0,40,7010323.0,0.0,7010323,7010323,18700000.0,12300000.0,32100000,8023904
6,63132614,7,0,0,0,0,0,0.0,0.0,0,0,0.0,0.0,0.0,0.110877715,10500000.0,11900000.0,32100000,997368,63100000,10500000.0,11900000.0,32100000,997368,0,0.0,0.0,0,0,0,0,0,0,280,0,0.110877715,0.0,0,0,0.0,0.0,0.0,0,0,0,1,0,0,0,0,0,0.0,0.0,0.0,0,0,0,0,0,0,7,0,0,0,29200,-1,0,40,7005312.0,0.0,7005312,7005312,18700000.0,12200000.0,32100000,8015940
6,20996674,2,1,11,0,11,0,5.5,7.7781744,0,0,0.0,0.0,0.523892498,0.142879772,10500000.0,14800000.0,21000000,42,21000000,21000000.0,0.0,21000000,21000000,0,0.0,0.0,0,0,1,0,0,0,64,32,0.095253184,0.047626592,0,11,5.5,6.350853,40.333332,0,1,0,0,1,0,0,0,0,7.3333335,5.5,0.0,0,0,0,0,0,0,2,11,1,0,229,235,0,32,0.0,0.0,0,0,0.0,0.0,0,0
6,63119032,7,0,0,0,0,0,0.0,0.0,0,0,0.0,0.0,0.0,0.110901574,10500000.0,11900000.0,32100000,999447,63100000,10500000.0,11900000.0,32100000,999447,0,0.0,0.0,0,0,0,0,0,0,280,0,0.11090157,0.0,0,0,0.0,0.0,0.0,0,0,0,1,0,0,0,0,0,0.0,0.0,0.0,0,0,0,0,0,0,7,0,0,0,29200,-1,0,40,7007484.0,0.0,7007484,7007484,18700000.0,12200000.0,32100000,8015948
6,63099857,7,0,0,0,0,0,0.0,0.0,0,0,0.0,0.0,0.0,0.110935275,10500000.0,11900000.0,32100000,996459,63100000,10500000.0,11900000.0,32100000,996459,0,0.0,0.0,0,0,0,0,0,0,280,0,0.11093528,0.0,0,0,0.0,0.0,0.0,0,0,0,1,0,0,0,0,0,0.0,0.0,0.0,0,0,0,0,0,0,7,0,0,0,29200,-1,0,40,7004394.0,0.0,7004394,7004394,18700000.0,12200000.0,32100000,8015711
6,63106110,7,0,0,0,0,0,0.0,0.0,0,0,0.0,0.0,0.0,0.110924283,10500000.0,11900000.0,32100000,998523,63100000,10500000.0,11900000.0,32100000,998523,0,0.0,0.0,0,0,0,0,0,0,280,0,0.11092428,0.0,0,0,0.0,0.0,0.0,0,0,0,1,0,0,0,0,0,0.0,0.0,0.0,0,0,0,0,0,0,7,0,0,0,29200,-1,0,40,7010462.0,0.0,7010462,7010462,18700000.0,12200000.0,32100000,8015932
6,2999729,8,1,1780,0,356,0,222.5,184.2475,0,0,0.0,0.0,593.386936,3.000271024,374966.12,488025.25,1370354,4,2999729,428532.72,501081.38,1370354,4,0,0.0,0.0,0,0,0,0,0,0,264,40,2.6669075,0.33336344,0,356,178.0,187.62848,35204.445,0,0,0,1,0,0,0,0,0,197.77777,222.5,0.0,0,0,0,0,0,0,8,1780,1,0,29200,28960,5,32,0.0,0.0,0,0,0.0,0.0,0,0
6,59175,1,4,0,1983,0,0,0.0,0.0,1448,0,495.75,683.0951,33510.77313,84.49514153,14793.75,20419.57,43324,1,0,0.0,0.0,0,0,15851,5283.6665,9098.8,15790,1,0,0,0,0,32,128,16.899029,67.596115,0,1448,330.5,587.80054,345509.5,0,0,0,0,1,1,0,0,4,396.6,0.0,495.75,0,0,0,0,0,0,1,0,4,1983,229,235,0,32,0.0,0.0,0,0,0.0,0.0,0,0
6,20998813,2,1,10,0,10,0,5.0,7.071068,0,0,0.0,0.0,0.476217394,0.142865218,10500000.0,14800000.0,21000000,53,21000000,21000000.0,0.0,21000000,21000000,0,0.0,0.0,0,0,1,0,0,0,64,32,0.09524348,0.04762174,0,10,5.0,5.773503,33.333332,0,1,0,0,1,0,0,0,0,6.6666665,5.0,0.0,0,0,0,0,0,0,2,10,1,0,229,235,0,32,0.0,0.0,0,0,0.0,0.0,0,0
6,63092166,7,0,0,0,0,0,0.0,0.0,0,0,0.0,0.0,0.0,0.110948798,10500000.0,11900000.0,32000000,996340,63100000,10500000.0,11900000.0,32000000,996340,0,0.0,0.0,0,0,0,0,0,0,280,0,0.1109488,0.0,0,0,0.0,0.0,0.0,0,0,0,1,0,0,0,0,0,0.0,0.0,0.0,0,0,0,0,0,0,7,0,0,0,29200,-1,0,40,7012188.0,0.0,7012188,7012188,18700000.0,12200000.0,32000000,8016083
6,111410966,5,3,533,0,520,0,106.6,231.16617,0,0,0.0,0.0,4.784089207,0.071806217,15900000.0,41500000.0,110000000,11,111000000,27900000.0,54700000.0,110000000,648,110000000,55000000.0,77700000.0,110000000,5327,0,0,0,0,168,104,0.044878885,0.026927331,0,520,59.22222,172.84514,29875.445,0,0,0,1,0,0,0,0,0,66.625,106.6,0.0,0,0,0,0,0,0,5,533,3,0,29200,235,2,32,5436.0,0.0,5436,5436,110000000.0,0.0,110000000,110000000
6,105610673,5,3,535,0,520,0,107.0,230.96536,0,0,0.0,0.0,5.06577588,0.07574992,15100000.0,39500000.0,105000000,46,106000000,26400000.0,52100000.0,105000000,510,105000000,52300000.0,74000000.0,105000000,1117,0,0,0,0,176,104,0.0473437,0.02840622,0,520,59.444443,172.77957,29852.777,0,0,0,1,0,0,0,0,0,66.875,107.0,0.0,0,0,0,0,0,0,5,535,3,0,29200,235,2,32,998066.0,0.0,998066,998066,105000000.0,0.0,105000000,105000000
6,106653916,4,3,529,0,520,0,132.25,258.53482,0,0,0.0,0.0,4.959967902,0.065632846,17800000.0,43500000.0,107000000,76,107000000,35600000.0,61600000.0,107000000,624,107000000,53300000.0,75400000.0,107000000,5292,0,0,0,0,136,104,0.037504483,0.028128361,0,520,66.125,183.42023,33642.98,0,0,0,1,0,0,0,0,0,75.57143,132.25,0.0,0,0,0,0,0,0,4,529,3,0,29200,235,2,32,5398.0,0.0,5398,5398,107000000.0,0.0,107000000,107000000
6,2891,1,2,356,1964,356,356,356.0,0.0,1964,0,982.0,1388.7577,802490.4877,1037.703217,1445.5,1956.5645,2829,62,0,0.0,0.0,0,0,62,62.0,0.0,62,62,1,0,0,0,32,64,345.90106,691.8021,0,1964,669.0,879.49304,773508.0,0,1,0,0,1,1,0,0,2,892.0,356.0,982.0,0,0,0,0,0,0,1,356,2,1964,229,235,0,32,0.0,0.0,0,0,0.0,0.0,0,0
6,63110954,7,0,0,0,0,0,0.0,0.0,0,0,0.0,0.0,0.0,0.110915769,10500000.0,11900000.0,32100000,999255,63100000,10500000.0,11900000.0,32100000,999255,0,0.0,0.0,0,0,0,0,0,0,280,0,0.11091577,0.0,0,0,0.0,0.0,0.0,0,0,0,1,0,0,0,0,0,0.0,0.0,0.0,0,0,0,0,0,0,7,0,0,0,29200,-1,0,40,7015184.0,0.0,7015184,7015184,18700000.0,12200000.0,32100000,8015923
6,63119791,7,0,0,0,0,0,0.0,0.0,0,0,0.0,0.0,0.0,0.11090024,10500000.0,11900000.0,32100000,996162,63100000,10500000.0,11900000.0,32100000,996162,0,0.0,0.0,0,0,0,0,0,0,280,0,0.11090024,0.0,0,0,0.0,0.0,0.0,0,0,0,1,0,0,0,0,0,0.0,0.0,0.0,0,0,0,0,0,0,7,0,0,0,29200,-1,0,40,7008086.0,0.0,7008086,7008086,18700000.0,12200000.0,32100000,8015680
6,63080882,7,0,0,0,0,0,0.0,0.0,0,0,0.0,0.0,0.0,0.110968645,10500000.0,11900000.0,32000000,997037,63100000,10500000.0,11900000.0,32000000,997037,0,0.0,0.0,0,0,0,0,0,0,280,0,0.11096864,0.0,0,0,0.0,0.0,0.0,0,0,0,1,0,0,0,0,0,0.0,0.0,0.0,0,0,0,0,0,0,7,0,0,0,29200,-1,0,40,7008948.0,0.0,7008948,7008948,18700000.0,12200000.0,32000000,8007738
6,63091930,7,0,0,0,0,0,0.0,0.0,0,0,0.0,0.0,0.0,0.110949213,10500000.0,11900000.0,32000000,996368,63100000,10500000.0,11900000.0,32000000,996368,0,0.0,0.0,0,0,0,0,0,0,280,0,0.11094921,0.0,0,0,0.0,0.0,0.0,0,0,0,1,0,0,0,0,0,0.0,0.0,0.0,0,0,0,0,0,0,7,0,0,0,29200,-1,0,40,7012298.0,0.0,7012298,7012298,18700000.0,12200000.0,32000000,8015938
6,119698901,18,3,5720,6,520,0,317.77777,260.8483,6,0,2.0,3.4641016,47.83669651,0.175440207,5984945.0,12100000.0,52400000,93,120000000,7041105.0,12900000.0,52400000,407,105000000,52300000.0,29500000.0,73200000,31500000,0,0,0,0,616,100,0.15037732,0.025062887,0,520,260.27274,265.8423,70672.11,0,0,0,1,0,0,0,0,0,272.66666,317.77777,2.0,0,0,0,0,0,0,18,5720,3,6,29200,0,11,32,4518754.5,3920053.0,7011910,335,17700000.0,17900000.0,52400000,5302931
6,109234319,4,3,359,0,351,0,89.75,174.20749,0,0,0.0,0.0,3.286512914,0.064082424,18200000.0,44600000.0,109000000,48,109000000,36400000.0,63100000.0,109000000,602,109000000,54600000.0,77200000.0,109000000,5263,0,0,0,0,136,104,0.036618527,0.027463896,0,351,44.875,123.72485,15307.839,0,0,0,1,0,0,0,0,0,51.285713,89.75,0.0,0,0,0,0,0,0,4,359,3,0,29200,235,2,32,5311.0,0.0,5311,5311,109000000.0,0.0,109000000,109000000
6,63128644,7,0,0,0,0,0,0.0,0.0,0,0,0.0,0.0,0.0,0.110884688,10500000.0,11900000.0,32100000,997223,63100000,10500000.0,11900000.0,32100000,997223,0,0.0,0.0,0,0,0,0,0,0,280,0,0.11088469,0.0,0,0,0.0,0.0,0.0,0,0,0,1,0,0,0,0,0,0.0,0.0,0.0,0,0,0,0,0,0,7,0,0,0,29200,-1,0,40,7009163.0,0.0,7009163,7009163,18700000.0,12200000.0,32100000,8023953
6,63113635,7,0,0,0,0,0,0.0,0.0,0,0,0.0,0.0,0.0,0.110911057,10500000.0,11900000.0,32100000,998301,63100000,10500000.0,11900000.0,32100000,998301,0,0.0,0.0,0,0,0,0,0,0,280,0,0.11091106,0.0,0,0,0.0,0.0,0.0,0,0,0,1,0,0,0,0,0,0.0,0.0,0.0,0,0,0,0,0,0,7,0,0,0,29200,-1,0,40,7010214.0,0.0,7010214,7010214,18700000.0,12200000.0,32100000,8007956
6,63093297,7,0,0,0,0,0,0.0,0.0,0,0,0.0,0.0,0.0,0.110946809,10500000.0,11900000.0,32000000,997519,63100000,10500000.0,11900000.0,32000000,997519,0,0.0,0.0,0,0,0,0,0,0,280,0,0.11094681,0.0,0,0,0.0,0.0,0.0,0,0,0,1,0,0,0,0,0,0.0,0.0,0.0,0,0,0,0,0,0,7,0,0,0,29200,-1,0,40,7013429.0,0.0,7013429,7013429,18700000.0,12200000.0,32000000,8015989
6,63146177,7,0,0,0,0,0,0.0,0.0,0,0,0.0,0.0,0.0,0.1108539,10500000.0,11900000.0,32100000,998663,63100000,10500000.0,11900000.0,32100000,998663,0,0.0,0.0,0,0,0,0,0,0,280,0,0.1108539,0.0,0,0,0.0,0.0,0.0,0,0,0,1,0,0,0,0,0,0.0,0.0,0.0,0,0,0,0,0,0,7,0,0,0,29200,-1,0,40,7010745.0,0.0,7010745,7010745,18700000.0,12300000.0,32100000,8007953
6,20997318,2,1,18,0,18,0,9.0,12.727922,0,0,0.0,0.0,0.857252341,0.14287539,10500000.0,14800000.0,21000000,65,21000000,21000000.0,0.0,21000000,21000000,0,0.0,0.0,0,0,1,0,0,0,64,32,0.09525026,0.04762513,0,18,9.0,10.392304,108.0,0,1,0,0,1,0,0,0,0,12.0,9.0,0.0,0,0,0,0,0,0,2,18,1,0,229,235,0,32,0.0,0.0,0,0,0.0,0.0,0,0
6,119697614,18,3,5720,6,520,0,317.77777,260.8483,6,0,2.0,3.4641016,47.83721086,0.175442094,5984880.5,12100000.0,52400000,82,120000000,7041031.5,12900000.0,52400000,669,105000000,52300000.0,29500000.0,73200000,31500000,0,0,0,0,616,100,0.15037894,0.025063155,0,520,260.27274,265.8423,70672.11,0,0,0,1,0,0,0,0,0,272.66666,317.77777,2.0,0,0,0,0,0,0,18,5720,3,6,29200,0,11,32,4518369.5,3919617.2,7010709,414,17700000.0,17900000.0,52400000,5302971
6,63135934,7,0,0,0,0,0,0.0,0.0,0,0,0.0,0.0,0.0,0.110871885,10500000.0,11900000.0,32100000,996575,63100000,10500000.0,11900000.0,32100000,996575,0,0.0,0.0,0,0,0,0,0,0,280,0,0.11087189,0.0,0,0,0.0,0.0,0.0,0,0,0,1,0,0,0,0,0,0.0,0.0,0.0,0,0,0,0,0,0,7,0,0,0,29200,-1,0,40,7008426.0,0.0,7008426,7008426,18700000.0,12200000.0,32100000,8016016
6,63113897,7,0,0,0,0,0,0.0,0.0,0,0,0.0,0.0,0.0,0.110910597,10500000.0,11900000.0,32100000,998258,63100000,10500000.0,11900000.0,32100000,998258,0,0.0,0.0,0,0,0,0,0,0,280,0,0.110910594,0.0,0,0,0.0,0.0,0.0,0,0,0,1,0,0,0,0,0,0.0,0.0,0.0,0,0,0,0,0,0,7,0,0,0,29200,-1,0,40,7010142.0,0.0,7010142,7010142,18700000.0,12200000.0,32100000,8007992
6,63110996,7,0,0,0,0,0,0.0,0.0,0,0,0.0,0.0,0.0,0.110915695,10500000.0,11900000.0,32100000,999437,63100000,10500000.0,11900000.0,32100000,999437,0,0.0,0.0,0,0,0,0,0,0,280,0,0.1109157,0.0,0,0,0.0,0.0,0.0,0,0,0,1,0,0,0,0,0,0.0,0.0,0.0,0,0,0,0,0,0,7,0,0,0,29200,-1,0,40,7015396.0,0.0,7015396,7015396,18700000.0,12200000.0,32100000,8015920
6,9,1,1,1983,0,1983,1983,1983.0,0.0,0,0,0.0,0.0,220000000.0,222222.2222,9.0,0.0,9,9,0,0.0,0.0,0,0,0,0.0,0.0,0,0,1,0,0,0,32,32,111111.11,111111.11,0,1983,1322.0,1144.8856,1310763.0,0,1,0,0,1,0,0,0,1,1983.0,1983.0,0.0,0,0,0,0,0,0,1,1983,1,0,235,235,0,32,0.0,0.0,0,0,0.0,0.0,0,0
6,63130258,7,0,0,0,0,0,0.0,0.0,0,0,0.0,0.0,0.0,0.110881853,10500000.0,11900000.0,32100000,998808,63100000,10500000.0,11900000.0,32100000,998808,0,0.0,0.0,0,0,0,0,0,0,280,0,0.11088185,0.0,0,0,0.0,0.0,0.0,0,0,0,1,0,0,0,0,0,0.0,0.0,0.0,0,0,0,0,0,0,7,0,0,0,29200,-1,0,40,7010749.0,0.0,7010749,7010749,18700000.0,12200000.0,32100000,8023842
6,63107379,7,0,0,0,0,0,0.0,0.0,0,0,0.0,0.0,0.0,0.110922052,10500000.0,11900000.0,32100000,999672,63100000,10500000.0,11900000.0,32100000,999672,0,0.0,0.0,0,0,0,0,0,0,280,0,0.11092205,0.0,0,0,0.0,0.0,0.0,0,0,0,1,0,0,0,0,0,0.0,0.0,0.0,0,0,0,0,0,0,7,0,0,0,29200,-1,0,40,7011605.0,0.0,7011605,7011605,18700000.0,12200000.0,32100000,8015916
6,63140685,7,0,0,0,0,0,0.0,0.0,0,0,0.0,0.0,0.0,0.110863542,10500000.0,11900000.0,32100000,997361,63100000,10500000.0,11900000.0,32100000,997361,0,0.0,0.0,0,0,0,0,0,0,280,0,0.110863544,0.0,0,0,0.0,0.0,0.0,0,0,0,1,0,0,0,0,0,0.0,0.0,0.0,0,0,0,0,0,0,7,0,0,0,29200,-1,0,40,7013293.0,0.0,7013293,7013293,18700000.0,12200000.0,32100000,8015913
6,63137024,7,0,0,0,0,0,0.0,0.0,0,0,0.0,0.0,0.0,0.110869971,10500000.0,11900000.0,32100000,997649,63100000,10500000.0,11900000.0,32100000,997649,0,0.0,0.0,0,0,0,0,0,0,280,0,0.110869974,0.0,0,0,0.0,0.0,0.0,0,0,0,1,0,0,0,0,0,0.0,0.0,0.0,0,0,0,0,0,0,7,0,0,0,29200,-1,0,40,7009663.0,0.0,7009663,7009663,18700000.0,12200000.0,32100000,8015845
6,63107215,7,0,0,0,0,0,0.0,0.0,0,0,0.0,0.0,0.0,0.110922341,10500000.0,11900000.0,32100000,999716,63100000,10500000.0,11900000.0,32100000,999716,0,0.0,0.0,0,0,0,0,0,0,280,0,0.110922344,0.0,0,0,0.0,0.0,0.0,0,0,0,1,0,0,0,0,0,0.0,0.0,0.0,0,0,0,0,0,0,7,0,0,0,29200,-1,0,40,7011618.0,0.0,7011618,7011618,18700000.0,12200000.0,32100000,8015993
6,63136408,7,0,0,0,0,0,0.0,0.0,0,0,0.0,0.0,0.0,0.110871052,10500000.0,11900000.0,32100000,997008,63100000,10500000.0,11900000.0,32100000,997008,0,0.0,0.0,0,0,0,0,0,0,280,0,0.110871054,0.0,0,0,0.0,0.0,0.0,0,0,0,1,0,0,0,0,0,0.0,0.0,0.0,0,0,0,0,0,0,7,0,0,0,29200,-1,0,40,7008770.0,0.0,7008770,7008770,18700000.0,12200000.0,32100000,8016123
6,63,1,2,1448,535,1448,1448,1448.0,0.0,535,0,267.5,378.30212,31500000.0,47619.04762,31.5,41.7193,61,2,0,0.0,0.0,0,0,2,2.0,0.0,2,2,0,0,0,0,32,64,15873.016,31746.031,0,1448,857.75,715.70306,512230.9,0,0,0,0,1,0,0,0,2,1143.6666,1448.0,267.5,0,0,0,0,0,0,1,1448,2,535,235,235,0,32,0.0,0.0,0,0,0.0,0.0,0,0
6,63127238,7,0,0,0,0,0,0.0,0.0,0,0,0.0,0.0,0.0,0.110887158,10500000.0,11900000.0,32100000,999527,63100000,10500000.0,11900000.0,32100000,999527,0,0.0,0.0,0,0,0,0,0,0,280,0,0.110887155,0.0,0,0,0.0,0.0,0.0,0,0,0,1,0,0,0,0,0,0.0,0.0,0.0,0,0,0,0,0,0,7,0,0,0,29200,-1,0,40,7015597.0,0.0,7015597,7015597,18700000.0,12200000.0,32100000,8015916
6,63108776,7,0,0,0,0,0,0.0,0.0,0,0,0.0,0.0,0.0,0.110919597,10500000.0,11900000.0,32100000,997204,63100000,10500000.0,11900000.0,32100000,997204,0,0.0,0.0,0,0,0,0,0,0,280,0,0.110919595,0.0,0,0,0.0,0.0,0.0,0,0,0,1,0,0,0,0,0,0.0,0.0,0.0,0,0,0,0,0,0,7,0,0,0,29200,-1,0,40,7012953.0,0.0,7012953,7012953,18700000.0,12200000.0,32100000,8016048
6,63143825,7,0,0,0,0,0,0.0,0.0,0,0,0.0,0.0,0.0,0.110858029,10500000.0,11900000.0,32100000,996433,63100000,10500000.0,11900000.0,32100000,996433,0,0.0,0.0,0,0,0,0,0,0,280,0,0.11085803,0.0,0,0,0.0,0.0,0.0,0,0,0,1,0,0,0,0,0,0.0,0.0,0.0,0,0,0,0,0,0,7,0,0,0,29200,-1,0,40,7008459.0,0.0,7008459,7008459,18700000.0,12300000.0,32100000,8007954
6,63142665,7,0,0,0,0,0,0.0,0.0,0,0,0.0,0.0,0.0,0.110860066,10500000.0,11900000.0,32100000,999435,63100000,10500000.0,11900000.0,32100000,999435,0,0.0,0.0,0,0,0,0,0,0,280,0,0.110860065,0.0,0,0,0.0,0.0,0.0,0,0,0,1,0,0,0,0,0,0.0,0.0,0.0,0,0,0,0,0,0,7,0,0,0,29200,-1,0,40,7015374.0,0.0,7015374,7015374,18700000.0,12200000.0,32100000,8015930
6,63,1,2,1448,535,1448,1448,1448.0,0.0,535,0,267.5,378.30212,31500000.0,47619.04762,31.5,43.133514,62,1,0,0.0,0.0,0,0,1,1.0,0.0,1,1,0,0,0,0,32,64,15873.016,31746.031,0,1448,857.75,715.70306,512230.9,0,0,0,0,1,0,0,0,2,1143.6666,1448.0,267.5,0,0,0,0,0,0,1,1448,2,535,235,235,0,32,0.0,0.0,0,0,0.0,0.0,0,0
6,2999998,8,1,1780,0,356,0,222.5,184.2475,0,0,0.0,0.0,593.3337289,3.000002,374999.75,487959.84,1370198,8,2999998,428571.16,501002.28,1370198,8,0,0.0,0.0,0,0,0,0,0,0,264,40,2.6666684,0.33333355,0,356,178.0,187.62848,35204.445,0,0,0,1,0,0,0,0,0,197.77777,222.5,0.0,0,0,0,0,0,0,8,1780,1,0,29200,28960,5,32,0.0,0.0,0,0,0.0,0.0,0,0
6,63114276,7,0,0,0,0,0,0.0,0.0,0,0,0.0,0.0,0.0,0.110909931,10500000.0,11900000.0,32100000,998942,63100000,10500000.0,11900000.0,32100000,998942,0,0.0,0.0,0,0,0,0,0,0,280,0,0.11090993,0.0,0,0,0.0,0.0,0.0,0,0,0,1,0,0,0,0,0,0.0,0.0,0.0,0,0,0,0,0,0,7,0,0,0,29200,-1,0,40,7010673.0,0.0,7010673,7010673,18700000.0,12200000.0,32100000,8008182
6,63140129,7,0,0,0,0,0,0.0,0.0,0,0,0.0,0.0,0.0,0.110864519,10500000.0,11900000.0,32100000,996634,63100000,10500000.0,11900000.0,32100000,996634,0,0.0,0.0,0,0,0,0,0,0,280,0,0.11086452,0.0,0,0,0.0,0.0,0.0,0,0,0,1,0,0,0,0,0,0.0,0.0,0.0,0,0,0,0,0,0,7,0,0,0,29200,-1,0,40,7012553.0,0.0,7012553,7012553,18700000.0,12200000.0,32100000,8015930
6,63104473,7,0,0,0,0,0,0.0,0.0,0,0,0.0,0.0,0.0,0.11092716,10500000.0,11900000.0,32100000,996755,63100000,10500000.0,11900000.0,32100000,996755,0,0.0,0.0,0,0,0,0,0,0,280,0,0.11092716,0.0,0,0,0.0,0.0,0.0,0,0,0,1,0,0,0,0,0,0.0,0.0,0.0,0,0,0,0,0,0,7,0,0,0,29200,-1,0,40,7008711.0,0.0,7008711,7008711,18700000.0,12200000.0,32100000,8015917
6,63129970,7,0,0,0,0,0,0.0,0.0,0,0,0.0,0.0,0.0,0.110882359,10500000.0,11900000.0,32100000,998365,63100000,10500000.0,11900000.0,32100000,998365,0,0.0,0.0,0,0,0,0,0,0,280,0,0.11088236,0.0,0,0,0.0,0.0,0.0,0,0,0,1,0,0,0,0,0,0.0,0.0,0.0,0,0,0,0,0,0,7,0,0,0,29200,-1,0,40,7010475.0,0.0,7010475,7010475,18700000.0,12200000.0,32100000,8023940
6,63137798,7,0,0,0,0,0,0.0,0.0,0,0,0.0,0.0,0.0,0.110868612,10500000.0,11900000.0,32100000,998410,63100000,10500000.0,11900000.0,32100000,998410,0,0.0,0.0,0,0,0,0,0,0,280,0,0.11086861,0.0,0,0,0.0,0.0,0.0,0,0,0,1,0,0,0,0,0,0.0,0.0,0.0,0,0,0,0,0,0,7,0,0,0,29200,-1,0,40,7010380.0,0.0,7010380,7010380,18700000.0,12200000.0,32100000,8015982
6,63133182,7,0,0,0,0,0,0.0,0.0,0,0,0.0,0.0,0.0,0.110876718,10500000.0,11900000.0,32100000,997541,63100000,10500000.0,11900000.0,32100000,997541,0,0.0,0.0,0,0,0,0,0,0,280,0,0.11087672,0.0,0,0,0.0,0.0,0.0,0,0,0,1,0,0,0,0,0,0.0,0.0,0.0,0,0,0,0,0,0,7,0,0,0,29200,-1,0,40,7005614.0,0.0,7005614,7005614,18700000.0,12200000.0,32100000,8015636
6,63138682,7,0,0,0,0,0,0.0,0.0,0,0,0.0,0.0,0.0,0.110867059,10500000.0,11900000.0,32100000,999363,63100000,10500000.0,11900000.0,32100000,999363,0,0.0,0.0,0,0,0,0,0,0,280,0,0.11086706,0.0,0,0,0.0,0.0,0.0,0,0,0,1,0,0,0,0,0,0.0,0.0,0.0,0,0,0,0,0,0,7,0,0,0,29200,-1,0,40,7011310.0,0.0,7011310,7011310,18700000.0,12200000.0,32100000,8015924
6,3275992,2,0,712,0,356,356,356.0,0.0,0,0,0.0,0.0,217.3387481,0.610502101,3275992.0,0.0,3275992,3275992,3275992,3275992.0,0.0,3275992,3275992,0,0.0,0.0,0,0,1,0,0,0,64,0,0.6105021,0.0,356,356,356.0,0.0,0.0,0,1,0,0,1,1,0,0,0,534.0,356.0,0.0,0,0,0,0,0,0,2,712,0,0,229,-1,1,32,0.0,0.0,0,0,0.0,0.0,0,0
6,105404824,6,3,532,0,520,0,88.666664,211.36383,0,0,0.0,0.0,5.047207327,0.085385086,13200000.0,36100000.0,102000000,48,105000000,21100000.0,45500000.0,102000000,398,102000000,51200000.0,72400000.0,102000000,1038,0,0,0,0,216,104,0.05692339,0.028461695,0,520,53.2,164.06015,26915.732,0,0,0,1,0,0,0,0,0,59.11111,88.666664,0.0,0,0,0,0,0,0,6,532,3,0,29200,235,2,32,3003796.0,0.0,3003796,3003796,102000000.0,0.0,102000000,102000000
6,63158928,7,0,0,0,0,0,0.0,0.0,0,0,0.0,0.0,0.0,0.11083152,10500000.0,11900000.0,32100000,999555,63200000,10500000.0,11900000.0,32100000,999555,0,0.0,0.0,0,0,0,0,0,0,280,0,0.11083152,0.0,0,0,0.0,0.0,0.0,0,0,0,1,0,0,0,0,0,0.0,0.0,0.0,0,0,0,0,0,0,7,0,0,0,29200,-1,0,40,7015323.0,0.0,7015323,7015323,18700000.0,12300000.0,32100000,8016081
6,63079878,7,0,0,0,0,0,0.0,0.0,0,0,0.0,0.0,0.0,0.110970411,10500000.0,11900000.0,32000000,996043,63100000,10500000.0,11900000.0,32000000,996043,0,0.0,0.0,0,0,0,0,0,0,280,0,0.11097041,0.0,0,0,0.0,0.0,0.0,0,0,0,1,0,0,0,0,0,0.0,0.0,0.0,0,0,0,0,0,0,7,0,0,0,29200,-1,0,40,7007941.0,0.0,7007941,7007941,18700000.0,12200000.0,32000000,8007961
6,83428003,18,2,5200,0,520,0,288.8889,265.8812,0,0,0.0,0.0,62.32919179,0.239727661,4390947.5,6081170.0,20800000,99,83400000,4907529.5,6237790.5,20800000,559,31600000,31600000.0,0.0,31600000,31600000,0,0,0,0,624,80,0.2157549,0.023972766,0,520,247.61905,266.11847,70819.05,0,0,0,1,0,0,0,0,0,260.0,288.8889,0.0,0,0,0,0,0,0,18,5200,2,0,29200,28960,10,32,4519182.5,3920213.8,7012974,616,11600000.0,6048185.0,20800000,5403750
6,109759578,4,3,360,0,351,0,90.0,174.05171,0,0,0.0,0.0,3.279895992,0.063775755,18300000.0,44800000.0,110000000,50,110000000,36600000.0,63400000.0,110000000,775,110000000,54900000.0,77600000.0,110000000,5523,0,0,0,0,136,104,0.03644329,0.027332466,0,351,45.0,123.68278,15297.429,0,0,0,1,0,0,0,0,0,51.42857,90.0,0.0,0,0,0,0,0,0,4,360,3,0,29200,235,2,32,5581.0,0.0,5581,5581,110000000.0,0.0,110000000,110000000
6,63144264,7,0,0,0,0,0,0.0,0.0,0,0,0.0,0.0,0.0,0.110857259,10500000.0,11900000.0,32100000,996744,63100000,10500000.0,11900000.0,32100000,996744,0,0.0,0.0,0,0,0,0,0,0,280,0,0.110857256,0.0,0,0,0.0,0.0,0.0,0,0,0,1,0,0,0,0,0,0.0,0.0,0.0,0,0,0,0,0,0,7,0,0,0,29200,-1,0,40,7008684.0,0.0,7008684,7008684,18700000.0,12300000.0,32100000,8007895
6,63142036,7,0,0,0,0,0,0.0,0.0,0,0,0.0,0.0,0.0,0.11086117,10500000.0,11900000.0,32100000,998704,63100000,10500000.0,11900000.0,32100000,998704,0,0.0,0.0,0,0,0,0,0,0,280,0,0.11086117,0.0,0,0,0.0,0.0,0.0,0,0,0,1,0,0,0,0,0,0.0,0.0,0.0,0,0,0,0,0,0,7,0,0,0,29200,-1,0,40,7014651.0,0.0,7014651,7014651,18700000.0,12200000.0,32100000,8015957
6,63127103,7,0,0,0,0,0,0.0,0.0,0,0,0.0,0.0,0.0,0.110887395,10500000.0,11900000.0,32100000,999750,63100000,10500000.0,11900000.0,32100000,999750,0,0.0,0.0,0,0,0,0,0,0,280,0,0.11088739,0.0,0,0,0.0,0.0,0.0,0,0,0,1,0,0,0,0,0,0.0,0.0,0.0,0,0,0,0,0,0,7,0,0,0,29200,-1,0,40,7015638.0,0.0,7015638,7015638,18700000.0,12200000.0,32100000,8015675
6,204004,2,0,0,0,0,0,0.0,0.0,0,0,0.0,0.0,0.0,9.803729339,204004.0,0.0,204004,204004,204004,204004.0,0.0,204004,204004,0,0.0,0.0,0,0,0,0,0,0,64,0,9.803729,0.0,0,0,0.0,0.0,0.0,0,0,0,0,1,1,0,0,0,0.0,0.0,0.0,0,0,0,0,0,0,2,0,0,0,229,-1,0,32,0.0,0.0,0,0,0.0,0.0,0,0
6,63139672,7,0,0,0,0,0,0.0,0.0,0,0,0.0,0.0,0.0,0.110865321,10500000.0,11900000.0,32100000,996292,63100000,10500000.0,11900000.0,32100000,996292,0,0.0,0.0,0,0,0,0,0,0,280,0,0.11086532,0.0,0,0,0.0,0.0,0.0,0,0,0,1,0,0,0,0,0,0.0,0.0,0.0,0,0,0,0,0,0,7,0,0,0,29200,-1,0,40,7012225.0,0.0,7012225,7012225,18700000.0,12200000.0,32100000,8015912
6,48432,1,4,0,1983,0,0,0.0,0.0,1448,0,495.75,683.0951,40944.00396,103.2375289,12108.0,21523.996,44264,2,0,0.0,0.0,0,0,4168,1389.3334,2363.2065,4118,2,0,0,0,0,32,128,20.647507,82.59003,0,1448,330.5,587.80054,345509.5,0,0,0,0,1,1,0,0,4,396.6,0.0,495.75,0,0,0,0,0,0,1,0,4,1983,229,235,0,32,0.0,0.0,0,0,0.0,0.0,0,0
6,63096220,7,0,0,0,0,0,0.0,0.0,0,0,0.0,0.0,0.0,0.11094167,10500000.0,11900000.0,32000000,996611,63100000,10500000.0,11900000.0,32000000,996611,0,0.0,0.0,0,0,0,0,0,0,280,0,0.11094167,0.0,0,0,0.0,0.0,0.0,0,0,0,1,0,0,0,0,0,0.0,0.0,0.0,0,0,0,0,0,0,7,0,0,0,29200,-1,0,40,7008723.0,0.0,7008723,7008723,18700000.0,12200000.0,32000000,8023952
6,63137631,7,0,0,0,0,0,0.0,0.0,0,0,0.0,0.0,0.0,0.110868905,10500000.0,11900000.0,32100000,998105,63100000,10500000.0,11900000.0,32100000,998105,0,0.0,0.0,0,0,0,0,0,0,280,0,0.11086891,0.0,0,0,0.0,0.0,0.0,0,0,0,1,0,0,0,0,0,0.0,0.0,0.0,0,0,0,0,0,0,7,0,0,0,29200,-1,0,40,7010039.0,0.0,7010039,7010039,18700000.0,12200000.0,32100000,8015943
6,109899658,4,3,533,0,520,0,133.25,257.90616,0,0,0.0,0.0,4.849878605,0.063694466,18300000.0,44900000.0,110000000,49,110000000,36600000.0,63400000.0,110000000,622,110000000,54900000.0,77700000.0,110000000,5375,0,0,0,0,136,104,0.03639684,0.027297627,0,520,66.625,183.24763,33579.695,0,0,0,1,0,0,0,0,0,76.14286,133.25,0.0,0,0,0,0,0,0,4,533,3,0,29200,235,2,32,5424.0,0.0,5424,5424,110000000.0,0.0,110000000,110000000
6,63152908,7,0,0,0,0,0,0.0,0.0,0,0,0.0,0.0,0.0,0.110842085,10500000.0,11900000.0,32100000,997668,63200000,10500000.0,11900000.0,32100000,997668,0,0.0,0.0,0,0,0,0,0,0,280,0,0.11084209,0.0,0,0,0.0,0.0,0.0,0,0,0,1,0,0,0,0,0,0.0,0.0,0.0,0,0,0,0,0,0,7,0,0,0,29200,-1,0,40,7009606.0,0.0,7009606,7009606,18700000.0,12300000.0,32100000,8015730
6,3005052,8,1,1780,0,356,0,222.5,184.2475,0,0,0.0,0.0,592.3358398,2.994956493,375631.5,488495.16,1372550,131,3005052,429293.16,501520.5,1372550,230,0,0.0,0.0,0,0,0,0,0,0,264,40,2.6621835,0.33277294,0,356,178.0,187.62848,35204.445,0,0,0,1,0,0,0,0,0,197.77777,222.5,0.0,0,0,0,0,0,0,8,1780,1,0,29200,28960,5,32,0.0,0.0,0,0,0.0,0.0,0,0
6,63137197,7,0,0,0,0,0,0.0,0.0,0,0,0.0,0.0,0.0,0.110869667,10500000.0,11900000.0,32100000,997978,63100000,10500000.0,11900000.0,32100000,997978,0,0.0,0.0,0,0,0,0,0,0,280,0,0.11086967,0.0,0,0,0.0,0.0,0.0,0,0,0,1,0,0,0,0,0,0.0,0.0,0.0,0,0,0,0,0,0,7,0,0,0,29200,-1,0,40,7009950.0,0.0,7009950,7009950,18700000.0,12200000.0,32100000,8015804
6,20999362,2,1,10,0,10,0,5.0,7.071068,0,0,0.0,0.0,0.476204944,0.142861483,10500000.0,14800000.0,21000000,47,21000000,21000000.0,0.0,21000000,21000000,0,0.0,0.0,0,0,1,0,0,0,64,32,0.09524099,0.047620494,0,10,5.0,5.773503,33.333332,0,1,0,0,1,0,0,0,0,6.6666665,5.0,0.0,0,0,0,0,0,0,2,10,1,0,229,235,0,32,0.0,0.0,0,0,0.0,0.0,0,0
6,63114966,7,0,0,0,0,0,0.0,0.0,0,0,0.0,0.0,0.0,0.110908719,10500000.0,11900000.0,32100000,999531,63100000,10500000.0,11900000.0,32100000,999531,0,0.0,0.0,0,0,0,0,0,0,280,0,0.11090872,0.0,0,0,0.0,0.0,0.0,0,0,0,1,0,0,0,0,0,0.0,0.0,0.0,0,0,0,0,0,0,7,0,0,0,29200,-1,0,40,7011444.0,0.0,7011444,7011444,18700000.0,12200000.0,32100000,8007987
6,63142538,7,0,0,0,0,0,0.0,0.0,0,0,0.0,0.0,0.0,0.110860289,10500000.0,11900000.0,32100000,998953,63100000,10500000.0,11900000.0,32100000,998953,0,0.0,0.0,0,0,0,0,0,0,280,0,0.11086029,0.0,0,0,0.0,0.0,0.0,0,0,0,1,0,0,0,0,0,0.0,0.0,0.0,0,0,0,0,0,0,7,0,0,0,29200,-1,0,40,7015105.0,0.0,7015105,7015105,18700000.0,12200000.0,32100000,8015968
6,194783,1,3,0,1983,0,0,0.0,0.0,1983,0,661.0,1144.8856,10180.55991,20.53567303,64927.668,79994.08,154291,5,0,0.0,0.0,0,0,154296,77148.0,109096.68,154291,5,0,0,0,0,32,96,5.1339183,15.401754,0,1983,396.6,886.8246,786457.8,0,0,0,0,1,1,0,0,3,495.75,0.0,661.0,0,0,0,0,0,0,1,0,3,1983,229,235,0,32,0.0,0.0,0,0,0.0,0.0,0,0
6,109712407,4,3,532,0,520,0,133.0,258.062,0,0,0.0,0.0,4.849041367,0.063803176,18300000.0,44800000.0,110000000,86,110000000,36600000.0,63300000.0,110000000,640,110000000,54900000.0,77600000.0,110000000,5271,0,0,0,0,136,104,0.036458958,0.027344218,0,520,66.5,183.28978,33595.145,0,0,0,1,0,0,0,0,0,76.0,133.0,0.0,0,0,0,0,0,0,4,532,3,0,29200,235,2,32,5371.0,0.0,5371,5371,110000000.0,0.0,110000000,110000000
6,20999458,2,1,11,0,11,0,5.5,7.7781744,0,0,0.0,0.0,0.523823043,0.14286083,10500000.0,14800000.0,21000000,79,21000000,21000000.0,0.0,21000000,21000000,0,0.0,0.0,0,0,1,0,0,0,64,32,0.095240556,0.047620278,0,11,5.5,6.350853,40.333332,0,1,0,0,1,0,0,0,0,7.3333335,5.5,0.0,0,0,0,0,0,0,2,11,1,0,229,235,0,32,0.0,0.0,0,0,0.0,0.0,0,0
6,63107809,7,0,0,0,0,0,0.0,0.0,0,0,0.0,0.0,0.0,0.110921297,10500000.0,11900000.0,32100000,996134,63100000,10500000.0,11900000.0,32100000,996134,0,0.0,0.0,0,0,0,0,0,0,280,0,0.11092129,0.0,0,0,0.0,0.0,0.0,0,0,0,1,0,0,0,0,0,0.0,0.0,0.0,0,0,0,0,0,0,7,0,0,0,29200,-1,0,40,7012065.0,0.0,7012065,7012065,18700000.0,12200000.0,32100000,8015953
6,63100795,7,0,0,0,0,0,0.0,0.0,0,0,0.0,0.0,0.0,0.110933626,10500000.0,11900000.0,32100000,997283,63100000,10500000.0,11900000.0,32100000,997283,0,0.0,0.0,0,0,0,0,0,0,280,0,0.110933624,0.0,0,0,0.0,0.0,0.0,0,0,0,1,0,0,0,0,0,0.0,0.0,0.0,0,0,0,0,0,0,7,0,0,0,29200,-1,0,40,7005249.0,0.0,7005249,7005249,18700000.0,12200000.0,32100000,8015951
6,63138779,7,0,0,0,0,0,0.0,0.0,0,0,0.0,0.0,0.0,0.110866889,10500000.0,11900000.0,32100000,999316,63100000,10500000.0,11900000.0,32100000,999316,0,0.0,0.0,0,0,0,0,0,0,280,0,0.11086689,0.0,0,0,0.0,0.0,0.0,0,0,0,1,0,0,0,0,0,0.0,0.0,0.0,0,0,0,0,0,0,7,0,0,0,29200,-1,0,40,7011250.0,0.0,7011250,7011250,18700000.0,12200000.0,32100000,8015914
6,262247,1,3,0,1983,0,0,0.0,0.0,1983,0,661.0,1144.8856,7561.573631,15.25279603,87415.664,115418.98,218247,2,0,0.0,0.0,0,0,218249,109124.5,154322.52,218247,2,0,0,0,0,32,96,3.813199,11.439597,0,1983,396.6,886.8246,786457.8,0,0,0,0,1,1,0,0,3,495.75,0.0,661.0,0,0,0,0,0,0,1,0,3,1983,229,235,0,32,0.0,0.0,0,0,0.0,0.0,0,0
6,63143563,7,0,0,0,0,0,0.0,0.0,0,0,0.0,0.0,0.0,0.110858489,10500000.0,11900000.0,32100000,996043,63100000,10500000.0,11900000.0,32100000,996043,0,0.0,0.0,0,0,0,0,0,0,280,0,0.11085849,0.0,0,0,0.0,0.0,0.0,0,0,0,1,0,0,0,0,0,0.0,0.0,0.0,0,0,0,0,0,0,7,0,0,0,29200,-1,0,40,7007943.0,0.0,7007943,7007943,18700000.0,12300000.0,32100000,8007938
6,3004270,6,1,356,0,356,0,59.333332,145.3364,0,0,0.0,0.0,118.4980045,2.330016943,500711.66,837784.4,2003993,4,3004270,600854.0,895622.5,2003993,4,0,0.0,0.0,0,0,0,0,0,0,216,40,1.9971573,0.33285958,0,356,44.5,125.865005,15842.0,0,0,0,1,0,0,0,0,0,50.857143,59.333332,0.0,0,0,0,0,0,0,6,356,1,0,29200,28960,1,32,0.0,0.0,0,0,0.0,0.0,0,0
6,109369770,4,3,530,0,520,0,132.5,258.37634,0,0,0.0,0.0,4.845946005,0.06400306,18200000.0,44600000.0,109000000,49,109000000,36500000.0,63100000.0,109000000,607,109000000,54700000.0,77300000.0,109000000,5211,0,0,0,0,136,104,0.036573175,0.027429882,0,520,66.25,183.37608,33626.785,0,0,0,1,0,0,0,0,0,75.71429,132.5,0.0,0,0,0,0,0,0,4,530,3,0,29200,235,2,32,5260.0,0.0,5260,5260,109000000.0,0.0,109000000,109000000
6,63117182,7,0,0,0,0,0,0.0,0.0,0,0,0.0,0.0,0.0,0.110904825,10500000.0,11900000.0,32100000,997692,63100000,10500000.0,11900000.0,32100000,997692,0,0.0,0.0,0,0,0,0,0,0,280,0,0.11090483,0.0,0,0,0.0,0.0,0.0,0,0,0,1,0,0,0,0,0,0.0,0.0,0.0,0,0,0,0,0,0,7,0,0,0,29200,-1,0,40,7005396.0,0.0,7005396,7005396,18700000.0,12200000.0,32100000,8016140
6,63152906,7,0,0,0,0,0,0.0,0.0,0,0,0.0,0.0,0.0,0.110842089,10500000.0,11900000.0,32100000,997728,63200000,10500000.0,11900000.0,32100000,997728,0,0.0,0.0,0,0,0,0,0,0,280,0,0.11084209,0.0,0,0,0.0,0.0,0.0,0,0,0,1,0,0,0,0,0,0.0,0.0,0.0,0,0,0,0,0,0,7,0,0,0,29200,-1,0,40,7009686.0,0.0,7009686,7009686,18700000.0,12300000.0,32100000,8015900
6,268706,1,3,0,1983,0,0,0.0,0.0,1983,0,661.0,1144.8856,7379.812881,14.88615811,89568.664,120513.414,226585,4,0,0.0,0.0,0,0,226589,113294.5,160216.97,226585,4,0,0,0,0,32,96,3.7215395,11.1646185,0,1983,396.6,886.8246,786457.8,0,0,0,0,1,1,0,0,3,495.75,0.0,661.0,0,0,0,0,0,0,1,0,3,1983,229,235,0,32,0.0,0.0,0,0,0.0,0.0,0,0
6,63135446,7,0,0,0,0,0,0.0,0.0,0,0,0.0,0.0,0.0,0.110872742,10500000.0,11900000.0,32100000,999731,63100000,10500000.0,11900000.0,32100000,999731,0,0.0,0.0,0,0,0,0,0,0,280,0,0.110872746,0.0,0,0,0.0,0.0,0.0,0,0,0,1,0,0,0,0,0,0.0,0.0,0.0,0,0,0,0,0,0,7,0,0,0,29200,-1,0,40,7007874.0,0.0,7007874,7007874,18700000.0,12200000.0,32100000,8015912
6,63133848,7,0,0,0,0,0,0.0,0.0,0,0,0.0,0.0,0.0,0.110875548,10500000.0,11900000.0,32100000,998357,63100000,10500000.0,11900000.0,32100000,998357,0,0.0,0.0,0,0,0,0,0,0,280,0,0.11087555,0.0,0,0,0.0,0.0,0.0,0,0,0,1,0,0,0,0,0,0.0,0.0,0.0,0,0,0,0,0,0,7,0,0,0,29200,-1,0,40,7006162.0,0.0,7006162,7006162,18700000.0,12200000.0,32100000,8015888
6,108678215,4,3,362,0,351,0,90.5,173.74406,0,0,0.0,0.0,3.330934355,0.064410333,18100000.0,44400000.0,109000000,46,109000000,36200000.0,62700000.0,109000000,704,109000000,54300000.0,76800000.0,109000000,5295,0,0,0,0,136,104,0.036805905,0.027604427,0,351,45.25,123.60161,15277.357,0,0,0,1,0,0,0,0,0,51.714287,90.5,0.0,0,0,0,0,0,0,4,362,3,0,29200,235,2,32,5342.0,0.0,5342,5342,109000000.0,0.0,109000000,109000000
6,63162451,7,0,0,0,0,0,0.0,0.0,0,0,0.0,0.0,0.0,0.110825338,10500000.0,11900000.0,32100000,999092,63200000,10500000.0,11900000.0,32100000,999092,0,0.0,0.0,0,0,0,0,0,0,280,0,0.11082534,0.0,0,0,0.0,0.0,0.0,0,0,0,1,0,0,0,0,0,0.0,0.0,0.0,0,0,0,0,0,0,7,0,0,0,29200,-1,0,40,7010817.0,0.0,7010817,7010817,18700000.0,12300000.0,32100000,8023904
6,63150889,7,0,0,0,0,0,0.0,0.0,0,0,0.0,0.0,0.0,0.110845629,10500000.0,11900000.0,32100000,999254,63200000,10500000.0,11900000.0,32100000,999254,0,0.0,0.0,0,0,0,0,0,0,280,0,0.110845625,0.0,0,0,0.0,0.0,0.0,0,0,0,1,0,0,0,0,0,0.0,0.0,0.0,0,0,0,0,0,0,7,0,0,0,29200,-1,0,40,7007195.0,0.0,7007195,7007195,18700000.0,12300000.0,32100000,8016259
6,109759124,4,3,528,0,520,0,132.0,258.69415,0,0,0.0,0.0,4.81053402,0.063776019,18300000.0,44800000.0,110000000,42,110000000,36600000.0,63400000.0,110000000,624,110000000,54900000.0,77600000.0,110000000,5201,0,0,0,0,136,104,0.03644344,0.02733258,0,520,66.0,183.46506,33659.43,0,0,0,1,0,0,0,0,0,75.42857,132.0,0.0,0,0,0,0,0,0,4,528,3,0,29200,235,2,32,5261.0,0.0,5261,5261,110000000.0,0.0,110000000,110000000
6,103595650,15,3,5720,6,520,0,381.33334,238.0236,6,0,2.0,3.4641016,55.27259108,0.173752469,6093862.0,12900000.0,51300000,33,104000000,7399687.0,13900000.0,51300000,658,103000000,51300000.0,28100000.0,71100000,31500000,0,0,0,0,496,100,0.14479372,0.028958745,0,520,301.3684,263.39667,69377.805,0,0,0,1,0,0,0,0,0,318.1111,381.33334,2.0,0,0,0,0,0,0,15,5720,3,6,29200,0,11,32,3702643.0,5235203.5,7404491,795,19200000.0,18800000.0,51300000,5782975
6,104682393,14,3,5720,6,520,0,408.57144,221.42397,6,0,2.0,3.4641016,54.69878779,0.162395982,6542649.5,13500000.0,52400000,87,105000000,8052483.0,14700000.0,52400000,629,105000000,52300000.0,29300000.0,73100000,31600000,0,0,0,0,456,100,0.13373786,0.028658114,0,520,318.1111,260.4218,67819.516,0,0,0,1,0,0,0,0,0,336.82352,408.57144,2.0,0,0,0,0,0,0,14,5720,3,6,29200,0,11,32,3270019.0,4623727.5,6539488,550,19600000.0,19300000.0,52400000,5467405
6,63082716,7,0,0,0,0,0,0.0,0.0,0,0,0.0,0.0,0.0,0.110965419,10500000.0,11900000.0,32000000,998749,63100000,10500000.0,11900000.0,32000000,998749,0,0.0,0.0,0,0,0,0,0,0,280,0,0.110965416,0.0,0,0,0.0,0.0,0.0,0,0,0,1,0,0,0,0,0,0.0,0.0,0.0,0,0,0,0,0,0,7,0,0,0,29200,-1,0,40,7010658.0,0.0,7010658,7010658,18700000.0,12200000.0,32000000,8007952
6,13103684,2,0,374,0,187,187,187.0,0.0,0,0,0.0,0.0,28.54159181,0.152628833,13100000.0,0.0,13100000,13100000,13100000,13100000.0,0.0,13100000,13100000,0,0.0,0.0,0,0,1,0,0,0,64,0,0.15262884,0.0,187,187,187.0,0.0,0.0,0,1,0,0,1,1,0,0,0,280.5,187.0,0.0,0,0,0,0,0,0,2,374,0,0,229,-1,1,32,0.0,0.0,0,0,0.0,0.0,0,0
6,2999889,8,1,1780,0,356,0,222.5,184.2475,0,0,0.0,0.0,593.3552875,3.000111004,374986.12,487990.66,1370208,4,2999889,428555.56,501039.22,1370208,4,0,0.0,0.0,0,0,0,0,0,0,264,40,2.6667655,0.33334568,0,356,178.0,187.62848,35204.445,0,0,0,1,0,0,0,0,0,197.77777,222.5,0.0,0,0,0,0,0,0,8,1780,1,0,29200,28960,5,32,0.0,0.0,0,0,0.0,0.0,0,0
6,63124087,7,0,0,0,0,0,0.0,0.0,0,0,0.0,0.0,0.0,0.110892693,10500000.0,11900000.0,32100000,996637,63100000,10500000.0,11900000.0,32100000,996637,0,0.0,0.0,0,0,0,0,0,0,280,0,0.11089269,0.0,0,0,0.0,0.0,0.0,0,0,0,1,0,0,0,0,0,0.0,0.0,0.0,0,0,0,0,0,0,7,0,0,0,29200,-1,0,40,7012677.0,0.0,7012677,7012677,18700000.0,12200000.0,32100000,8016047
6,63118677,7,0,0,0,0,0,0.0,0.0,0,0,0.0,0.0,0.0,0.110902198,10500000.0,11900000.0,32100000,999342,63100000,10500000.0,11900000.0,32100000,999342,0,0.0,0.0,0,0,0,0,0,0,280,0,0.1109022,0.0,0,0,0.0,0.0,0.0,0,0,0,1,0,0,0,0,0,0.0,0.0,0.0,0,0,0,0,0,0,7,0,0,0,29200,-1,0,40,7007288.0,0.0,7007288,7007288,18700000.0,12200000.0,32100000,8015906
6,63113203,7,0,0,0,0,0,0.0,0.0,0,0,0.0,0.0,0.0,0.110911817,10500000.0,11900000.0,32100000,997550,63100000,10500000.0,11900000.0,32100000,997550,0,0.0,0.0,0,0,0,0,0,0,280,0,0.11091182,0.0,0,0,0.0,0.0,0.0,0,0,0,1,0,0,0,0,0,0.0,0.0,0.0,0,0,0,0,0,0,7,0,0,0,29200,-1,0,40,7009363.0,0.0,7009363,7009363,18700000.0,12200000.0,32100000,8008072
6,63141281,7,0,0,0,0,0,0.0,0.0,0,0,0.0,0.0,0.0,0.110862496,10500000.0,11900000.0,32100000,997907,63100000,10500000.0,11900000.0,32100000,997907,0,0.0,0.0,0,0,0,0,0,0,280,0,0.11086249,0.0,0,0,0.0,0.0,0.0,0,0,0,1,0,0,0,0,0,0.0,0.0,0.0,0,0,0,0,0,0,7,0,0,0,29200,-1,0,40,7013806.0,0.0,7013806,7013806,18700000.0,12200000.0,32100000,8015942
6,161697,1,3,0,1983,0,0,0.0,0.0,1983,0,661.0,1144.8856,12263.67836,24.73762655,53899.0,60163.566,118809,4,0,0.0,0.0,0,0,118813,59406.5,84007.82,118809,4,0,0,0,0,32,96,6.1844068,18.55322,0,1983,396.6,886.8246,786457.8,0,0,0,0,1,1,0,0,3,495.75,0.0,661.0,0,0,0,0,0,0,1,0,3,1983,229,235,0,32,0.0,0.0,0,0,0.0,0.0,0,0
6,115453289,19,2,5200,0,520,0,273.6842,266.75436,0,0,0.0,0.0,45.03986023,0.181891743,5772664.5,8567406.0,32100000,144,115000000,6414071.5,8813630.0,32100000,564,31500000,31500000.0,0.0,31500000,31500000,0,0,0,0,664,80,0.16456872,0.017323023,0,520,236.36363,265.01654,70233.766,0,0,0,1,0,0,0,0,0,247.61905,273.6842,0.0,0,0,0,0,0,0,19,5200,2,0,29200,28960,10,32,4516981.5,3918220.5,7006364,489,14600000.0,9506768.0,32100000,5335480
6,63091773,7,0,0,0,0,0,0.0,0.0,0,0,0.0,0.0,0.0,0.110949489,10500000.0,11900000.0,32000000,996265,63100000,10500000.0,11900000.0,32000000,996265,0,0.0,0.0,0,0,0,0,0,0,280,0,0.11094949,0.0,0,0,0.0,0.0,0.0,0,0,0,1,0,0,0,0,0,0.0,0.0,0.0,0,0,0,0,0,0,7,0,0,0,29200,-1,0,40,7012118.0,0.0,7012118,7012118,18700000.0,12200000.0,32000000,8015978
6,109634718,4,3,531,0,520,0,132.75,258.21875,0,0,0.0,0.0,4.843356281,0.063848388,18300000.0,44800000.0,110000000,104,110000000,36500000.0,63300000.0,110000000,683,110000000,54800000.0,77500000.0,110000000,5235,0,0,0,0,136,104,0.036484793,0.027363595,0,520,66.375,183.3326,33610.84,0,0,0,1,0,0,0,0,0,75.85714,132.75,0.0,0,0,0,0,0,0,4,531,3,0,29200,235,2,32,5354.0,0.0,5354,5354,110000000.0,0.0,110000000,110000000
6,107664928,6,3,528,0,520,0,88.0,211.66011,0,0,0.0,0.0,4.904103962,0.083592681,13500000.0,36900000.0,105000000,24,108000000,21500000.0,46500000.0,105000000,24,105000000,52300000.0,74000000.0,105000000,1974,0,0,0,0,216,104,0.055728454,0.027864227,0,520,52.8,164.1766,26953.955,0,0,0,1,0,0,0,0,0,58.666668,88.0,0.0,0,0,0,0,0,0,6,528,3,0,29200,235,2,32,3003578.0,0.0,3003578,3003578,105000000.0,0.0,105000000,105000000
6,108734887,6,3,534,0,520,0,89.0,211.22026,0,0,0.0,0.0,4.911027314,0.082770123,13600000.0,37200000.0,106000000,73,109000000,21700000.0,47000000.0,106000000,766,106000000,52900000.0,74800000.0,106000000,4404,0,0,0,0,216,104,0.05518008,0.02759004,0,520,53.4,164.00555,26897.822,0,0,0,1,0,0,0,0,0,59.333332,89.0,0.0,0,0,0,0,0,0,6,534,3,0,29200,235,2,32,3007396.0,0.0,3007396,3007396,106000000.0,0.0,106000000,106000000
6,63121332,7,0,0,0,0,0,0.0,0.0,0,0,0.0,0.0,0.0,0.110897533,10500000.0,11900000.0,32100000,997915,63100000,10500000.0,11900000.0,32100000,997915,0,0.0,0.0,0,0,0,0,0,0,280,0,0.11089753,0.0,0,0,0.0,0.0,0.0,0,0,0,1,0,0,0,0,0,0.0,0.0,0.0,0,0,0,0,0,0,7,0,0,0,29200,-1,0,40,7009857.0,0.0,7009857,7009857,18700000.0,12200000.0,32100000,8015929
6,63129474,7,0,0,0,0,0,0.0,0.0,0,0,0.0,0.0,0.0,0.11088323,10500000.0,11900000.0,32100000,997709,63100000,10500000.0,11900000.0,32100000,997709,0,0.0,0.0,0,0,0,0,0,0,280,0,0.11088323,0.0,0,0,0.0,0.0,0.0,0,0,0,1,0,0,0,0,0,0.0,0.0,0.0,0,0,0,0,0,0,7,0,0,0,29200,-1,0,40,7009819.0,0.0,7009819,7009819,18700000.0,12200000.0,32100000,8023800
6,63133692,7,0,0,0,0,0,0.0,0.0,0,0,0.0,0.0,0.0,0.110875822,10500000.0,11900000.0,32100000,998281,63100000,10500000.0,11900000.0,32100000,998281,0,0.0,0.0,0,0,0,0,0,0,280,0,0.11087582,0.0,0,0,0.0,0.0,0.0,0,0,0,1,0,0,0,0,0,0.0,0.0,0.0,0,0,0,0,0,0,7,0,0,0,29200,-1,0,40,7006228.0,0.0,7006228,7006228,18700000.0,12200000.0,32100000,8015909
6,63099459,7,0,0,0,0,0,0.0,0.0,0,0,0.0,0.0,0.0,0.110935975,10500000.0,11900000.0,32000000,999941,63100000,10500000.0,11900000.0,32000000,999941,0,0.0,0.0,0,0,0,0,0,0,280,0,0.11093598,0.0,0,0,0.0,0.0,0.0,0,0,0,1,0,0,0,0,0,0.0,0.0,0.0,0,0,0,0,0,0,7,0,0,0,29200,-1,0,40,7011882.0,0.0,7011882,7011882,18700000.0,12200000.0,32000000,8023927
6,63118508,7,0,0,0,0,0,0.0,0.0,0,0,0.0,0.0,0.0,0.110902495,10500000.0,11900000.0,32100000,998633,63100000,10500000.0,11900000.0,32100000,998633,0,0.0,0.0,0,0,0,0,0,0,280,0,0.110902496,0.0,0,0,0.0,0.0,0.0,0,0,0,1,0,0,0,0,0,0.0,0.0,0.0,0,0,0,0,0,0,7,0,0,0,29200,-1,0,40,7006811.0,0.0,7006811,7006811,18700000.0,12200000.0,32100000,8015933
6,63133775,7,0,0,0,0,0,0.0,0.0,0,0,0.0,0.0,0.0,0.110875676,10500000.0,11900000.0,32100000,998166,63100000,10500000.0,11900000.0,32100000,998166,0,0.0,0.0,0,0,0,0,0,0,280,0,0.11087567,0.0,0,0,0.0,0.0,0.0,0,0,0,1,0,0,0,0,0,0.0,0.0,0.0,0,0,0,0,0,0,7,0,0,0,29200,-1,0,40,7006070.0,0.0,7006070,7006070,18700000.0,12200000.0,32100000,8015912
6,109686359,4,3,528,0,520,0,132.0,258.69415,0,0,0.0,0.0,4.813725287,0.063818328,18300000.0,44800000.0,110000000,48,110000000,36600000.0,63300000.0,110000000,611,110000000,54800000.0,77600000.0,110000000,5187,0,0,0,0,136,104,0.036467616,0.027350713,0,520,66.0,183.46506,33659.43,0,0,0,1,0,0,0,0,0,75.42857,132.0,0.0,0,0,0,0,0,0,4,528,3,0,29200,235,2,32,5235.0,0.0,5235,5235,110000000.0,0.0,110000000,110000000
6,109758484,6,3,536,0,520,0,89.333336,211.07976,0,0,0.0,0.0,4.883449374,0.081998217,13700000.0,37800000.0,107000000,44,110000000,22000000.0,47700000.0,107000000,788,107000000,53600000.0,75800000.0,107000000,1574,0,0,0,0,208,104,0.05466548,0.02733274,0,520,53.6,163.95338,26880.71,0,0,0,1,0,0,0,0,0,59.555557,89.333336,0.0,0,0,0,0,0,0,6,536,3,0,29200,235,2,32,1000495.0,0.0,1000495,1000495,107000000.0,0.0,107000000,107000000
6,3207777,2,0,712,0,356,356,356.0,0.0,0,0,0.0,0.0,221.9605665,0.623484737,3207777.0,0.0,3207777,3207777,3207777,3207777.0,0.0,3207777,3207777,0,0.0,0.0,0,0,1,0,0,0,64,0,0.62348473,0.0,356,356,356.0,0.0,0.0,0,1,0,0,1,1,0,0,0,534.0,356.0,0.0,0,0,0,0,0,0,2,712,0,0,229,-1,1,32,0.0,0.0,0,0,0.0,0.0,0,0
6,109473698,4,3,529,0,520,0,132.25,258.53482,0,0,0.0,0.0,4.83221093,0.0639423,18200000.0,44700000.0,109000000,16,109000000,36500000.0,63200000.0,109000000,623,109000000,54700000.0,77400000.0,109000000,5244,0,0,0,0,136,104,0.036538456,0.027403843,0,520,66.125,183.42023,33642.98,0,0,0,1,0,0,0,0,0,75.57143,132.25,0.0,0,0,0,0,0,0,4,529,3,0,29200,235,2,32,5260.0,0.0,5260,5260,109000000.0,0.0,109000000,109000000
6,109437505,4,3,531,0,520,0,132.75,258.21875,0,0,0.0,0.0,4.852084301,0.063963447,18200000.0,44700000.0,109000000,46,109000000,36500000.0,63200000.0,109000000,774,109000000,54700000.0,77400000.0,109000000,5431,0,0,0,0,136,104,0.03655054,0.027412906,0,520,66.375,183.3326,33610.84,0,0,0,1,0,0,0,0,0,75.85714,132.75,0.0,0,0,0,0,0,0,4,531,3,0,29200,235,2,32,5477.0,0.0,5477,5477,109000000.0,0.0,109000000,109000000
6,109218732,4,3,365,0,351,0,91.25,173.29239,0,0,0.0,0.0,3.341917575,0.06409157,18200000.0,44600000.0,109000000,48,109000000,36400000.0,63100000.0,109000000,612,109000000,54600000.0,77200000.0,109000000,5234,0,0,0,0,136,104,0.036623754,0.027467815,0,351,45.625,123.48735,15249.125,0,0,0,1,0,0,0,0,0,52.142857,91.25,0.0,0,0,0,0,0,0,4,365,3,0,29200,235,2,32,5285.0,0.0,5285,5285,109000000.0,0.0,109000000,109000000
6,12832073,2,0,712,0,356,356,356.0,0.0,0,0,0.0,0.0,55.48596863,0.155859462,12800000.0,0.0,12800000,12800000,12800000,12800000.0,0.0,12800000,12800000,0,0.0,0.0,0,0,1,0,0,0,64,0,0.15585946,0.0,356,356,356.0,0.0,0.0,0,1,0,0,1,1,0,0,0,534.0,356.0,0.0,0,0,0,0,0,0,2,712,0,0,229,-1,1,32,0.0,0.0,0,0,0.0,0.0,0,0
6,63128714,7,0,0,0,0,0,0.0,0.0,0,0,0.0,0.0,0.0,0.110884565,10500000.0,11900000.0,32100000,997488,63100000,10500000.0,11900000.0,32100000,997488,0,0.0,0.0,0,0,0,0,0,0,280,0,0.11088456,0.0,0,0,0.0,0.0,0.0,0,0,0,1,0,0,0,0,0,0.0,0.0,0.0,0,0,0,0,0,0,7,0,0,0,29200,-1,0,40,7009414.0,0.0,7009414,7009414,18700000.0,12200000.0,32100000,8023909
6,63099627,7,0,0,0,0,0,0.0,0.0,0,0,0.0,0.0,0.0,0.11093568,10500000.0,11900000.0,32100000,995882,63100000,10500000.0,11900000.0,32100000,995882,0,0.0,0.0,0,0,0,0,0,0,280,0,0.11093568,0.0,0,0,0.0,0.0,0.0,0,0,0,1,0,0,0,0,0,0.0,0.0,0.0,0,0,0,0,0,0,7,0,0,0,29200,-1,0,40,7003814.0,0.0,7003814,7003814,18700000.0,12200000.0,32100000,8016106
6,63114609,7,0,0,0,0,0,0.0,0.0,0,0,0.0,0.0,0.0,0.110909346,10500000.0,11900000.0,32100000,999162,63100000,10500000.0,11900000.0,32100000,999162,0,0.0,0.0,0,0,0,0,0,0,280,0,0.11090934,0.0,0,0,0.0,0.0,0.0,0,0,0,1,0,0,0,0,0,0.0,0.0,0.0,0,0,0,0,0,0,7,0,0,0,29200,-1,0,40,7011281.0,0.0,7011281,7011281,18700000.0,12200000.0,32100000,8007581
6,63131962,7,0,0,0,0,0,0.0,0.0,0,0,0.0,0.0,0.0,0.11087886,10500000.0,11900000.0,32100000,996603,63100000,10500000.0,11900000.0,32100000,996603,0,0.0,0.0,0,0,0,0,0,0,280,0,0.11087886,0.0,0,0,0.0,0.0,0.0,0,0,0,1,0,0,0,0,0,0.0,0.0,0.0,0,0,0,0,0,0,7,0,0,0,29200,-1,0,40,7004562.0,0.0,7004562,7004562,18700000.0,12200000.0,32100000,8015900
6,63093238,7,0,0,0,0,0,0.0,0.0,0,0,0.0,0.0,0.0,0.110946913,10500000.0,11900000.0,32000000,997443,63100000,10500000.0,11900000.0,32000000,997443,0,0.0,0.0,0,0,0,0,0,0,280,0,0.110946916,0.0,0,0,0.0,0.0,0.0,0,0,0,1,0,0,0,0,0,0.0,0.0,0.0,0,0,0,0,0,0,7,0,0,0,29200,-1,0,40,7013483.0,0.0,7013483,7013483,18700000.0,12200000.0,32000000,8015790
6,63114304,7,0,0,0,0,0,0.0,0.0,0,0,0.0,0.0,0.0,0.110909882,10500000.0,11900000.0,32100000,998889,63100000,10500000.0,11900000.0,32100000,998889,0,0.0,0.0,0,0,0,0,0,0,280,0,0.11090988,0.0,0,0,0.0,0.0,0.0,0,0,0,1,0,0,0,0,0,0.0,0.0,0.0,0,0,0,0,0,0,7,0,0,0,29200,-1,0,40,7010805.0,0.0,7010805,7010805,18700000.0,12200000.0,32100000,8007945
6,109879007,4,3,364,0,351,0,91.0,173.44164,0,0,0.0,0.0,3.312734706,0.063706437,18300000.0,44900000.0,110000000,46,110000000,36600000.0,63400000.0,110000000,610,110000000,54900000.0,77700000.0,110000000,5260,0,0,0,0,136,104,0.03640368,0.027302759,0,351,45.5,123.52444,15258.286,0,0,0,1,0,0,0,0,0,52.0,91.0,0.0,0,0,0,0,0,0,4,364,3,0,29200,235,2,32,5306.0,0.0,5306,5306,110000000.0,0.0,110000000,110000000
6,105693044,5,3,531,0,520,0,106.2,231.37027,0,0,0.0,0.0,5.023982468,0.075690885,15100000.0,39500000.0,105000000,82,106000000,26400000.0,52200000.0,105000000,465,105000000,52300000.0,74000000.0,105000000,1486,0,0,0,0,176,104,0.047306802,0.028384082,0,520,59.0,172.91327,29899.0,0,0,0,1,0,0,0,0,0,66.375,106.2,0.0,0,0,0,0,0,0,5,531,3,0,29200,235,2,32,1001305.0,0.0,1001305,1001305,105000000.0,0.0,105000000,105000000
6,63124049,7,0,0,0,0,0,0.0,0.0,0,0,0.0,0.0,0.0,0.11089276,10500000.0,11900000.0,32100000,996592,63100000,10500000.0,11900000.0,32100000,996592,0,0.0,0.0,0,0,0,0,0,0,280,0,0.11089276,0.0,0,0,0.0,0.0,0.0,0,0,0,1,0,0,0,0,0,0.0,0.0,0.0,0,0,0,0,0,0,7,0,0,0,29200,-1,0,40,7012323.0,0.0,7012323,7012323,18700000.0,12200000.0,32100000,8016115
6,63082962,7,0,0,0,0,0,0.0,0.0,0,0,0.0,0.0,0.0,0.110964986,10500000.0,11900000.0,32000000,999194,63100000,10500000.0,11900000.0,32000000,999194,0,0.0,0.0,0,0,0,0,0,0,280,0,0.11096498,0.0,0,0,0.0,0.0,0.0,0,0,0,1,0,0,0,0,0,0.0,0.0,0.0,0,0,0,0,0,0,7,0,0,0,29200,-1,0,40,7011167.0,0.0,7011167,7011167,18700000.0,12200000.0,32000000,8008119
6,63153091,7,0,0,0,0,0,0.0,0.0,0,0,0.0,0.0,0.0,0.110841764,10500000.0,11900000.0,32100000,997614,63200000,10500000.0,11900000.0,32100000,997614,0,0.0,0.0,0,0,0,0,0,0,280,0,0.110841766,0.0,0,0,0.0,0.0,0.0,0,0,0,1,0,0,0,0,0,0.0,0.0,0.0,0,0,0,0,0,0,7,0,0,0,29200,-1,0,40,7009583.0,0.0,7009583,7009583,18700000.0,12300000.0,32100000,8015961
6,107649438,6,3,535,0,520,0,89.166664,211.14963,0,0,0.0,0.0,4.969835514,0.08360471,13500000.0,36900000.0,105000000,63,108000000,21500000.0,46500000.0,105000000,509,105000000,52300000.0,74000000.0,105000000,1206,0,0,0,0,216,104,0.055736475,0.027868237,0,520,53.5,163.97917,26889.166,0,0,0,1,0,0,0,0,0,59.444443,89.166664,0.0,0,0,0,0,0,0,6,535,3,0,29200,235,2,32,3007368.0,0.0,3007368,3007368,105000000.0,0.0,105000000,105000000
6,2999609,8,1,1780,0,356,0,222.5,184.2475,0,0,0.0,0.0,593.4106745,3.000391051,374951.12,488024.53,1370349,4,2999609,428515.56,501082.72,1370349,4,0,0.0,0.0,0,0,0,0,0,0,264,40,2.6670144,0.3333768,0,356,178.0,187.62848,35204.445,0,0,0,1,0,0,0,0,0,197.77777,222.5,0.0,0,0,0,0,0,0,8,1780,1,0,29200,28960,5,32,0.0,0.0,0,0,0.0,0.0,0,0
6,109572544,4,3,532,0,520,0,133.0,258.062,0,0,0.0,0.0,4.855230887,0.063884617,18300000.0,44700000.0,110000000,22,110000000,36500000.0,63300000.0,110000000,776,110000000,54800000.0,77500000.0,110000000,5624,0,0,0,0,136,104,0.036505494,0.027379122,0,520,66.5,183.28978,33595.145,0,0,0,1,0,0,0,0,0,76.0,133.0,0.0,0,0,0,0,0,0,4,532,3,0,29200,235,2,32,5646.0,0.0,5646,5646,110000000.0,0.0,110000000,110000000
6,2999652,8,1,1780,0,356,0,222.5,184.2475,0,0,0.0,0.0,593.402168,3.00034804,374956.5,487915.06,1369994,4,2999652,428521.72,500957.56,1369994,4,0,0.0,0.0,0,0,0,0,0,0,264,40,2.666976,0.333372,0,356,178.0,187.62848,35204.445,0,0,0,1,0,0,0,0,0,197.77777,222.5,0.0,0,0,0,0,0,0,8,1780,1,0,29200,28960,5,32,0.0,0.0,0,0,0.0,0.0,0,0
6,20997695,2,1,14,0,14,0,7.0,9.899495,0,0,0.0,0.0,0.666739849,0.142872825,10500000.0,14800000.0,21000000,42,21000000,21000000.0,0.0,21000000,21000000,0,0.0,0.0,0,0,1,0,0,0,64,32,0.09524855,0.047624275,0,14,7.0,8.082904,65.333336,0,1,0,0,1,0,0,0,0,9.333333,7.0,0.0,0,0,0,0,0,0,2,14,1,0,229,235,0,32,0.0,0.0,0,0,0.0,0.0,0,0
6,109359023,4,3,360,0,351,0,90.0,174.05171,0,0,0.0,0.0,3.291909439,0.06400935,18200000.0,44600000.0,109000000,82,109000000,36500000.0,63100000.0,109000000,591,109000000,54700000.0,77300000.0,109000000,5235,0,0,0,0,136,104,0.03657677,0.02743258,0,351,45.0,123.68278,15297.429,0,0,0,1,0,0,0,0,0,51.42857,90.0,0.0,0,0,0,0,0,0,4,360,3,0,29200,235,2,32,5317.0,0.0,5317,5317,109000000.0,0.0,109000000,109000000
6,85,1,1,351,6,351,351,351.0,0.0,6,6,6.0,0.0,4200000.0,23529.41176,85.0,0.0,85,85,0,0.0,0.0,0,0,0,0.0,0.0,0,0,1,0,0,0,32,20,11764.706,11764.706,6,351,236.0,199.18584,39675.0,0,1,0,0,1,0,0,0,1,354.0,351.0,6.0,0,0,0,0,0,0,1,351,1,6,229,0,0,32,0.0,0.0,0,0,0.0,0.0,0,0
6,63118435,7,0,0,0,0,0,0.0,0.0,0,0,0.0,0.0,0.0,0.110902623,10500000.0,11900000.0,32100000,998938,63100000,10500000.0,11900000.0,32100000,998938,0,0.0,0.0,0,0,0,0,0,0,280,0,0.11090262,0.0,0,0,0.0,0.0,0.0,0,0,0,1,0,0,0,0,0,0.0,0.0,0.0,0,0,0,0,0,0,7,0,0,0,29200,-1,0,40,7006891.0,0.0,7006891,7006891,18700000.0,12200000.0,32100000,8015931
6,63149335,7,0,0,0,0,0,0.0,0.0,0,0,0.0,0.0,0.0,0.110848357,10500000.0,11900000.0,32100000,997801,63100000,10500000.0,11900000.0,32100000,997801,0,0.0,0.0,0,0,0,0,0,0,280,0,0.11084836,0.0,0,0,0.0,0.0,0.0,0,0,0,1,0,0,0,0,0,0.0,0.0,0.0,0,0,0,0,0,0,7,0,0,0,29200,-1,0,40,7005853.0,0.0,7005853,7005853,18700000.0,12300000.0,32100000,8015884
6,63124266,7,0,0,0,0,0,0.0,0.0,0,0,0.0,0.0,0.0,0.110892379,10500000.0,11900000.0,32100000,996458,63100000,10500000.0,11900000.0,32100000,996458,0,0.0,0.0,0,0,0,0,0,0,280,0,0.11089238,0.0,0,0,0.0,0.0,0.0,0,0,0,1,0,0,0,0,0,0.0,0.0,0.0,0,0,0,0,0,0,7,0,0,0,29200,-1,0,40,7012603.0,0.0,7012603,7012603,18700000.0,12200000.0,32100000,8015904
6,109988247,4,3,538,0,520,0,134.5,257.14005,0,0,0.0,0.0,4.891431718,0.063643164,18300000.0,44900000.0,110000000,34,110000000,36700000.0,63500000.0,110000000,640,110000000,55000000.0,77800000.0,110000000,5222,0,0,0,0,136,104,0.03636752,0.027275642,0,520,67.25,183.04703,33506.215,0,0,0,1,0,0,0,0,0,76.85714,134.5,0.0,0,0,0,0,0,0,4,538,3,0,29200,235,2,32,5277.0,0.0,5277,5277,110000000.0,0.0,110000000,110000000
6,109260696,7,3,527,0,520,0,75.28571,196.11792,0,0,0.0,0.0,4.823326405,0.09152422,12100000.0,33800000.0,102000000,63,109000000,18200000.0,41200000.0,102000000,315,102000000,51100000.0,72300000.0,102000000,1025,0,0,0,0,256,104,0.064066954,0.027457265,0,520,47.909092,156.58893,24520.092,0,0,0,1,0,0,0,0,0,52.7,75.28571,0.0,0,0,0,0,0,0,7,527,3,0,29200,235,2,32,7009905.0,0.0,7009905,7009905,102000000.0,0.0,102000000,102000000
6,63152086,7,0,0,0,0,0,0.0,0.0,0,0,0.0,0.0,0.0,0.110843528,10500000.0,11900000.0,32100000,996612,63200000,10500000.0,11900000.0,32100000,996612,0,0.0,0.0,0,0,0,0,0,0,280,0,0.110843524,0.0,0,0,0.0,0.0,0.0,0,0,0,1,0,0,0,0,0,0.0,0.0,0.0,0,0,0,0,0,0,7,0,0,0,29200,-1,0,40,7008597.0,0.0,7008597,7008597,18700000.0,12300000.0,32100000,8015928
6,110849706,5,3,530,0,520,0,106.0,231.47354,0,0,0.0,0.0,4.781248585,0.07216979,15800000.0,41200000.0,109000000,58,111000000,27700000.0,54400000.0,109000000,632,109000000,54700000.0,77300000.0,109000000,5246,0,0,0,0,168,104,0.04510612,0.027063671,0,520,58.88889,172.94829,29911.111,0,0,0,1,0,0,0,0,0,66.25,106.0,0.0,0,0,0,0,0,0,5,530,3,0,29200,235,2,32,5333.0,0.0,5333,5333,109000000.0,0.0,109000000,109000000
6,3070549,8,1,1780,0,356,0,222.5,184.2475,0,0,0.0,0.0,579.7008939,2.931071935,383818.62,516886.88,1473043,126,3070549,438649.84,532579.0,1473043,385,0,0.0,0.0,0,0,0,0,0,0,264,40,2.6053972,0.32567465,0,356,178.0,187.62848,35204.445,0,0,0,1,0,0,0,0,0,197.77777,222.5,0.0,0,0,0,0,0,0,8,1780,1,0,29200,28960,5,32,0.0,0.0,0,0,0.0,0.0,0,0
6,193375,1,3,0,1983,0,0,0.0,0.0,1983,0,661.0,1144.8856,10254.68649,20.68519716,64458.332,77520.07,150478,5,0,0.0,0.0,0,0,150483,75241.5,106400.48,150478,5,0,0,0,0,32,96,5.1712995,15.513898,0,1983,396.6,886.8246,786457.8,0,0,0,0,1,1,0,0,3,495.75,0.0,661.0,0,0,0,0,0,0,1,0,3,1983,229,235,0,32,0.0,0.0,0,0,0.0,0.0,0,0
6,63090891,7,0,0,0,0,0,0.0,0.0,0,0,0.0,0.0,0.0,0.11095104,10500000.0,11900000.0,32000000,999204,63100000,10500000.0,11900000.0,32000000,999204,0,0.0,0.0,0,0,0,0,0,0,280,0,0.11095104,0.0,0,0,0.0,0.0,0.0,0,0,0,1,0,0,0,0,0,0.0,0.0,0.0,0,0,0,0,0,0,7,0,0,0,29200,-1,0,40,7010932.0,0.0,7010932,7010932,18700000.0,12200000.0,32000000,8016177
6,63116636,7,0,0,0,0,0,0.0,0.0,0,0,0.0,0.0,0.0,0.110905784,10500000.0,11900000.0,32100000,997071,63100000,10500000.0,11900000.0,32100000,997071,0,0.0,0.0,0,0,0,0,0,0,280,0,0.11090578,0.0,0,0,0.0,0.0,0.0,0,0,0,1,0,0,0,0,0,0.0,0.0,0.0,0,0,0,0,0,0,7,0,0,0,29200,-1,0,40,7005000.0,0.0,7005000,7005000,18700000.0,12200000.0,32100000,8015731
6,63119948,7,0,0,0,0,0,0.0,0.0,0,0,0.0,0.0,0.0,0.110899965,10500000.0,11900000.0,32100000,996538,63100000,10500000.0,11900000.0,32100000,996538,0,0.0,0.0,0,0,0,0,0,0,280,0,0.11089996,0.0,0,0,0.0,0.0,0.0,0,0,0,1,0,0,0,0,0,0.0,0.0,0.0,0,0,0,0,0,0,7,0,0,0,29200,-1,0,40,7008250.0,0.0,7008250,7008250,18700000.0,12200000.0,32100000,8016151
6,109520230,4,3,365,0,351,0,91.25,173.29239,0,0,0.0,0.0,3.332717618,0.063915132,18300000.0,44700000.0,110000000,45,110000000,36500000.0,63200000.0,110000000,623,110000000,54800000.0,77400000.0,110000000,5244,0,0,0,0,136,104,0.036522932,0.0273922,0,351,45.625,123.48735,15249.125,0,0,0,1,0,0,0,0,0,52.142857,91.25,0.0,0,0,0,0,0,0,4,365,3,0,29200,235,2,32,5295.0,0.0,5295,5295,110000000.0,0.0,110000000,110000000
6,63101266,7,0,0,0,0,0,0.0,0.0,0,0,0.0,0.0,0.0,0.110932798,10500000.0,11900000.0,32100000,997496,63100000,10500000.0,11900000.0,32100000,997496,0,0.0,0.0,0,0,0,0,0,0,280,0,0.1109328,0.0,0,0,0.0,0.0,0.0,0,0,0,1,0,0,0,0,0,0.0,0.0,0.0,0,0,0,0,0,0,7,0,0,0,29200,-1,0,40,7005225.0,0.0,7005225,7005225,18700000.0,12200000.0,32100000,8016033
6,20996911,2,1,8,0,8,0,4.0,5.656854,0,0,0.0,0.0,0.381008425,0.14287816,10500000.0,14800000.0,21000000,34,21000000,21000000.0,0.0,21000000,21000000,0,0.0,0.0,0,0,1,0,0,0,64,32,0.095252104,0.047626052,0,8,4.0,4.618802,21.333334,0,1,0,0,1,0,0,0,0,5.3333335,4.0,0.0,0,0,0,0,0,0,2,8,1,0,229,235,0,32,0.0,0.0,0,0,0.0,0.0,0,0
6,107648301,5,3,538,0,520,0,107.6,230.67033,0,0,0.0,0.0,4.997756537,0.074316082,15400000.0,40200000.0,107000000,2,108000000,26900000.0,53200000.0,107000000,561,107000000,53300000.0,75400000.0,107000000,5351,0,0,0,0,176,104,0.046447553,0.027868532,0,520,59.77778,172.68597,29820.445,0,0,0,1,0,0,0,0,0,67.25,107.6,0.0,0,0,0,0,0,0,5,538,3,0,29200,235,2,32,1005308.0,0.0,1005308,1005308,107000000.0,0.0,107000000,107000000
6,177553,1,3,0,1983,0,0,0.0,0.0,1983,0,661.0,1144.8856,11168.49617,22.52848445,59184.332,69355.555,135502,4,0,0.0,0.0,0,0,135506,67753.0,95811.555,135502,4,0,0,0,0,32,96,5.632121,16.896364,0,1983,396.6,886.8246,786457.8,0,0,0,0,1,1,0,0,3,495.75,0.0,661.0,0,0,0,0,0,0,1,0,3,1983,229,235,0,32,0.0,0.0,0,0,0.0,0.0,0,0
6,3276201,2,0,374,0,187,187,187.0,0.0,0,0,0.0,0.0,114.15661,0.610463155,3276201.0,0.0,3276201,3276201,3276201,3276201.0,0.0,3276201,3276201,0,0.0,0.0,0,0,1,0,0,0,64,0,0.61046314,0.0,187,187,187.0,0.0,0.0,0,1,0,0,1,1,0,0,0,280.5,187.0,0.0,0,0,0,0,0,0,2,374,0,0,229,-1,1,32,0.0,0.0,0,0,0.0,0.0,0,0
6,63130453,7,0,0,0,0,0,0.0,0.0,0,0,0.0,0.0,0.0,0.110881511,10500000.0,11900000.0,32100000,999209,63100000,10500000.0,11900000.0,32100000,999209,0,0.0,0.0,0,0,0,0,0,0,280,0,0.11088151,0.0,0,0,0.0,0.0,0.0,0,0,0,1,0,0,0,0,0,0.0,0.0,0.0,0,0,0,0,0,0,7,0,0,0,29200,-1,0,40,7011150.0,0.0,7011150,7011150,18700000.0,12200000.0,32100000,8023956
6,115433015,19,2,3510,0,351,0,184.73685,180.0592,0,0,0.0,0.0,30.40724528,0.18192369,5771651.0,8562438.0,32000000,81,115000000,6412945.5,8808319.0,32000000,581,31500000,31500000.0,0.0,31500000,31500000,0,0,0,0,664,80,0.16459763,0.017326066,0,351,159.54546,178.88617,32000.26,0,0,0,1,0,0,0,0,0,167.14285,184.73685,0.0,0,0,0,0,0,0,19,3510,2,0,29200,28960,10,32,4518266.5,3919445.2,7010183,487,14600000.0,9496416.0,32000000,5342489
6,111047103,5,3,530,0,520,0,106.0,231.47354,0,0,0.0,0.0,4.772749452,0.072041501,15900000.0,41300000.0,110000000,47,111000000,27800000.0,54500000.0,110000000,624,110000000,54800000.0,77500000.0,110000000,5204,0,0,0,0,168,104,0.045025937,0.027015563,0,520,58.88889,172.94829,29911.111,0,0,0,1,0,0,0,0,0,66.25,106.0,0.0,0,0,0,0,0,0,5,530,3,0,29200,235,2,32,5255.0,0.0,5255,5255,110000000.0,0.0,110000000,110000000
6,111343495,5,3,527,0,520,0,105.4,231.78827,0,0,0.0,0.0,4.733100932,0.07184973,15900000.0,41400000.0,110000000,49,111000000,27800000.0,54700000.0,110000000,632,110000000,54900000.0,77700000.0,110000000,5517,0,0,0,0,168,104,0.04490608,0.026943648,0,520,58.555557,173.05716,29948.777,0,0,0,1,0,0,0,0,0,65.875,105.4,0.0,0,0,0,0,0,0,5,527,3,0,29200,235,2,32,5566.0,0.0,5566,5566,110000000.0,0.0,110000000,110000000
6,63131559,7,0,0,0,0,0,0.0,0.0,0,0,0.0,0.0,0.0,0.110879568,10500000.0,11900000.0,32100000,996050,63100000,10500000.0,11900000.0,32100000,996050,0,0.0,0.0,0,0,0,0,0,0,280,0,0.11087957,0.0,0,0,0.0,0.0,0.0,0,0,0,1,0,0,0,0,0,0.0,0.0,0.0,0,0,0,0,0,0,7,0,0,0,29200,-1,0,40,7004004.0,0.0,7004004,7004004,18700000.0,12200000.0,32100000,8015686
6,63114081,7,0,0,0,0,0,0.0,0.0,0,0,0.0,0.0,0.0,0.110910274,10500000.0,11900000.0,32100000,998686,63100000,10500000.0,11900000.0,32100000,998686,0,0.0,0.0,0,0,0,0,0,0,280,0,0.110910274,0.0,0,0,0.0,0.0,0.0,0,0,0,1,0,0,0,0,0,0.0,0.0,0.0,0,0,0,0,0,0,7,0,0,0,29200,-1,0,40,7010631.0,0.0,7010631,7010631,18700000.0,12200000.0,32100000,8007937
6,20998956,2,1,11,0,11,0,5.5,7.7781744,0,0,0.0,0.0,0.523835566,0.142864245,10500000.0,14800000.0,21000000,47,21000000,21000000.0,0.0,21000000,21000000,0,0.0,0.0,0,0,1,0,0,0,64,32,0.09524283,0.047621414,0,11,5.5,6.350853,40.333332,0,1,0,0,1,0,0,0,0,7.3333335,5.5,0.0,0,0,0,0,0,0,2,11,1,0,229,235,0,32,0.0,0.0,0,0,0.0,0.0,0,0
6,63161689,7,0,0,0,0,0,0.0,0.0,0,0,0.0,0.0,0.0,0.110826675,10500000.0,11900000.0,32100000,998333,63200000,10500000.0,11900000.0,32100000,998333,0,0.0,0.0,0,0,0,0,0,0,280,0,0.11082668,0.0,0,0,0.0,0.0,0.0,0,0,0,1,0,0,0,0,0,0.0,0.0,0.0,0,0,0,0,0,0,7,0,0,0,29200,-1,0,40,7010266.0,0.0,7010266,7010266,18700000.0,12300000.0,32100000,8023924
6,3002845,3,0,0,0,0,0,0.0,0.0,0,0,0.0,0.0,0.0,0.999052565,1501422.5,710641.6,2003922,998923,3002845,1501422.5,710641.6,2003922,998923,0,0.0,0.0,0,0,0,0,0,0,120,0,0.9990526,0.0,0,0,0.0,0.0,0.0,0,0,0,1,0,0,0,0,0,0.0,0.0,0.0,0,0,0,0,0,0,3,0,0,0,29200,-1,0,40,0.0,0.0,0,0,0.0,0.0,0,0
6,63125895,7,0,0,0,0,0,0.0,0.0,0,0,0.0,0.0,0.0,0.110889517,10500000.0,11900000.0,32100000,998317,63100000,10500000.0,11900000.0,32100000,998317,0,0.0,0.0,0,0,0,0,0,0,280,0,0.11088952,0.0,0,0,0.0,0.0,0.0,0,0,0,1,0,0,0,0,0,0.0,0.0,0.0,0,0,0,0,0,0,7,0,0,0,29200,-1,0,40,7014033.0,0.0,7014033,7014033,18700000.0,12200000.0,32100000,8016135
6,108673010,4,3,363,0,351,0,90.75,173.5922,0,0,0.0,0.0,3.34029581,0.064413418,18100000.0,44400000.0,109000000,25,109000000,36200000.0,62700000.0,109000000,631,109000000,54300000.0,76800000.0,109000000,5210,0,0,0,0,136,104,0.036807667,0.02760575,0,351,45.375,123.56252,15267.696,0,0,0,1,0,0,0,0,0,51.857143,90.75,0.0,0,0,0,0,0,0,4,363,3,0,29200,235,2,32,5274.0,0.0,5274,5274,109000000.0,0.0,109000000,109000000
6,20999299,2,1,11,0,11,0,5.5,7.7781744,0,0,0.0,0.0,0.52382701,0.142861912,10500000.0,14800000.0,21000000,16,21000000,21000000.0,0.0,21000000,21000000,0,0.0,0.0,0,0,1,0,0,0,64,32,0.09524127,0.047620635,0,11,5.5,6.350853,40.333332,0,1,0,0,1,0,0,0,0,7.3333335,5.5,0.0,0,0,0,0,0,0,2,11,1,0,229,235,0,32,0.0,0.0,0,0,0.0,0.0,0,0
6,63149593,7,0,0,0,0,0,0.0,0.0,0,0,0.0,0.0,0.0,0.110847904,10500000.0,11900000.0,32100000,998194,63100000,10500000.0,11900000.0,32100000,998194,0,0.0,0.0,0,0,0,0,0,0,280,0,0.110847905,0.0,0,0,0.0,0.0,0.0,0,0,0,1,0,0,0,0,0,0.0,0.0,0.0,0,0,0,0,0,0,7,0,0,0,29200,-1,0,40,7006184.0,0.0,7006184,7006184,18700000.0,12300000.0,32100000,8015712
6,63137230,7,0,0,0,0,0,0.0,0.0,0,0,0.0,0.0,0.0,0.110869609,10500000.0,11900000.0,32100000,997879,63100000,10500000.0,11900000.0,32100000,997879,0,0.0,0.0,0,0,0,0,0,0,280,0,0.11086961,0.0,0,0,0.0,0.0,0.0,0,0,0,1,0,0,0,0,0,0.0,0.0,0.0,0,0,0,0,0,0,7,0,0,0,29200,-1,0,40,7009831.0,0.0,7009831,7009831,18700000.0,12200000.0,32100000,8015986
6,63129123,7,0,0,0,0,0,0.0,0.0,0,0,0.0,0.0,0.0,0.110883847,10500000.0,11900000.0,32100000,997926,63100000,10500000.0,11900000.0,32100000,997926,0,0.0,0.0,0,0,0,0,0,0,280,0,0.11088385,0.0,0,0,0.0,0.0,0.0,0,0,0,1,0,0,0,0,0,0.0,0.0,0.0,0,0,0,0,0,0,7,0,0,0,29200,-1,0,40,7009846.0,0.0,7009846,7009846,18700000.0,12200000.0,32100000,8023914
6,54718971,16,2,2318,0,231,0,144.875,114.848816,0,0,0.0,0.0,42.36190772,0.328953554,3218763.0,5462422.5,19900000,112,54700000,3647931.5,5694178.5,19900000,548,31400000,31400000.0,0.0,31400000,31400000,0,0,0,0,536,80,0.29240316,0.036550395,0,231,122.0,118.05789,13937.667,0,0,0,1,0,0,0,0,0,128.77777,144.875,0.0,0,0,0,0,0,0,16,2318,2,0,29200,28960,11,32,4709189.5,6659056.0,9417853,526,11200000.0,6591887.0,19900000,5778675
6,3003740,3,0,0,0,0,0,0.0,0.0,0,0,0.0,0.0,0.0,0.998754886,1501870.0,710059.7,2003958,999782,3003740,1501870.0,710059.7,2003958,999782,0,0.0,0.0,0,0,0,0,0,0,120,0,0.99875486,0.0,0,0,0.0,0.0,0.0,0,0,0,1,0,0,0,0,0,0.0,0.0,0.0,0,0,0,0,0,0,3,0,0,0,29200,-1,0,40,0.0,0.0,0,0,0.0,0.0,0,0
6,55138448,2,1,8,0,8,0,4.0,5.656854,0,0,0.0,0.0,0.145089321,0.054408496,27600000.0,39000000.0,55100000,47,55100000,55100000.0,0.0,55100000,55100000,0,0.0,0.0,0,0,1,0,0,0,64,32,0.03627233,0.018136164,0,8,4.0,4.618802,21.333334,0,1,0,0,1,0,0,0,0,5.3333335,4.0,0.0,0,0,0,0,0,0,2,8,1,0,229,235,0,32,0.0,0.0,0,0,0.0,0.0,0,0
6,103582653,15,3,2541,6,231,0,169.4,105.73741,6,0,2.0,3.4641016,24.58905933,0.173774271,6093097.0,12900000.0,51300000,93,104000000,7398754.5,13900000.0,51300000,704,103000000,51300000.0,28100000.0,71200000,31400000,0,0,0,0,496,100,0.1448119,0.028962377,0,231,134.05263,116.80348,13643.053,0,0,0,1,0,0,0,0,0,141.5,169.4,2.0,0,0,0,0,0,0,15,2541,3,6,29200,0,11,32,3704052.0,5237545.5,7407556,548,19200000.0,18800000.0,51300000,5774027
6,105660422,16,3,2541,6,231,0,158.8125,110.58283,6,0,2.0,3.4641016,24.10552553,0.179821353,5870023.5,12500000.0,51300000,67,106000000,7044022.5,13500000.0,51300000,436,103000000,51300000.0,28200000.0,71300000,31400000,0,0,0,0,536,100,0.1514285,0.028392846,0,231,127.35,117.573395,13823.503,0,0,0,1,0,0,0,0,0,134.05263,158.8125,2.0,0,0,0,0,0,0,16,2541,3,6,29200,0,11,32,4706996.0,6656050.0,9413534,458,19200000.0,18800000.0,51300000,5713039
6,56079600,7,3,701,0,231,0,100.14286,122.438324,0,0,0.0,0.0,12.50008916,0.178317962,6231066.5,18200000.0,54700000,53,56100000,9346591.0,22200000.0,54700000,354,55100000,27500000.0,38400000.0,54700000,400209,0,0,0,0,240,104,0.12482257,0.05349539,0,231,63.727272,107.458916,11547.418,0,0,0,1,0,0,0,0,0,70.1,100.14286,0.0,0,0,0,0,0,0,7,701,3,0,29200,235,4,32,1399115.0,0.0,1399115,1399115,54700000.0,0.0,54700000,54700000
6,102677858,14,3,2541,6,231,0,181.5,98.363335,6,0,2.0,3.4641016,24.80573757,0.165566368,6417366.0,13200000.0,51300000,11,103000000,7898296.0,14400000.0,51300000,309,103000000,51300000.0,28200000.0,71300000,31400000,0,0,0,0,456,100,0.13634877,0.029217593,0,231,141.5,115.45473,13329.794,0,0,0,1,0,0,0,0,0,149.82353,181.5,2.0,0,0,0,0,0,0,14,2541,3,6,29200,0,11,32,3203565.0,4529840.5,6406646,484,19300000.0,18800000.0,51300000,5742610
6,103726759,15,3,2541,6,231,0,169.4,105.73741,6,0,2.0,3.4641016,24.55489812,0.173532849,6101574.0,12900000.0,51400000,72,104000000,7409049.0,13900000.0,51400000,446,103000000,51400000.0,28000000.0,71200000,31600000,0,0,0,0,496,100,0.1446107,0.02892214,0,231,134.05263,116.80348,13643.053,0,0,0,1,0,0,0,0,0,141.5,169.4,2.0,0,0,0,0,0,0,15,2541,3,6,29200,0,11,32,3704056.5,5237547.5,7407562,551,19300000.0,18800000.0,51400000,5897173
6,3000199,3,0,0,0,0,0,0.0,0.0,0,0,0.0,0.0,0.0,0.999933671,1500099.5,712266.56,2003748,996451,3000199,1500099.5,712266.56,2003748,996451,0,0.0,0.0,0,0,0,0,0,0,120,0,0.99993366,0.0,0,0,0.0,0.0,0.0,0,0,0,1,0,0,0,0,0,0.0,0.0,0.0,0,0,0,0,0,0,3,0,0,0,29200,-1,0,40,0.0,0.0,0,0,0.0,0.0,0,0
6,105577560,16,3,2541,6,231,0,158.8125,110.58283,6,0,2.0,3.4641016,24.12444463,0.179962484,5865420.0,12500000.0,51300000,128,106000000,7038494.0,13500000.0,51300000,450,103000000,51300000.0,28100000.0,71200000,31400000,0,0,0,0,536,100,0.15154736,0.028415129,0,231,127.35,117.573395,13823.503,0,0,0,1,0,0,0,0,0,134.05263,158.8125,2.0,0,0,0,0,0,0,16,2541,3,6,29200,0,11,32,4709461.0,6659481.0,9418425,497,19200000.0,18800000.0,51300000,5766814
6,582,1,2,239,483,239,239,239.0,0.0,483,0,241.5,341.53256,1240549.828,5154.639175,291.0,410.12195,581,1,0,0.0,0.0,0,0,1,1.0,0.0,1,1,1,0,0,0,32,64,1718.213,3436.426,0,483,240.25,197.18921,38883.582,0,1,0,0,1,1,0,0,2,320.33334,239.0,241.5,0,0,0,0,0,0,1,239,2,483,229,235,0,32,0.0,0.0,0,0,0.0,0.0,0,0
6,108002161,2,2,16,0,8,8,8.0,0.0,0,0,0.0,0.0,0.148145184,0.037036296,36000000.0,62400000.0,108000000,61,108000000,108000000.0,0.0,108000000,108000000,108000000,108000000.0,0.0,108000000,108000000,1,0,0,0,64,64,0.018518148,0.018518148,0,8,4.8,4.3817806,19.2,0,1,0,0,1,0,0,0,1,6.0,8.0,0.0,0,0,0,0,0,0,2,16,2,0,229,235,1,32,68.0,0.0,68,68,108000000.0,0.0,108000000,108000000
6,3001206,3,0,0,0,0,0,0.0,0.0,0,0,0.0,0.0,0.0,0.999598162,1500603.0,711889.6,2003985,997221,3001206,1500603.0,711889.6,2003985,997221,0,0.0,0.0,0,0,0,0,0,0,120,0,0.99959815,0.0,0,0,0.0,0.0,0.0,0,0,0,1,0,0,0,0,0,0.0,0.0,0.0,0,0,0,0,0,0,3,0,0,0,29200,-1,0,40,0.0,0.0,0,0,0.0,0.0,0,0
6,105641815,16,3,2541,6,231,0,158.8125,110.58283,6,0,2.0,3.4641016,24.10977131,0.179853025,5868989.5,12500000.0,51300000,4,106000000,7042783.0,13500000.0,51300000,4,103000000,51300000.0,28100000.0,71200000,31500000,0,0,0,0,536,100,0.15145518,0.028397845,0,231,127.35,117.573395,13823.503,0,0,0,1,0,0,0,0,0,134.05263,158.8125,2.0,0,0,0,0,0,0,16,2541,3,6,29200,0,11,32,4709627.5,6659693.5,9418742,513,19200000.0,18800000.0,51300000,5830200
6,57766447,2,1,8,0,8,0,4.0,5.656854,0,0,0.0,0.0,0.138488697,0.051933262,28900000.0,40800000.0,57800000,19,57800000,57800000.0,0.0,57800000,57800000,0,0.0,0.0,0,0,1,0,0,0,64,32,0.034622174,0.017311087,0,8,4.0,4.618802,21.333334,0,1,0,0,1,0,0,0,0,5.3333335,4.0,0.0,0,0,0,0,0,0,2,8,1,0,229,235,0,32,0.0,0.0,0,0,0.0,0.0,0,0
6,3001425,3,0,0,0,0,0,0.0,0.0,0,0,0.0,0.0,0.0,0.999525226,1500712.5,711744.7,2003992,997433,3001425,1500712.5,711744.7,2003992,997433,0,0.0,0.0,0,0,0,0,0,0,120,0,0.99952525,0.0,0,0,0.0,0.0,0.0,0,0,0,1,0,0,0,0,0,0.0,0.0,0.0,0,0,0,0,0,0,3,0,0,0,29200,-1,0,40,0.0,0.0,0,0,0.0,0.0,0,0
6,99999068,2,2,16,0,8,8,8.0,0.0,0,0,0.0,0.0,0.160001491,0.040000373,33300000.0,57700000.0,100000000,69,100000000,100000000.0,0.0,100000000,100000000,100000000,100000000.0,0.0,100000000,100000000,1,0,0,0,64,64,0.020000186,0.020000186,0,8,4.8,4.3817806,19.2,0,1,0,0,1,0,0,0,1,6.0,8.0,0.0,0,0,0,0,0,0,2,16,2,0,229,235,1,32,69.0,0.0,69,69,100000000.0,0.0,100000000,100000000
6,102641722,14,3,2541,6,231,0,181.5,98.363335,6,0,2.0,3.4641016,24.81447067,0.165624657,6415107.5,13200000.0,51300000,4,103000000,7895516.0,14300000.0,51300000,4,103000000,51300000.0,28000000.0,71100000,31500000,0,0,0,0,456,100,0.13639678,0.02922788,0,231,141.5,115.45473,13329.794,0,0,0,1,0,0,0,0,0,149.82353,181.5,2.0,0,0,0,0,0,0,14,2541,3,6,29200,0,11,32,3205570.0,4532694.5,6410669,471,19200000.0,18800000.0,51300000,5842273
6,3002530,3,0,0,0,0,0,0.0,0.0,0,0,0.0,0.0,0.0,0.999157377,1501265.0,710669.2,2003784,998746,3002530,1501265.0,710669.2,2003784,998746,0,0.0,0.0,0,0,0,0,0,0,120,0,0.99915737,0.0,0,0,0.0,0.0,0.0,0,0,0,1,0,0,0,0,0,0.0,0.0,0.0,0,0,0,0,0,0,3,0,0,0,29200,-1,0,40,0.0,0.0,0,0,0.0,0.0,0,0
6,102669418,14,3,2541,6,231,0,181.5,98.363335,6,0,2.0,3.4641016,24.80777674,0.165579978,6416838.5,13200000.0,51300000,49,103000000,7897642.0,14300000.0,51300000,363,103000000,51300000.0,28000000.0,71200000,31500000,0,0,0,0,456,100,0.13635997,0.029219996,0,231,141.5,115.45473,13329.794,0,0,0,1,0,0,0,0,0,149.82353,181.5,2.0,0,0,0,0,0,0,14,2541,3,6,29200,0,11,32,3207551.0,4535347.5,6414526,576,19300000.0,18800000.0,51300000,5837240
6,105601816,16,3,2541,6,231,0,158.8125,110.58283,6,0,2.0,3.4641016,24.11890341,0.179921148,5866767.5,12500000.0,51300000,79,106000000,7040116.0,13500000.0,51300000,218,103000000,51300000.0,28100000.0,71200000,31400000,0,0,0,0,536,100,0.15151255,0.028408602,0,231,127.35,117.573395,13823.503,0,0,0,1,0,0,0,0,0,134.05263,158.8125,2.0,0,0,0,0,0,0,16,2541,3,6,29200,0,11,32,4705625.0,6654087.0,9410775,475,19200000.0,18800000.0,51300000,5766191
6,109113428,5,3,239,0,231,0,47.8,102.47048,0,0,0.0,0.0,2.190381188,0.073318199,15600000.0,40800000.0,108000000,13,109000000,27300000.0,53900000.0,108000000,434,108000000,54100000.0,76400000.0,108000000,1016,0,0,0,0,176,104,0.045823876,0.027494324,0,231,26.555555,76.7123,5884.778,0,0,0,1,0,0,0,0,0,29.875,47.8,0.0,0,0,0,0,0,0,5,239,3,0,29200,235,2,32,1000854.0,0.0,1000854,1000854,108000000.0,0.0,108000000,108000000
6,109009233,2,2,16,0,8,8,8.0,0.0,0,0,0.0,0.0,0.146776558,0.036694139,36300000.0,62900000.0,109000000,49,109000000,109000000.0,0.0,109000000,109000000,109000000,109000000.0,0.0,109000000,109000000,1,0,0,0,64,64,0.01834707,0.01834707,0,8,4.8,4.3817806,19.2,0,1,0,0,1,0,0,0,1,6.0,8.0,0.0,0,0,0,0,0,0,2,16,2,0,229,235,1,32,49.0,0.0,49,49,109000000.0,0.0,109000000,109000000
6,118012789,2,2,16,0,8,8,8.0,0.0,0,0,0.0,0.0,0.135578526,0.033894632,39300000.0,68100000.0,118000000,49,118000000,118000000.0,0.0,118000000,118000000,118000000,118000000.0,0.0,118000000,118000000,1,0,0,0,64,64,0.016947316,0.016947316,0,8,4.8,4.3817806,19.2,0,1,0,0,1,0,0,0,1,6.0,8.0,0.0,0,0,0,0,0,0,2,16,2,0,229,235,1,32,49.0,0.0,49,49,118000000.0,0.0,118000000,118000000
6,102702616,14,3,2541,6,231,0,181.5,98.363335,6,0,2.0,3.4641016,24.79975778,0.165526456,6418913.5,13200000.0,51400000,49,103000000,7900194.0,14400000.0,51400000,351,103000000,51400000.0,28000000.0,71200000,31500000,0,0,0,0,456,100,0.13631591,0.02921055,0,231,141.5,115.45473,13329.794,0,0,0,1,0,0,0,0,0,149.82353,181.5,2.0,0,0,0,0,0,0,14,2541,3,6,29200,0,11,32,3208067.5,4536139.0,6415602,533,19300000.0,18800000.0,51400000,5900038
6,3003940,3,0,0,0,0,0,0.0,0.0,0,0,0.0,0.0,0.0,0.998688389,1501970.0,710015.8,2004027,999913,3003940,1501970.0,710015.8,2004027,999913,0,0.0,0.0,0,0,0,0,0,0,120,0,0.9986884,0.0,0,0,0.0,0.0,0.0,0,0,0,1,0,0,0,0,0,0.0,0.0,0.0,0,0,0,0,0,0,3,0,0,0,29200,-1,0,40,0.0,0.0,0,0,0.0,0.0,0,0
6,3002285,3,0,0,0,0,0,0.0,0.0,0,0,0.0,0.0,0.0,0.999238913,1501142.5,710989.5,2003888,998397,3002285,1501142.5,710989.5,2003888,998397,0,0.0,0.0,0,0,0,0,0,0,120,0,0.9992389,0.0,0,0,0.0,0.0,0.0,0,0,0,1,0,0,0,0,0,0.0,0.0,0.0,0,0,0,0,0,0,3,0,0,0,29200,-1,0,40,0.0,0.0,0,0,0.0,0.0,0,0
6,3003802,3,0,0,0,0,0,0.0,0.0,0,0,0.0,0.0,0.0,0.998734271,1501901.0,710085.1,2004007,999795,3003802,1501901.0,710085.1,2004007,999795,0,0.0,0.0,0,0,0,0,0,0,120,0,0.9987343,0.0,0,0,0.0,0.0,0.0,0,0,0,1,0,0,0,0,0,0.0,0.0,0.0,0,0,0,0,0,0,3,0,0,0,29200,-1,0,40,0.0,0.0,0,0,0.0,0.0,0,0
6,99999516,2,2,16,0,8,8,8.0,0.0,0,0,0.0,0.0,0.160000774,0.040000194,33300000.0,57700000.0,100000000,58,100000000,100000000.0,0.0,100000000,100000000,100000000,100000000.0,0.0,100000000,100000000,1,0,0,0,64,64,0.020000096,0.020000096,0,8,4.8,4.3817806,19.2,0,1,0,0,1,0,0,0,1,6.0,8.0,0.0,0,0,0,0,0,0,2,16,2,0,229,235,1,32,58.0,0.0,58,58,100000000.0,0.0,100000000,100000000
6,103609950,15,3,2541,6,231,0,169.4,105.73741,6,0,2.0,3.4641016,24.58258111,0.173728488,6094703.0,12900000.0,51300000,111,104000000,7400703.0,13900000.0,51300000,449,103000000,51300000.0,27900000.0,71000000,31600000,0,0,0,0,496,100,0.14477374,0.028954748,0,231,134.05263,116.80348,13643.053,0,0,0,1,0,0,0,0,0,141.5,169.4,2.0,0,0,0,0,0,0,15,2541,3,6,29200,0,11,32,3705666.0,5240152.0,7411013,319,19200000.0,18800000.0,51300000,5934163
6,3002542,3,0,0,0,0,0,0.0,0.0,0,0,0.0,0.0,0.0,0.999153384,1501271.0,711027.0,2004043,998499,3002542,1501271.0,711027.0,2004043,998499,0,0.0,0.0,0,0,0,0,0,0,120,0,0.9991534,0.0,0,0,0.0,0.0,0.0,0,0,0,1,0,0,0,0,0,0.0,0.0,0.0,0,0,0,0,0,0,3,0,0,0,29200,-1,0,40,0.0,0.0,0,0,0.0,0.0,0,0
6,105002391,2,2,16,0,8,8,8.0,0.0,0,0,0.0,0.0,0.152377483,0.038094371,35000000.0,60600000.0,105000000,57,105000000,105000000.0,0.0,105000000,105000000,105000000,105000000.0,0.0,105000000,105000000,1,0,0,0,64,64,0.019047186,0.019047186,0,8,4.8,4.3817806,19.2,0,1,0,0,1,0,0,0,1,6.0,8.0,0.0,0,0,0,0,0,0,2,16,2,0,229,235,1,32,57.0,0.0,57,57,105000000.0,0.0,105000000,105000000
6,102681952,14,3,2541,6,231,0,181.5,98.363335,6,0,2.0,3.4641016,24.80474855,0.165559767,6417622.0,13200000.0,51300000,52,103000000,7898599.0,14300000.0,51300000,225,103000000,51300000.0,28000000.0,71200000,31500000,0,0,0,0,456,100,0.13634333,0.02921643,0,231,141.5,115.45473,13329.794,0,0,0,1,0,0,0,0,0,149.82353,181.5,2.0,0,0,0,0,0,0,14,2541,3,6,29200,0,11,32,3205662.5,4532709.5,6410772,553,19300000.0,18800000.0,51300000,5868293
6,105644561,16,3,2541,6,231,0,158.8125,110.58283,6,0,2.0,3.4641016,24.10914463,0.17984835,5869142.5,12500000.0,51300000,110,106000000,7042963.5,13500000.0,51300000,375,103000000,51300000.0,27900000.0,71000000,31600000,0,0,0,0,536,100,0.15145124,0.028397107,0,231,127.35,117.573395,13823.503,0,0,0,1,0,0,0,0,0,134.05263,158.8125,2.0,0,0,0,0,0,0,16,2541,3,6,29200,0,11,32,4707065.0,6656160.0,9413681,449,19200000.0,18800000.0,51300000,5962514
6,3002612,3,0,0,0,0,0,0.0,0.0,0,0,0.0,0.0,0.0,0.999130091,1501306.0,710558.9,2003747,998865,3002612,1501306.0,710558.9,2003747,998865,0,0.0,0.0,0,0,0,0,0,0,120,0,0.9991301,0.0,0,0,0.0,0.0,0.0,0,0,0,1,0,0,0,0,0,0.0,0.0,0.0,0,0,0,0,0,0,3,0,0,0,29200,-1,0,40,0.0,0.0,0,0,0.0,0.0,0,0
6,60,1,1,8,0,8,8,8.0,0.0,0,0,0.0,0.0,133333.3333,33333.33333,60.0,0.0,60,60,0,0.0,0.0,0,0,0,0.0,0.0,0,0,1,0,0,0,32,32,16666.666,16666.666,0,8,5.3333335,4.618802,21.333334,0,1,0,0,1,0,0,0,1,8.0,8.0,0.0,0,0,0,0,0,0,1,8,1,0,229,235,0,32,0.0,0.0,0,0,0.0,0.0,0,0
6,106012616,5,4,247,0,231,0,49.4,101.59626,0,0,0.0,0.0,2.329911376,0.084895556,13300000.0,35100000.0,100000000,28,106000000,26500000.0,49100000.0,100000000,159,106000000,35300000.0,56100000.0,100000000,758,0,0,0,0,168,136,0.047164198,0.037731357,0,231,24.7,72.56269,5265.344,0,0,0,1,0,0,0,0,0,27.444445,49.4,0.0,0,0,0,0,0,0,5,247,4,0,29200,235,3,32,436.5,494.26764,786,87,53000000.0,66500000.0,100000000,6012191
6,105650803,16,3,2541,6,231,0,158.8125,110.58283,6,0,2.0,3.4641016,24.10772022,0.179837724,5869489.0,12500000.0,51300000,114,106000000,7043379.0,13500000.0,51300000,218,103000000,51300000.0,27900000.0,71000000,31600000,0,0,0,0,536,100,0.15144229,0.02839543,0,231,127.35,117.573395,13823.503,0,0,0,1,0,0,0,0,0,134.05263,158.8125,2.0,0,0,0,0,0,0,16,2541,3,6,29200,0,11,32,4706021.5,6654847.0,9411709,334,19200000.0,18800000.0,51300000,5962484
6,3002523,3,0,0,0,0,0,0.0,0.0,0,0,0.0,0.0,0.0,0.999159707,1501261.5,710669.9,2003781,998742,3002523,1501261.5,710669.9,2003781,998742,0,0.0,0.0,0,0,0,0,0,0,120,0,0.9991597,0.0,0,0,0.0,0.0,0.0,0,0,0,1,0,0,0,0,0,0.0,0.0,0.0,0,0,0,0,0,0,3,0,0,0,29200,-1,0,40,0.0,0.0,0,0,0.0,0.0,0,0
6,3002529,3,0,0,0,0,0,0.0,0.0,0,0,0.0,0.0,0.0,0.99915771,1501264.5,710942.8,2003977,998552,3002529,1501264.5,710942.8,2003977,998552,0,0.0,0.0,0,0,0,0,0,0,120,0,0.9991577,0.0,0,0,0.0,0.0,0.0,0,0,0,1,0,0,0,0,0,0.0,0.0,0.0,0,0,0,0,0,0,3,0,0,0,29200,-1,0,40,0.0,0.0,0,0,0.0,0.0,0,0
6,3003050,3,0,0,0,0,0,0.0,0.0,0,0,0.0,0.0,0.0,0.998984366,1501525.0,710659.3,2004037,999013,3003050,1501525.0,710659.3,2004037,999013,0,0.0,0.0,0,0,0,0,0,0,120,0,0.99898434,0.0,0,0,0.0,0.0,0.0,0,0,0,1,0,0,0,0,0,0.0,0.0,0.0,0,0,0,0,0,0,3,0,0,0,29200,-1,0,40,0.0,0.0,0,0,0.0,0.0,0,0
6,105693931,16,3,2390,6,239,0,149.375,118.464554,6,0,2.0,3.4641016,22.6692297,0.179764342,5871885.0,12500000.0,51300000,110,106000000,7046253.0,13500000.0,51300000,358,103000000,51300000.0,28200000.0,71300000,31400000,0,0,0,0,536,100,0.1513805,0.028383844,0,239,119.8,121.50573,14763.643,0,0,0,1,0,0,0,0,0,126.10526,149.375,2.0,0,0,0,0,0,0,16,2390,3,6,29200,0,11,32,4707680.0,6656935.0,9414844,516,19300000.0,18800000.0,51300000,5735787
6,105712461,16,3,2541,6,231,0,158.8125,110.58283,6,0,2.0,3.4641016,24.09365912,0.179732832,5872914.5,12500000.0,51400000,107,106000000,7047489.5,13500000.0,51400000,410,103000000,51400000.0,28000000.0,71200000,31600000,0,0,0,0,536,100,0.15135397,0.028378868,0,231,127.35,117.573395,13823.503,0,0,0,1,0,0,0,0,0,134.05263,158.8125,2.0,0,0,0,0,0,0,16,2541,3,6,29200,0,11,32,4704945.0,6653101.0,9409398,492,19300000.0,18800000.0,51400000,5903322
6,105681634,16,3,2541,6,231,0,158.8125,110.58283,6,0,2.0,3.4641016,24.10068716,0.17978526,5871202.0,12500000.0,51300000,91,106000000,7045436.0,13500000.0,51300000,507,103000000,51300000.0,28200000.0,71300000,31400000,0,0,0,0,536,100,0.1513981,0.028387146,0,231,127.35,117.573395,13823.503,0,0,0,1,0,0,0,0,0,134.05263,158.8125,2.0,0,0,0,0,0,0,16,2541,3,6,29200,0,11,32,4705647.5,6654021.0,9410751,544,19300000.0,18800000.0,51300000,5745995
6,3002935,3,0,0,0,0,0,0.0,0.0,0,0,0.0,0.0,0.0,0.999022623,1501467.5,710643.0,2003968,998967,3002935,1501467.5,710643.0,2003968,998967,0,0.0,0.0,0,0,0,0,0,0,120,0,0.9990226,0.0,0,0,0.0,0.0,0.0,0,0,0,1,0,0,0,0,0,0.0,0.0,0.0,0,0,0,0,0,0,3,0,0,0,29200,-1,0,40,0.0,0.0,0,0,0.0,0.0,0,0
6,3000253,3,0,0,0,0,0,0.0,0.0,0,0,0.0,0.0,0.0,0.999915674,1500126.5,712388.2,2003861,996392,3000253,1500126.5,712388.2,2003861,996392,0,0.0,0.0,0,0,0,0,0,0,120,0,0.99991566,0.0,0,0,0.0,0.0,0.0,0,0,0,1,0,0,0,0,0,0.0,0.0,0.0,0,0,0,0,0,0,3,0,0,0,29200,-1,0,40,0.0,0.0,0,0,0.0,0.0,0,0
6,105658874,16,3,2541,6,231,0,158.8125,110.58283,6,0,2.0,3.4641016,24.1058787,0.179823987,5869937.5,12500000.0,51300000,91,106000000,7043918.5,13500000.0,51300000,243,103000000,51300000.0,28000000.0,71200000,31500000,0,0,0,0,536,100,0.15143073,0.028393261,0,231,127.35,117.573395,13823.503,0,0,0,1,0,0,0,0,0,134.05263,158.8125,2.0,0,0,0,0,0,0,16,2541,3,6,29200,0,11,32,4710041.0,6660322.0,9419600,482,19200000.0,18800000.0,51300000,5837413
6,105004104,2,2,16,0,8,8,8.0,0.0,0,0,0.0,0.0,0.152374997,0.038093749,35000000.0,60600000.0,105000000,25,105000000,105000000.0,0.0,105000000,105000000,105000000,105000000.0,0.0,105000000,105000000,1,0,0,0,64,64,0.019046875,0.019046875,0,8,4.8,4.3817806,19.2,0,1,0,0,1,0,0,0,1,6.0,8.0,0.0,0,0,0,0,0,0,2,16,2,0,229,235,1,32,25.0,0.0,25,25,105000000.0,0.0,105000000,105000000
6,100000769,2,2,16,0,8,8,8.0,0.0,0,0,0.0,0.0,0.15999877,0.039999692,33300000.0,57700000.0,100000000,101,100000000,100000000.0,0.0,100000000,100000000,100000000,100000000.0,0.0,100000000,100000000,1,0,0,0,64,64,0.019999847,0.019999847,0,8,4.8,4.3817806,19.2,0,1,0,0,1,0,0,0,1,6.0,8.0,0.0,0,0,0,0,0,0,2,16,2,0,229,235,1,32,101.0,0.0,101,101,100000000.0,0.0,100000000,100000000
6,3002639,3,0,0,0,0,0,0.0,0.0,0,0,0.0,0.0,0.0,0.999121106,1501319.5,710897.56,2004000,998639,3002639,1501319.5,710897.56,2004000,998639,0,0.0,0.0,0,0,0,0,0,0,120,0,0.9991211,0.0,0,0,0.0,0.0,0.0,0,0,0,1,0,0,0,0,0,0.0,0.0,0.0,0,0,0,0,0,0,3,0,0,0,29200,-1,0,40,0.0,0.0,0,0,0.0,0.0,0,0
6,105654576,16,3,2541,6,231,0,158.8125,110.58283,6,0,2.0,3.4641016,24.10685932,0.179831302,5869698.5,12500000.0,51300000,98,106000000,7043632.0,13500000.0,51300000,479,103000000,51300000.0,28000000.0,71200000,31500000,0,0,0,0,536,100,0.15143688,0.028394416,0,231,127.35,117.573395,13823.503,0,0,0,1,0,0,0,0,0,134.05263,158.8125,2.0,0,0,0,0,0,0,16,2541,3,6,29200,0,11,32,4707999.5,6657322.0,9415437,562,19200000.0,18800000.0,51300000,5839388
6,3001642,3,0,0,0,0,0,0.0,0.0,0,0,0.0,0.0,0.0,0.999452966,1500821.0,711578.5,2003983,997659,3001642,1500821.0,711578.5,2003983,997659,0,0.0,0.0,0,0,0,0,0,0,120,0,0.99945295,0.0,0,0,0.0,0.0,0.0,0,0,0,1,0,0,0,0,0,0.0,0.0,0.0,0,0,0,0,0,0,3,0,0,0,29200,-1,0,40,0.0,0.0,0,0,0.0,0.0,0,0
6,118013705,2,2,16,0,8,8,8.0,0.0,0,0,0.0,0.0,0.135577474,0.033894368,39300000.0,68100000.0,118000000,87,118000000,118000000.0,0.0,118000000,118000000,118000000,118000000.0,0.0,118000000,118000000,1,0,0,0,64,64,0.016947184,0.016947184,0,8,4.8,4.3817806,19.2,0,1,0,0,1,0,0,0,1,6.0,8.0,0.0,0,0,0,0,0,0,2,16,2,0,229,235,1,32,101.0,0.0,101,101,118000000.0,0.0,118000000,118000000
6,102676440,14,3,2541,6,231,0,181.5,98.363335,6,0,2.0,3.4641016,24.80608015,0.165568654,6417277.5,13200000.0,51300000,4,103000000,7898181.0,14300000.0,51300000,4,103000000,51300000.0,28000000.0,71200000,31500000,0,0,0,0,456,100,0.13635066,0.029217998,0,231,141.5,115.45473,13329.794,0,0,0,1,0,0,0,0,0,149.82353,181.5,2.0,0,0,0,0,0,0,14,2541,3,6,29200,0,11,32,3202967.5,4528895.0,6405380,555,19300000.0,18800000.0,51300000,5872723
6,3002502,3,0,0,0,0,0,0.0,0.0,0,0,0.0,0.0,0.0,0.999166695,1501251.0,710885.56,2003923,998579,3002502,1501251.0,710885.56,2003923,998579,0,0.0,0.0,0,0,0,0,0,0,120,0,0.99916667,0.0,0,0,0.0,0.0,0.0,0,0,0,1,0,0,0,0,0,0.0,0.0,0.0,0,0,0,0,0,0,3,0,0,0,29200,-1,0,40,0.0,0.0,0,0,0.0,0.0,0,0
6,4708,1,2,0,483,0,0,0.0,0.0,483,0,241.5,341.53256,102591.3339,637.213254,2354.0,3326.2302,4706,2,0,0.0,0.0,0,0,2,2.0,0.0,2,2,0,0,0,0,32,64,212.40442,424.80884,0,483,120.75,241.5,58322.25,0,0,0,0,1,1,0,0,2,161.0,0.0,241.5,0,0,0,0,0,0,1,0,2,483,229,235,0,32,0.0,0.0,0,0,0.0,0.0,0,0
6,105673711,16,3,2541,6,231,0,158.8125,110.58283,6,0,2.0,3.4641016,24.10249414,0.179798739,5870761.5,12500000.0,51300000,66,106000000,7044909.5,13500000.0,51300000,434,103000000,51300000.0,28000000.0,71200000,31500000,0,0,0,0,536,100,0.15140946,0.028389275,0,231,127.35,117.573395,13823.503,0,0,0,1,0,0,0,0,0,134.05263,158.8125,2.0,0,0,0,0,0,0,16,2541,3,6,29200,0,11,32,4709582.0,6659578.5,9418615,549,19300000.0,18800000.0,51300000,5834797
6,100000804,2,2,16,0,8,8,8.0,0.0,0,0,0.0,0.0,0.159998714,0.039999678,33300000.0,57700000.0,100000000,10,100000000,100000000.0,0.0,100000000,100000000,100000000,100000000.0,0.0,100000000,100000000,1,0,0,0,64,64,0.01999984,0.01999984,0,8,4.8,4.3817806,19.2,0,1,0,0,1,0,0,0,1,6.0,8.0,0.0,0,0,0,0,0,0,2,16,2,0,229,235,1,32,10.0,0.0,10,10,100000000.0,0.0,100000000,100000000
6,100001822,2,2,16,0,8,8,8.0,0.0,0,0,0.0,0.0,0.159997085,0.039999271,33300000.0,57700000.0,100000000,39,100000000,100000000.0,0.0,100000000,100000000,100000000,100000000.0,0.0,100000000,100000000,1,0,0,0,64,64,0.019999636,0.019999636,0,8,4.8,4.3817806,19.2,0,1,0,0,1,0,0,0,1,6.0,8.0,0.0,0,0,0,0,0,0,2,16,2,0,229,235,1,32,84.0,0.0,84,84,100000000.0,0.0,100000000,100000000
6,99999049,2,2,16,0,8,8,8.0,0.0,0,0,0.0,0.0,0.160001522,0.04000038,33300000.0,57700000.0,100000000,42,100000000,100000000.0,0.0,100000000,100000000,100000000,100000000.0,0.0,100000000,100000000,1,0,0,0,64,64,0.02000019,0.02000019,0,8,4.8,4.3817806,19.2,0,1,0,0,1,0,0,0,1,6.0,8.0,0.0,0,0,0,0,0,0,2,16,2,0,229,235,1,32,42.0,0.0,42,42,100000000.0,0.0,100000000,100000000
6,105582415,16,3,2541,6,231,0,158.8125,110.58283,6,0,2.0,3.4641016,24.12333531,0.179954209,5865689.5,12500000.0,51300000,3,106000000,7038822.0,13500000.0,51300000,3,103000000,51300000.0,28100000.0,71200000,31400000,0,0,0,0,536,100,0.15154038,0.028413823,0,231,127.35,117.573395,13823.503,0,0,0,1,0,0,0,0,0,134.05263,158.8125,2.0,0,0,0,0,0,0,16,2541,3,6,29200,0,11,32,4708161.0,6657232.0,9415535,787,19200000.0,18800000.0,51300000,5768924
6,77153489,2,1,8,0,8,0,4.0,5.656854,0,0,0.0,0.0,0.103689413,0.03888353,38600000.0,54600000.0,77200000,61,77200000,77200000.0,0.0,77200000,77200000,0,0.0,0.0,0,0,1,0,0,0,64,32,0.025922352,0.012961177,0,8,4.0,4.618802,21.333334,0,1,0,0,1,0,0,0,0,5.3333335,4.0,0.0,0,0,0,0,0,0,2,8,1,0,229,235,0,32,0.0,0.0,0,0,0.0,0.0,0,0
6,100000716,2,2,16,0,8,8,8.0,0.0,0,0,0.0,0.0,0.159998854,0.039999714,33300000.0,57700000.0,100000000,90,100000000,100000000.0,0.0,100000000,100000000,100000000,100000000.0,0.0,100000000,100000000,1,0,0,0,64,64,0.019999856,0.019999856,0,8,4.8,4.3817806,19.2,0,1,0,0,1,0,0,0,1,6.0,8.0,0.0,0,0,0,0,0,0,2,16,2,0,229,235,1,32,94.0,0.0,94,94,100000000.0,0.0,100000000,100000000
6,3002498,3,0,0,0,0,0,0.0,0.0,0,0,0.0,0.0,0.0,0.999168026,1501249.0,710952.0,2003968,998530,3002498,1501249.0,710952.0,2003968,998530,0,0.0,0.0,0,0,0,0,0,0,120,0,0.99916804,0.0,0,0,0.0,0.0,0.0,0,0,0,1,0,0,0,0,0,0.0,0.0,0.0,0,0,0,0,0,0,3,0,0,0,29200,-1,0,40,0.0,0.0,0,0,0.0,0.0,0,0
6,99999838,2,2,16,0,8,8,8.0,0.0,0,0,0.0,0.0,0.160000259,0.040000065,33300000.0,57700000.0,100000000,35,100000000,100000000.0,0.0,100000000,100000000,100000000,100000000.0,0.0,100000000,100000000,1,0,0,0,64,64,0.020000031,0.020000031,0,8,4.8,4.3817806,19.2,0,1,0,0,1,0,0,0,1,6.0,8.0,0.0,0,0,0,0,0,0,2,16,2,0,229,235,1,32,35.0,0.0,35,35,100000000.0,0.0,100000000,100000000
6,105657654,16,3,2541,6,231,0,158.8125,110.58283,6,0,2.0,3.4641016,24.10615704,0.179826064,5869869.5,12500000.0,51300000,93,106000000,7043833.5,13500000.0,51300000,231,103000000,51300000.0,28000000.0,71200000,31500000,0,0,0,0,536,100,0.15143247,0.028393589,0,231,127.35,117.573395,13823.503,0,0,0,1,0,0,0,0,0,134.05263,158.8125,2.0,0,0,0,0,0,0,16,2541,3,6,29200,0,11,32,4709596.0,6659599.5,9418644,548,19200000.0,18800000.0,51300000,5832839
6,3003422,3,0,0,0,0,0,0.0,0.0,0,0,0.0,0.0,0.0,0.998860633,1501711.0,710082.3,2003815,999607,3003422,1501711.0,710082.3,2003815,999607,0,0.0,0.0,0,0,0,0,0,0,120,0,0.99886066,0.0,0,0,0.0,0.0,0.0,0,0,0,1,0,0,0,0,0,0.0,0.0,0.0,0,0,0,0,0,0,3,0,0,0,29200,-1,0,40,0.0,0.0,0,0,0.0,0.0,0,0
6,3002554,3,0,0,0,0,0,0.0,0.0,0,0,0.0,0.0,0.0,0.999149391,1501277.0,710932.25,2003982,998572,3002554,1501277.0,710932.25,2003982,998572,0,0.0,0.0,0,0,0,0,0,0,120,0,0.9991494,0.0,0,0,0.0,0.0,0.0,0,0,0,1,0,0,0,0,0,0.0,0.0,0.0,0,0,0,0,0,0,3,0,0,0,29200,-1,0,40,0.0,0.0,0,0,0.0,0.0,0,0
6,3003606,3,0,0,0,0,0,0.0,0.0,0,0,0.0,0.0,0.0,0.998799443,1501803.0,710212.4,2003999,999607,3003606,1501803.0,710212.4,2003999,999607,0,0.0,0.0,0,0,0,0,0,0,120,0,0.99879944,0.0,0,0,0.0,0.0,0.0,0,0,0,1,0,0,0,0,0,0.0,0.0,0.0,0,0,0,0,0,0,3,0,0,0,29200,-1,0,40,0.0,0.0,0,0,0.0,0.0,0,0
6,105670277,16,3,2541,6,231,0,158.8125,110.58283,6,0,2.0,3.4641016,24.10327741,0.179804582,5870571.0,12500000.0,51300000,99,106000000,7044678.5,13500000.0,51300000,276,103000000,51300000.0,28000000.0,71200000,31500000,0,0,0,0,536,100,0.15141438,0.028390197,0,231,127.35,117.573395,13823.503,0,0,0,1,0,0,0,0,0,134.05263,158.8125,2.0,0,0,0,0,0,0,16,2541,3,6,29200,0,11,32,4707950.5,6657295.0,9415369,532,19300000.0,18800000.0,51300000,5840055
6,102709683,14,3,2541,6,231,0,181.5,98.363335,6,0,2.0,3.4641016,24.79805142,0.165515066,6419355.0,13200000.0,51400000,29,103000000,7900738.0,14400000.0,51400000,258,103000000,51400000.0,28000000.0,71100000,31600000,0,0,0,0,456,100,0.13630652,0.02920854,0,231,141.5,115.45473,13329.794,0,0,0,1,0,0,0,0,0,149.82353,181.5,2.0,0,0,0,0,0,0,14,2541,3,6,29200,0,11,32,3203629.5,4529799.0,6406681,578,19300000.0,18800000.0,51400000,5906229
6,866,3,2,231,0,231,0,77.0,133.3679,0,0,0.0,0.0,266743.649,5773.672055,216.5,228.04312,531,19,783,391.5,224.15285,550,233,847,847.0,0.0,847,847,0,0,0,0,104,72,3464.2031,2309.4688,0,231,38.5,94.30536,8893.5,0,0,0,1,0,0,0,0,0,46.2,77.0,0.0,0,0,0,0,0,0,3,231,2,0,29200,235,1,32,0.0,0.0,0,0,0.0,0.0,0,0
6,105664353,16,3,2541,6,231,0,158.8125,110.58283,6,0,2.0,3.4641016,24.10462874,0.179814663,5870242.0,12500000.0,51300000,121,106000000,7044281.5,13500000.0,51300000,530,103000000,51300000.0,28000000.0,71200000,31500000,0,0,0,0,536,100,0.15142287,0.02839179,0,231,127.35,117.573395,13823.503,0,0,0,1,0,0,0,0,0,134.05263,158.8125,2.0,0,0,0,0,0,0,16,2541,3,6,29200,0,11,32,4704870.5,6652924.0,9409198,543,19300000.0,18800000.0,51300000,5841043
6,3001758,3,0,0,0,0,0,0.0,0.0,0,0,0.0,0.0,0.0,0.999414343,1500879.0,711804.8,2004201,997557,3001758,1500879.0,711804.8,2004201,997557,0,0.0,0.0,0,0,0,0,0,0,120,0,0.9994143,0.0,0,0,0.0,0.0,0.0,0,0,0,1,0,0,0,0,0,0.0,0.0,0.0,0,0,0,0,0,0,3,0,0,0,29200,-1,0,40,0.0,0.0,0,0,0.0,0.0,0,0
6,105004355,2,2,16,0,8,8,8.0,0.0,0,0,0.0,0.0,0.152374632,0.038093658,35000000.0,60600000.0,105000000,109,105000000,105000000.0,0.0,105000000,105000000,105000000,105000000.0,0.0,105000000,105000000,1,0,0,0,64,64,0.019046828,0.019046828,0,8,4.8,4.3817806,19.2,0,1,0,0,1,0,0,0,1,6.0,8.0,0.0,0,0,0,0,0,0,2,16,2,0,229,235,1,32,135.0,0.0,135,135,105000000.0,0.0,105000000,105000000
6,3003016,3,0,0,0,0,0,0.0,0.0,0,0,0.0,0.0,0.0,0.998995676,1501508.0,710551.8,2003944,999072,3003016,1501508.0,710551.8,2003944,999072,0,0.0,0.0,0,0,0,0,0,0,120,0,0.99899566,0.0,0,0,0.0,0.0,0.0,0,0,0,1,0,0,0,0,0,0.0,0.0,0.0,0,0,0,0,0,0,3,0,0,0,29200,-1,0,40,0.0,0.0,0,0,0.0,0.0,0,0
6,3003610,3,0,0,0,0,0,0.0,0.0,0,0,0.0,0.0,0.0,0.998798113,1501805.0,710042.7,2003881,999729,3003610,1501805.0,710042.7,2003881,999729,0,0.0,0.0,0,0,0,0,0,0,120,0,0.99879813,0.0,0,0,0.0,0.0,0.0,0,0,0,1,0,0,0,0,0,0.0,0.0,0.0,0,0,0,0,0,0,3,0,0,0,29200,-1,0,40,0.0,0.0,0,0,0.0,0.0,0,0
6,3003692,3,0,0,0,0,0,0.0,0.0,0,0,0.0,0.0,0.0,0.998770846,1501846.0,710130.4,2003984,999708,3003692,1501846.0,710130.4,2003984,999708,0,0.0,0.0,0,0,0,0,0,0,120,0,0.99877083,0.0,0,0,0.0,0.0,0.0,0,0,0,1,0,0,0,0,0,0.0,0.0,0.0,0,0,0,0,0,0,3,0,0,0,29200,-1,0,40,0.0,0.0,0,0,0.0,0.0,0,0
6,99999698,2,2,16,0,8,8,8.0,0.0,0,0,0.0,0.0,0.160000483,0.040000121,33300000.0,57700000.0,100000000,56,100000000,100000000.0,0.0,100000000,100000000,100000000,100000000.0,0.0,100000000,100000000,1,0,0,0,64,64,0.02000006,0.02000006,0,8,4.8,4.3817806,19.2,0,1,0,0,1,0,0,0,1,6.0,8.0,0.0,0,0,0,0,0,0,2,16,2,0,229,235,1,32,56.0,0.0,56,56,100000000.0,0.0,100000000,100000000
6,55135878,2,1,8,0,8,0,4.0,5.656854,0,0,0.0,0.0,0.145096084,0.054411032,27600000.0,39000000.0,55100000,73,55100000,55100000.0,0.0,55100000,55100000,0,0.0,0.0,0,0,1,0,0,0,64,32,0.03627402,0.018137012,0,8,4.0,4.618802,21.333334,0,1,0,0,1,0,0,0,0,5.3333335,4.0,0.0,0,0,0,0,0,0,2,8,1,0,229,235,0,32,0.0,0.0,0,0,0.0,0.0,0,0
6,118013687,2,2,16,0,8,8,8.0,0.0,0,0,0.0,0.0,0.135577494,0.033894374,39300000.0,68100000.0,118000000,22,118000000,118000000.0,0.0,118000000,118000000,118000000,118000000.0,0.0,118000000,118000000,1,0,0,0,64,64,0.016947187,0.016947187,0,8,4.8,4.3817806,19.2,0,1,0,0,1,0,0,0,1,6.0,8.0,0.0,0,0,0,0,0,0,2,16,2,0,229,235,1,32,67.0,0.0,67,67,118000000.0,0.0,118000000,118000000
6,3000651,3,0,0,0,0,0,0.0,0.0,0,0,0.0,0.0,0.0,0.999783047,1500325.5,712242.5,2003957,996694,3000651,1500325.5,712242.5,2003957,996694,0,0.0,0.0,0,0,0,0,0,0,120,0,0.99978304,0.0,0,0,0.0,0.0,0.0,0,0,0,1,0,0,0,0,0,0.0,0.0,0.0,0,0,0,0,0,0,3,0,0,0,29200,-1,0,40,0.0,0.0,0,0,0.0,0.0,0,0
6,67774303,14,2,2318,0,231,0,165.57143,107.374054,0,0,0.0,0.0,34.20175343,0.236077677,4518287.0,6626148.5,19900000,4,67800000,5213408.0,6877358.5,19900000,4,31400000,31400000.0,0.0,31400000,31400000,0,0,0,0,456,80,0.20656797,0.02950971,0,231,136.35294,116.62115,13600.492,0,0,0,1,0,0,0,0,0,144.875,165.57143,0.0,0,0,0,0,0,0,14,2318,2,0,29200,28960,11,32,3204236.5,4530711.0,6407933,540,11200000.0,6637628.0,19900000,5714512
6,105646590,16,3,2541,6,231,0,158.8125,110.58283,6,0,2.0,3.4641016,24.1086816,0.179844896,5869255.0,12500000.0,51300000,65,106000000,7043101.5,13500000.0,51300000,494,103000000,51300000.0,28100000.0,71200000,31500000,0,0,0,0,536,100,0.15144834,0.028396564,0,231,127.35,117.573395,13823.503,0,0,0,1,0,0,0,0,0,134.05263,158.8125,2.0,0,0,0,0,0,0,16,2541,3,6,29200,0,11,32,4707991.5,6657306.5,9415418,565,19200000.0,18800000.0,51300000,5833825
6,103673121,15,3,2541,6,231,0,169.4,105.73741,6,0,2.0,3.4641016,24.56760224,0.173622631,6098419.0,12900000.0,51300000,78,104000000,7405217.5,13900000.0,51300000,701,103000000,51300000.0,28000000.0,71200000,31500000,0,0,0,0,496,100,0.14468552,0.028937105,0,231,134.05263,116.80348,13643.053,0,0,0,1,0,0,0,0,0,141.5,169.4,2.0,0,0,0,0,0,0,15,2541,3,6,29200,0,11,32,3705198.0,5239187.5,7409863,533,19300000.0,18800000.0,51300000,5869864
6,77155449,2,1,8,0,8,0,4.0,5.656854,0,0,0.0,0.0,0.103686779,0.038882542,38600000.0,54600000.0,77200000,15,77200000,77200000.0,0.0,77200000,77200000,0,0.0,0.0,0,0,1,0,0,0,64,32,0.025921695,0.012960847,0,8,4.0,4.618802,21.333334,0,1,0,0,1,0,0,0,0,5.3333335,4.0,0.0,0,0,0,0,0,0,2,8,1,0,229,235,0,32,0.0,0.0,0,0,0.0,0.0,0,0
6,3003772,3,0,0,0,0,0,0.0,0.0,0,0,0.0,0.0,0.0,0.998744246,1501886.0,710031.4,2003954,999818,3003772,1501886.0,710031.4,2003954,999818,0,0.0,0.0,0,0,0,0,0,0,120,0,0.99874425,0.0,0,0,0.0,0.0,0.0,0,0,0,1,0,0,0,0,0,0.0,0.0,0.0,0,0,0,0,0,0,3,0,0,0,29200,-1,0,40,0.0,0.0,0,0,0.0,0.0,0,0
6,3002941,3,0,0,0,0,0,0.0,0.0,0,0,0.0,0.0,0.0,0.999020627,1501470.5,710655.75,2003980,998961,3002941,1501470.5,710655.75,2003980,998961,0,0.0,0.0,0,0,0,0,0,0,120,0,0.99902064,0.0,0,0,0.0,0.0,0.0,0,0,0,1,0,0,0,0,0,0.0,0.0,0.0,0,0,0,0,0,0,3,0,0,0,29200,-1,0,40,0.0,0.0,0,0,0.0,0.0,0,0
6,53552114,14,2,2318,0,231,0,165.57143,107.374054,0,0,0.0,0.0,43.28493923,0.298774386,3570141.0,5732104.5,19800000,75,53600000,4119393.5,5990206.5,19800000,223,31500000,31500000.0,0.0,31500000,31500000,0,0,0,0,456,80,0.26142758,0.0373468,0,231,136.35294,116.62115,13600.492,0,0,0,1,0,0,0,0,0,144.875,165.57143,0.0,0,0,0,0,0,0,14,2318,2,0,29200,28960,11,32,3205493.5,4532493.0,6410450,537,11200000.0,6544930.5,19800000,5842833
6,52,1,1,8,0,8,8,8.0,0.0,0,0,0.0,0.0,153846.1538,38461.53846,52.0,0.0,52,52,0,0.0,0.0,0,0,0,0.0,0.0,0,0,1,0,0,0,32,32,19230.77,19230.77,0,8,5.3333335,4.618802,21.333334,0,1,0,0,1,0,0,0,1,8.0,8.0,0.0,0,0,0,0,0,0,1,8,1,0,229,235,0,32,0.0,0.0,0,0,0.0,0.0,0,0
6,3003693,3,0,0,0,0,0,0.0,0.0,0,0,0.0,0.0,0.0,0.998770513,1501846.5,710119.75,2003977,999716,3003693,1501846.5,710119.75,2003977,999716,0,0.0,0.0,0,0,0,0,0,0,120,0,0.99877053,0.0,0,0,0.0,0.0,0.0,0,0,0,1,0,0,0,0,0,0.0,0.0,0.0,0,0,0,0,0,0,3,0,0,0,29200,-1,0,40,0.0,0.0,0,0,0.0,0.0,0,0
6,105694675,16,3,2541,6,231,0,158.8125,110.58283,6,0,2.0,3.4641016,24.09771353,0.179763077,5871926.5,12500000.0,51300000,93,106000000,7046305.5,13500000.0,51300000,221,103000000,51300000.0,28200000.0,71300000,31400000,0,0,0,0,536,100,0.15137944,0.028383644,0,231,127.35,117.573395,13823.503,0,0,0,1,0,0,0,0,0,134.05263,158.8125,2.0,0,0,0,0,0,0,16,2541,3,6,29200,0,11,32,4708025.0,6657544.5,9415620,430,19300000.0,18800000.0,51300000,5741141
6,105668717,16,3,2541,6,231,0,158.8125,110.58283,6,0,2.0,3.4641016,24.10363324,0.179807237,5870484.5,12500000.0,51300000,57,106000000,7044575.5,13500000.0,51300000,250,103000000,51300000.0,28000000.0,71200000,31500000,0,0,0,0,536,100,0.15141661,0.028390616,0,231,127.35,117.573395,13823.503,0,0,0,1,0,0,0,0,0,134.05263,158.8125,2.0,0,0,0,0,0,0,16,2541,3,6,29200,0,11,32,4707094.0,6656013.0,9413606,582,19300000.0,18800000.0,51300000,5840886
6,3003614,3,0,0,0,0,0,0.0,0.0,0,0,0.0,0.0,0.0,0.998796783,1501807.0,710042.7,2003883,999731,3003614,1501807.0,710042.7,2003883,999731,0,0.0,0.0,0,0,0,0,0,0,120,0,0.99879676,0.0,0,0,0.0,0.0,0.0,0,0,0,1,0,0,0,0,0,0.0,0.0,0.0,0,0,0,0,0,0,3,0,0,0,29200,-1,0,40,0.0,0.0,0,0,0.0,0.0,0,0
6,101000106,2,2,16,0,8,8,8.0,0.0,0,0,0.0,0.0,0.158415675,0.039603919,33700000.0,58300000.0,101000000,49,101000000,101000000.0,0.0,101000000,101000000,101000000,101000000.0,0.0,101000000,101000000,1,0,0,0,64,64,0.01980196,0.01980196,0,8,4.8,4.3817806,19.2,0,1,0,0,1,0,0,0,1,6.0,8.0,0.0,0,0,0,0,0,0,2,16,2,0,229,235,1,32,49.0,0.0,49,49,101000000.0,0.0,101000000,101000000
6,3001891,3,0,0,0,0,0,0.0,0.0,0,0,0.0,0.0,0.0,0.999370064,1500945.5,711685.3,2004183,997708,3001891,1500945.5,711685.3,2004183,997708,0,0.0,0.0,0,0,0,0,0,0,120,0,0.99937004,0.0,0,0,0.0,0.0,0.0,0,0,0,1,0,0,0,0,0,0.0,0.0,0.0,0,0,0,0,0,0,3,0,0,0,29200,-1,0,40,0.0,0.0,0,0,0.0,0.0,0,0
6,101000015,2,2,16,0,8,8,8.0,0.0,0,0,0.0,0.0,0.158415818,0.039603955,33700000.0,58300000.0,101000000,54,101000000,101000000.0,0.0,101000000,101000000,101000000,101000000.0,0.0,101000000,101000000,1,0,0,0,64,64,0.019801976,0.019801976,0,8,4.8,4.3817806,19.2,0,1,0,0,1,0,0,0,1,6.0,8.0,0.0,0,0,0,0,0,0,2,16,2,0,229,235,1,32,54.0,0.0,54,54,101000000.0,0.0,101000000,101000000
6,102627038,14,3,2541,6,231,0,181.5,98.363335,6,0,2.0,3.4641016,24.81802115,0.165648355,6414190.0,13200000.0,51300000,77,103000000,7894378.5,14300000.0,51300000,338,103000000,51300000.0,28100000.0,71200000,31500000,0,0,0,0,456,100,0.13641629,0.029232062,0,231,141.5,115.45473,13329.794,0,0,0,1,0,0,0,0,0,149.82353,181.5,2.0,0,0,0,0,0,0,14,2541,3,6,29200,0,11,32,3206200.0,4533580.0,6411925,475,19200000.0,18800000.0,51300000,5806791
6,3002640,3,0,0,0,0,0,0.0,0.0,0,0,0.0,0.0,0.0,0.999120774,1501320.0,710845.94,2003964,998676,3002640,1501320.0,710845.94,2003964,998676,0,0.0,0.0,0,0,0,0,0,0,120,0,0.9991208,0.0,0,0,0.0,0.0,0.0,0,0,0,1,0,0,0,0,0,0.0,0.0,0.0,0,0,0,0,0,0,3,0,0,0,29200,-1,0,40,0.0,0.0,0,0,0.0,0.0,0,0
6,3002868,3,0,0,0,0,0,0.0,0.0,0,0,0.0,0.0,0.0,0.999044913,1501434.0,710335.44,2003717,999151,3002868,1501434.0,710335.44,2003717,999151,0,0.0,0.0,0,0,0,0,0,0,120,0,0.9990449,0.0,0,0,0.0,0.0,0.0,0,0,0,1,0,0,0,0,0,0.0,0.0,0.0,0,0,0,0,0,0,3,0,0,0,29200,-1,0,40,0.0,0.0,0,0,0.0,0.0,0,0
6,3003763,3,0,0,0,0,0,0.0,0.0,0,0,0.0,0.0,0.0,0.998747238,1501881.5,710084.44,2003987,999776,3003763,1501881.5,710084.44,2003987,999776,0,0.0,0.0,0,0,0,0,0,0,120,0,0.9987472,0.0,0,0,0.0,0.0,0.0,0,0,0,1,0,0,0,0,0,0.0,0.0,0.0,0,0,0,0,0,0,3,0,0,0,29200,-1,0,40,0.0,0.0,0,0,0.0,0.0,0,0
6,77154265,2,1,8,0,8,0,4.0,5.656854,0,0,0.0,0.0,0.10368837,0.038883139,38600000.0,54600000.0,77200000,21,77200000,77200000.0,0.0,77200000,77200000,0,0.0,0.0,0,0,1,0,0,0,64,32,0.025922094,0.012961046,0,8,4.0,4.618802,21.333334,0,1,0,0,1,0,0,0,0,5.3333335,4.0,0.0,0,0,0,0,0,0,2,8,1,0,229,235,0,32,0.0,0.0,0,0,0.0,0.0,0,0
6,102702906,14,3,2541,6,231,0,181.5,98.363335,6,0,2.0,3.4641016,24.79968775,0.165525988,6418931.5,13200000.0,51400000,54,103000000,7900217.0,14400000.0,51400000,54,103000000,51400000.0,28000000.0,71200000,31500000,0,0,0,0,456,100,0.13631552,0.029210469,0,231,141.5,115.45473,13329.794,0,0,0,1,0,0,0,0,0,149.82353,181.5,2.0,0,0,0,0,0,0,14,2541,3,6,29200,0,11,32,3208179.0,4536254.0,6415795,563,19300000.0,18800000.0,51400000,5894860
6,172,1,1,8,0,8,8,8.0,0.0,0,0,0.0,0.0,46511.62791,11627.90698,172.0,0.0,172,172,0,0.0,0.0,0,0,0,0.0,0.0,0,0,1,0,0,0,32,32,5813.9536,5813.9536,0,8,5.3333335,4.618802,21.333334,0,1,0,0,1,0,0,0,1,8.0,8.0,0.0,0,0,0,0,0,0,1,8,1,0,229,235,0,32,0.0,0.0,0,0,0.0,0.0,0,0
6,100000709,2,2,16,0,8,8,8.0,0.0,0,0,0.0,0.0,0.159998866,0.039999716,33300000.0,57700000.0,100000000,82,100000000,100000000.0,0.0,100000000,100000000,100000000,100000000.0,0.0,100000000,100000000,1,0,0,0,64,64,0.019999858,0.019999858,0,8,4.8,4.3817806,19.2,0,1,0,0,1,0,0,0,1,6.0,8.0,0.0,0,0,0,0,0,0,2,16,2,0,229,235,1,32,86.0,0.0,86,86,100000000.0,0.0,100000000,100000000
6,99999334,2,2,16,0,8,8,8.0,0.0,0,0,0.0,0.0,0.160001066,0.040000266,33300000.0,57700000.0,100000000,2,100000000,100000000.0,0.0,100000000,100000000,100000000,100000000.0,0.0,100000000,100000000,1,0,0,0,64,64,0.020000134,0.020000134,0,8,4.8,4.3817806,19.2,0,1,0,0,1,0,0,0,1,6.0,8.0,0.0,0,0,0,0,0,0,2,16,2,0,229,235,1,32,47.0,0.0,47,47,100000000.0,0.0,100000000,100000000
6,105664436,16,3,2541,6,231,0,158.8125,110.58283,6,0,2.0,3.4641016,24.1046098,0.179814522,5870246.5,12500000.0,51300000,76,106000000,7044290.0,13500000.0,51300000,561,103000000,51300000.0,28200000.0,71300000,31400000,0,0,0,0,536,100,0.15142275,0.028391767,0,231,127.35,117.573395,13823.503,0,0,0,1,0,0,0,0,0,134.05263,158.8125,2.0,0,0,0,0,0,0,16,2541,3,6,29200,0,11,32,4705176.0,6653097.0,9409626,726,19300000.0,18800000.0,51300000,5710575
6,103573876,15,3,2541,6,231,0,169.4,105.73741,6,0,2.0,3.4641016,24.59114304,0.173788997,6092581.0,12900000.0,51300000,40,104000000,7398126.0,13900000.0,51300000,318,103000000,51300000.0,28100000.0,71100000,31400000,0,0,0,0,496,100,0.14482416,0.028964832,0,231,134.05263,116.80348,13643.053,0,0,0,1,0,0,0,0,0,141.5,169.4,2.0,0,0,0,0,0,0,15,2541,3,6,29200,0,11,32,3707783.5,5242523.0,7414807,760,19200000.0,18800000.0,51300000,5780394
6,99999704,2,2,16,0,8,8,8.0,0.0,0,0,0.0,0.0,0.160000474,0.040000118,33300000.0,57700000.0,100000000,71,100000000,100000000.0,0.0,100000000,100000000,100000000,100000000.0,0.0,100000000,100000000,1,0,0,0,64,64,0.02000006,0.02000006,0,8,4.8,4.3817806,19.2,0,1,0,0,1,0,0,0,1,6.0,8.0,0.0,0,0,0,0,0,0,2,16,2,0,229,235,1,32,71.0,0.0,71,71,100000000.0,0.0,100000000,100000000
6,55138499,2,1,8,0,8,0,4.0,5.656854,0,0,0.0,0.0,0.145089187,0.054408445,27600000.0,39000000.0,55100000,33,55100000,55100000.0,0.0,55100000,55100000,0,0.0,0.0,0,0,1,0,0,0,64,32,0.0362723,0.018136147,0,8,4.0,4.618802,21.333334,0,1,0,0,1,0,0,0,0,5.3333335,4.0,0.0,0,0,0,0,0,0,2,8,1,0,229,235,0,32,0.0,0.0,0,0,0.0,0.0,0,0
6,57767437,2,1,8,0,8,0,4.0,5.656854,0,0,0.0,0.0,0.138486324,0.051932372,28900000.0,40800000.0,57800000,30,57800000,57800000.0,0.0,57800000,57800000,0,0.0,0.0,0,0,1,0,0,0,64,32,0.03462158,0.01731079,0,8,4.0,4.618802,21.333334,0,1,0,0,1,0,0,0,0,5.3333335,4.0,0.0,0,0,0,0,0,0,2,8,1,0,229,235,0,32,0.0,0.0,0,0,0.0,0.0,0,0
6,102634789,14,3,2541,6,231,0,181.5,98.363335,6,0,2.0,3.4641016,24.81614689,0.165635845,6414674.5,13200000.0,51300000,47,103000000,7894980.0,14300000.0,51300000,222,103000000,51300000.0,27900000.0,71000000,31600000,0,0,0,0,456,100,0.13640599,0.029229855,0,231,141.5,115.45473,13329.794,0,0,0,1,0,0,0,0,0,149.82353,181.5,2.0,0,0,0,0,0,0,14,2541,3,6,29200,0,11,32,3206071.5,4533280.5,6411585,558,19200000.0,18800000.0,51300000,5959226
6,103622113,15,3,2541,6,231,0,169.4,105.73741,6,0,2.0,3.4641016,24.57969565,0.173708096,6095418.5,12900000.0,51300000,36,104000000,7401577.0,13900000.0,51300000,274,103000000,51300000.0,28100000.0,71200000,31500000,0,0,0,0,496,100,0.14475675,0.028951349,0,231,134.05263,116.80348,13643.053,0,0,0,1,0,0,0,0,0,141.5,169.4,2.0,0,0,0,0,0,0,15,2541,3,6,29200,0,11,32,3707803.5,5242818.5,7415036,571,19200000.0,18800000.0,51300000,5807847
6,3003608,3,0,0,0,0,0,0.0,0.0,0,0,0.0,0.0,0.0,0.998798778,1501804.0,710468.4,2004181,999427,3003608,1501804.0,710468.4,2004181,999427,0,0.0,0.0,0,0,0,0,0,0,120,0,0.9987988,0.0,0,0,0.0,0.0,0.0,0,0,0,1,0,0,0,0,0,0.0,0.0,0.0,0,0,0,0,0,0,3,0,0,0,29200,-1,0,40,0.0,0.0,0,0,0.0,0.0,0,0
6,103694029,15,3,2541,6,231,0,169.4,105.73741,6,0,2.0,3.4641016,24.56264864,0.173587623,6099649.0,12900000.0,51400000,56,104000000,7406710.5,13900000.0,51400000,475,103000000,51300000.0,28000000.0,71200000,31500000,0,0,0,0,496,100,0.14465635,0.02893127,0,231,134.05263,116.80348,13643.053,0,0,0,1,0,0,0,0,0,141.5,169.4,2.0,0,0,0,0,0,0,15,2541,3,6,29200,0,11,32,3703709.0,5237065.0,7406873,545,19300000.0,18800000.0,51400000,5904216
6,103673418,15,3,2541,6,231,0,169.4,105.73741,6,0,2.0,3.4641016,24.56753186,0.173622133,6098436.5,12900000.0,51300000,14,104000000,7405243.0,13900000.0,51300000,818,103000000,51300000.0,28200000.0,71300000,31400000,0,0,0,0,496,100,0.1446851,0.028937021,0,231,134.05263,116.80348,13643.053,0,0,0,1,0,0,0,0,0,141.5,169.4,2.0,0,0,0,0,0,0,15,2541,3,6,29200,0,11,32,3705438.0,5239602.0,7410396,480,19300000.0,18800000.0,51300000,5744946
6,3003637,3,0,0,0,0,0,0.0,0.0,0,0,0.0,0.0,0.0,0.998789135,1501818.5,710167.9,2003983,999654,3003637,1501818.5,710167.9,2003983,999654,0,0.0,0.0,0,0,0,0,0,0,120,0,0.99878913,0.0,0,0,0.0,0.0,0.0,0,0,0,1,0,0,0,0,0,0.0,0.0,0.0,0,0,0,0,0,0,3,0,0,0,29200,-1,0,40,0.0,0.0,0,0,0.0,0.0,0,0
6,3002867,3,0,0,0,0,0,0.0,0.0,0,0,0.0,0.0,0.0,0.999045246,1501433.5,710989.5,2004179,998688,3002867,1501433.5,710989.5,2004179,998688,0,0.0,0.0,0,0,0,0,0,0,120,0,0.99904525,0.0,0,0,0.0,0.0,0.0,0,0,0,1,0,0,0,0,0,0.0,0.0,0.0,0,0,0,0,0,0,3,0,0,0,29200,-1,0,40,0.0,0.0,0,0,0.0,0.0,0,0
6,102704721,14,3,2541,6,231,0,181.5,98.363335,6,0,2.0,3.4641016,24.79924949,0.165523063,6419045.0,13200000.0,51400000,4,103000000,7900357.5,14400000.0,51400000,4,103000000,51400000.0,28000000.0,71100000,31600000,0,0,0,0,456,100,0.13631311,0.029209953,0,231,141.5,115.45473,13329.794,0,0,0,1,0,0,0,0,0,149.82353,181.5,2.0,0,0,0,0,0,0,14,2541,3,6,29200,0,11,32,3204998.5,4532060.0,6409649,348,19300000.0,18800000.0,51400000,5905835
6,102666466,14,3,2541,6,231,0,181.5,98.363335,6,0,2.0,3.4641016,24.80849005,0.165584739,6416654.0,13200000.0,51300000,4,103000000,7897416.0,14300000.0,51300000,4,103000000,51300000.0,28000000.0,71200000,31500000,0,0,0,0,456,100,0.13636391,0.029220836,0,231,141.5,115.45473,13329.794,0,0,0,1,0,0,0,0,0,149.82353,181.5,2.0,0,0,0,0,0,0,14,2541,3,6,29200,0,11,32,3205989.5,4533447.5,6411621,358,19300000.0,18800000.0,51300000,5840576
6,3002783,3,0,0,0,0,0,0.0,0.0,0,0,0.0,0.0,0.0,0.999073193,1501391.5,710708.06,2003938,998845,3002783,1501391.5,710708.06,2003938,998845,0,0.0,0.0,0,0,0,0,0,0,120,0,0.9990732,0.0,0,0,0.0,0.0,0.0,0,0,0,1,0,0,0,0,0,0.0,0.0,0.0,0,0,0,0,0,0,3,0,0,0,29200,-1,0,40,0.0,0.0,0,0,0.0,0.0,0,0
6,103698335,15,3,2541,6,231,0,169.4,105.73741,6,0,2.0,3.4641016,24.56162869,0.173580415,6099902.0,12900000.0,51400000,77,104000000,7407018.5,13900000.0,51400000,667,103000000,51300000.0,28000000.0,71200000,31500000,0,0,0,0,496,100,0.14465034,0.02893007,0,231,134.05263,116.80348,13643.053,0,0,0,1,0,0,0,0,0,141.5,169.4,2.0,0,0,0,0,0,0,15,2541,3,6,29200,0,11,32,3705954.5,5240311.0,7411414,495,19300000.0,18800000.0,51400000,5901067
6,6136,1,2,0,483,0,0,0.0,0.0,483,0,241.5,341.53256,78715.77575,488.9178618,3068.0,4337.393,6135,1,0,0.0,0.0,0,0,1,1.0,0.0,1,1,0,0,0,0,32,64,162.97263,325.94525,0,483,120.75,241.5,58322.25,0,0,0,0,1,1,0,0,2,161.0,0.0,241.5,0,0,0,0,0,0,1,0,2,483,229,235,0,32,0.0,0.0,0,0,0.0,0.0,0,0
6,102629959,14,3,2541,6,231,0,181.5,98.363335,6,0,2.0,3.4641016,24.8173148,0.16564364,6414372.5,13200000.0,51300000,106,103000000,7894604.0,14300000.0,51300000,327,103000000,51300000.0,27900000.0,71000000,31600000,0,0,0,0,456,100,0.13641241,0.029231232,0,231,141.5,115.45473,13329.794,0,0,0,1,0,0,0,0,0,149.82353,181.5,2.0,0,0,0,0,0,0,14,2541,3,6,29200,0,11,32,3203735.5,4529985.5,6406919,552,19200000.0,18800000.0,51300000,5964821
6,3002638,3,0,0,0,0,0,0.0,0.0,0,0,0.0,0.0,0.0,0.999121439,1501319.0,710817.7,2003943,998695,3002638,1501319.0,710817.7,2003943,998695,0,0.0,0.0,0,0,0,0,0,0,120,0,0.9991214,0.0,0,0,0.0,0.0,0.0,0,0,0,1,0,0,0,0,0,0.0,0.0,0.0,0,0,0,0,0,0,3,0,0,0,29200,-1,0,40,0.0,0.0,0,0,0.0,0.0,0,0
6,3003417,3,0,0,0,0,0,0.0,0.0,0,0,0.0,0.0,0.0,0.998862296,1501708.5,710128.25,2003845,999572,3003417,1501708.5,710128.25,2003845,999572,0,0.0,0.0,0,0,0,0,0,0,120,0,0.99886227,0.0,0,0,0.0,0.0,0.0,0,0,0,1,0,0,0,0,0,0.0,0.0,0.0,0,0,0,0,0,0,3,0,0,0,29200,-1,0,40,0.0,0.0,0,0,0.0,0.0,0,0
6,2008,1,2,0,483,0,0,0.0,0.0,483,0,241.5,341.53256,240537.8486,1494.023904,1004.0,1418.4562,2007,1,0,0.0,0.0,0,0,1,1.0,0.0,1,1,0,0,0,0,32,64,498.00797,996.0159,0,483,120.75,241.5,58322.25,0,0,0,0,1,1,0,0,2,161.0,0.0,241.5,0,0,0,0,0,0,1,0,2,483,229,235,0,32,0.0,0.0,0,0,0.0,0.0,0,0
6,3003518,3,0,0,0,0,0,0.0,0.0,0,0,0.0,0.0,0.0,0.998828707,1501759.0,710219.44,2003960,999558,3003518,1501759.0,710219.44,2003960,999558,0,0.0,0.0,0,0,0,0,0,0,120,0,0.9988287,0.0,0,0,0.0,0.0,0.0,0,0,0,1,0,0,0,0,0,0.0,0.0,0.0,0,0,0,0,0,0,3,0,0,0,29200,-1,0,40,0.0,0.0,0,0,0.0,0.0,0,0
6,3001779,3,0,0,0,0,0,0.0,0.0,0,0,0.0,0.0,0.0,0.999407351,1500889.5,711466.1,2003972,997807,3001779,1500889.5,711466.1,2003972,997807,0,0.0,0.0,0,0,0,0,0,0,120,0,0.99940735,0.0,0,0,0.0,0.0,0.0,0,0,0,1,0,0,0,0,0,0.0,0.0,0.0,0,0,0,0,0,0,3,0,0,0,29200,-1,0,40,0.0,0.0,0,0,0.0,0.0,0,0
6,3003541,3,0,0,0,0,0,0.0,0.0,0,0,0.0,0.0,0.0,0.998821058,1501770.5,709976.94,2003800,999741,3003541,1501770.5,709976.94,2003800,999741,0,0.0,0.0,0,0,0,0,0,0,120,0,0.9988211,0.0,0,0,0.0,0.0,0.0,0,0,0,1,0,0,0,0,0,0.0,0.0,0.0,0,0,0,0,0,0,3,0,0,0,29200,-1,0,40,0.0,0.0,0,0,0.0,0.0,0,0
6,103707545,15,3,2541,6,231,0,169.4,105.73741,6,0,2.0,3.4641016,24.55944743,0.173565,6100444.0,12900000.0,51400000,92,104000000,7407675.0,13900000.0,51400000,399,103000000,51400000.0,28000000.0,71200000,31600000,0,0,0,0,496,100,0.1446375,0.0289275,0,231,134.05263,116.80348,13643.053,0,0,0,1,0,0,0,0,0,141.5,169.4,2.0,0,0,0,0,0,0,15,2541,3,6,29200,0,11,32,3702635.5,5235450.5,7404658,613,19300000.0,18800000.0,51400000,5901730
6,102650914,14,3,2541,6,231,0,181.5,98.363335,6,0,2.0,3.4641016,24.81224863,0.165609826,6415682.0,13200000.0,51300000,90,103000000,7896217.0,14300000.0,51300000,260,103000000,51300000.0,27900000.0,71000000,31600000,0,0,0,0,456,100,0.13638456,0.029225264,0,231,141.5,115.45473,13329.794,0,0,0,1,0,0,0,0,0,149.82353,181.5,2.0,0,0,0,0,0,0,14,2541,3,6,29200,0,11,32,3206189.5,4533160.5,6411618,761,19200000.0,18800000.0,51300000,5962897
6,102571589,14,3,2541,6,231,0,181.5,98.363335,6,0,2.0,3.4641016,24.83143749,0.165737902,6410724.5,13200000.0,51300000,66,103000000,7890117.0,14300000.0,51300000,218,103000000,51300000.0,28100000.0,71200000,31400000,0,0,0,0,456,100,0.13649003,0.029247865,0,231,141.5,115.45473,13329.794,0,0,0,1,0,0,0,0,0,149.82353,181.5,2.0,0,0,0,0,0,0,14,2541,3,6,29200,0,11,32,3206469.5,4533792.5,6412345,594,19200000.0,18800000.0,51300000,5774173
6,3001329,3,0,0,0,0,0,0.0,0.0,0,0,0.0,0.0,0.0,0.999557196,1500664.5,712074.2,2004177,997152,3001329,1500664.5,712074.2,2004177,997152,0,0.0,0.0,0,0,0,0,0,0,120,0,0.9995572,0.0,0,0,0.0,0.0,0.0,0,0,0,1,0,0,0,0,0,0.0,0.0,0.0,0,0,0,0,0,0,3,0,0,0,29200,-1,0,40,0.0,0.0,0,0,0.0,0.0,0,0
6,8423,1,2,0,483,0,0,0.0,0.0,483,0,241.5,341.53256,57342.98943,356.1676362,4211.5,5954.5464,8422,1,0,0.0,0.0,0,0,1,1.0,0.0,1,1,0,0,0,0,32,64,118.72254,237.44508,0,483,120.75,241.5,58322.25,0,0,0,0,1,1,0,0,2,161.0,0.0,241.5,0,0,0,0,0,0,1,0,2,483,229,235,0,32,0.0,0.0,0,0,0.0,0.0,0,0
6,3001909,3,0,0,0,0,0,0.0,0.0,0,0,0.0,0.0,0.0,0.999364071,1500954.5,711352.94,2003957,997952,3001909,1500954.5,711352.94,2003957,997952,0,0.0,0.0,0,0,0,0,0,0,120,0,0.9993641,0.0,0,0,0.0,0.0,0.0,0,0,0,1,0,0,0,0,0,0.0,0.0,0.0,0,0,0,0,0,0,3,0,0,0,29200,-1,0,40,0.0,0.0,0,0,0.0,0.0,0,0
6,55138365,2,1,8,0,8,0,4.0,5.656854,0,0,0.0,0.0,0.14508954,0.054408577,27600000.0,39000000.0,55100000,96,55100000,55100000.0,0.0,55100000,55100000,0,0.0,0.0,0,0,1,0,0,0,64,32,0.036272384,0.018136192,0,8,4.0,4.618802,21.333334,0,1,0,0,1,0,0,0,0,5.3333335,4.0,0.0,0,0,0,0,0,0,2,8,1,0,229,235,0,32,0.0,0.0,0,0,0.0,0.0,0,0
6,3003841,3,0,0,0,0,0,0.0,0.0,0,0,0.0,0.0,0.0,0.998721304,1501920.5,710036.3,2003992,999849,3003841,1501920.5,710036.3,2003992,999849,0,0.0,0.0,0,0,0,0,0,0,120,0,0.9987213,0.0,0,0,0.0,0.0,0.0,0,0,0,1,0,0,0,0,0,0.0,0.0,0.0,0,0,0,0,0,0,3,0,0,0,29200,-1,0,40,0.0,0.0,0,0,0.0,0.0,0,0
6,15395362,12,1,1625,0,231,0,135.41667,118.14433,0,0,0.0,0.0,105.5512693,0.844410154,1282946.9,1778001.0,5980607,136,15400000,1399578.4,1816000.5,5980607,383,0,0.0,0.0,0,0,0,0,0,0,408,40,0.77945554,0.06495462,0,231,116.07143,119.284706,14228.841,0,0,0,1,0,0,0,0,0,125.0,135.41667,0.0,0,0,0,0,0,0,12,1625,1,0,29200,28960,8,32,0.0,0.0,0,0,0.0,0.0,0,0
6,105622159,16,3,2541,6,231,0,158.8125,110.58283,6,0,2.0,3.4641016,24.11425807,0.179886495,5867897.5,12500000.0,51300000,65,106000000,7041473.0,13500000.0,51300000,556,103000000,51300000.0,27900000.0,71000000,31600000,0,0,0,0,536,100,0.15148336,0.028403131,0,231,127.35,117.573395,13823.503,0,0,0,1,0,0,0,0,0,134.05263,158.8125,2.0,0,0,0,0,0,0,16,2541,3,6,29200,0,11,32,4707720.5,6657022.0,9414946,495,19200000.0,18800000.0,51300000,5936477
6,103710756,15,3,2390,6,239,0,159.33333,115.48263,6,0,2.0,3.4641016,23.10271463,0.173559626,6100632.5,12900000.0,51400000,116,104000000,7407903.0,13900000.0,51400000,300,103000000,51400000.0,28000000.0,71200000,31600000,0,0,0,0,496,100,0.14463302,0.028926603,0,239,126.10526,121.42712,14744.544,0,0,0,1,0,0,0,0,0,133.11111,159.33333,2.0,0,0,0,0,0,0,15,2390,3,6,29200,0,11,32,3704027.5,5237460.0,7407471,584,19300000.0,18800000.0,51400000,5902142
6,544050,4,2,231,0,231,0,57.75,115.5,0,0,0.0,0.0,424.5933278,11.02839813,108810.0,242815.81,543172,34,544050,181350.0,313425.03,543262,230,844,844.0,0.0,844,844,0,0,0,0,136,72,7.3522654,3.6761327,0,231,33.0,87.30979,7623.0,0,0,0,1,0,0,0,0,0,38.5,57.75,0.0,0,0,0,0,0,0,4,231,2,0,29200,235,1,32,0.0,0.0,0,0,0.0,0.0,0,0
6,103677417,15,3,2541,6,231,0,169.4,105.73741,6,0,2.0,3.4641016,24.56658425,0.173615436,6098671.5,12900000.0,51300000,108,104000000,7405522.0,13900000.0,51300000,704,103000000,51300000.0,28000000.0,71200000,31500000,0,0,0,0,496,100,0.14467953,0.028935906,0,231,134.05263,116.80348,13643.053,0,0,0,1,0,0,0,0,0,141.5,169.4,2.0,0,0,0,0,0,0,15,2541,3,6,29200,0,11,32,3703334.0,5236834.0,7406335,333,19300000.0,18800000.0,51300000,5863212
6,3002556,3,0,0,0,0,0,0.0,0.0,0,0,0.0,0.0,0.0,0.999148725,1501278.0,710939.3,2003988,998568,3002556,1501278.0,710939.3,2003988,998568,0,0.0,0.0,0,0,0,0,0,0,120,0,0.9991487,0.0,0,0,0.0,0.0,0.0,0,0,0,1,0,0,0,0,0,0.0,0.0,0.0,0,0,0,0,0,0,3,0,0,0,29200,-1,0,40,0.0,0.0,0,0,0.0,0.0,0,0
6,55,1,1,8,0,8,8,8.0,0.0,0,0,0.0,0.0,145454.5455,36363.63636,55.0,0.0,55,55,0,0.0,0.0,0,0,0,0.0,0.0,0,0,1,0,0,0,32,32,18181.818,18181.818,0,8,5.3333335,4.618802,21.333334,0,1,0,0,1,0,0,0,1,8.0,8.0,0.0,0,0,0,0,0,0,1,8,1,0,229,235,0,32,0.0,0.0,0,0,0.0,0.0,0,0
6,72778425,14,2,2318,0,231,0,165.57143,107.374054,0,0,0.0,0.0,31.85009843,0.219845373,4851895.0,7337269.5,21400000,22,72800000,5598340.5,7634231.0,21400000,313,31500000,31500000.0,0.0,31500000,31500000,0,0,0,0,456,80,0.19236471,0.027480671,0,231,136.35294,116.62115,13600.492,0,0,0,1,0,0,0,0,0,144.875,165.57143,0.0,0,0,0,0,0,0,14,2318,2,0,29200,28960,11,32,3203493.0,4529741.5,6406504,482,11200000.0,6547815.5,19800000,5842418
6,100009461,5,4,247,0,231,0,49.4,101.59626,0,0,0.0,0.0,2.469766335,0.089991486,12500000.0,35400000.0,100000000,4,100000000,25000000.0,50000000.0,100000000,4,100000000,33300000.0,57700000.0,100000000,676,0,0,0,0,168,136,0.04999527,0.039996214,0,231,24.7,72.56269,5265.344,0,0,0,1,0,0,0,0,0,27.444445,49.4,0.0,0,0,0,0,0,0,5,247,4,0,29200,235,3,32,9743.0,0.0,9743,9743,100000000.0,0.0,100000000,100000000
6,11,1,1,8,0,8,8,8.0,0.0,0,0,0.0,0.0,727272.7273,181818.1818,11.0,0.0,11,11,0,0.0,0.0,0,0,0,0.0,0.0,0,0,1,0,0,0,32,32,90909.09,90909.09,0,8,5.3333335,4.618802,21.333334,0,1,0,0,1,0,0,0,1,8.0,8.0,0.0,0,0,0,0,0,0,1,8,1,0,229,235,0,32,0.0,0.0,0,0,0.0,0.0,0,0
6,99999891,2,2,16,0,8,8,8.0,0.0,0,0,0.0,0.0,0.160000174,0.040000044,33300000.0,57700000.0,100000000,70,100000000,100000000.0,0.0,100000000,100000000,100000000,100000000.0,0.0,100000000,100000000,1,0,0,0,64,64,0.020000022,0.020000022,0,8,4.8,4.3817806,19.2,0,1,0,0,1,0,0,0,1,6.0,8.0,0.0,0,0,0,0,0,0,2,16,2,0,229,235,1,32,70.0,0.0,70,70,100000000.0,0.0,100000000,100000000
6,100997186,2,2,16,0,8,8,8.0,0.0,0,0,0.0,0.0,0.158420255,0.039605064,33700000.0,58300000.0,101000000,20,101000000,101000000.0,0.0,101000000,101000000,101000000,101000000.0,0.0,101000000,101000000,1,0,0,0,64,64,0.019802531,0.019802531,0,8,4.8,4.3817806,19.2,0,1,0,0,1,0,0,0,1,6.0,8.0,0.0,0,0,0,0,0,0,2,16,2,0,229,235,1,32,20.0,0.0,20,20,101000000.0,0.0,101000000,101000000
6,38091058,2,1,8,0,8,0,4.0,5.656854,0,0,0.0,0.0,0.210023045,0.078758642,19000000.0,26900000.0,38100000,77,38100000,38100000.0,0.0,38100000,38100000,0,0.0,0.0,0,0,1,0,0,0,64,32,0.05250576,0.02625288,0,8,4.0,4.618802,21.333334,0,1,0,0,1,0,0,0,0,5.3333335,4.0,0.0,0,0,0,0,0,0,2,8,1,0,229,235,0,32,0.0,0.0,0,0,0.0,0.0,0,0
6,518358,4,2,231,0,231,0,57.75,115.5,0,0,0.0,0.0,445.6379568,11.57501186,103671.6,231386.9,517589,66,518358,172786.0,298677.47,517669,202,703,703.0,0.0,703,703,0,0,0,0,136,72,7.716675,3.8583374,0,231,33.0,87.30979,7623.0,0,0,0,1,0,0,0,0,0,38.5,57.75,0.0,0,0,0,0,0,0,4,231,2,0,29200,235,1,32,0.0,0.0,0,0,0.0,0.0,0,0
6,103678820,15,3,2541,6,231,0,169.4,105.73741,6,0,2.0,3.4641016,24.56625181,0.173613087,6098754.0,12900000.0,51300000,93,104000000,7405623.5,13900000.0,51300000,223,103000000,51300000.0,28200000.0,71300000,31400000,0,0,0,0,496,100,0.14467758,0.028935514,0,231,134.05263,116.80348,13643.053,0,0,0,1,0,0,0,0,0,141.5,169.4,2.0,0,0,0,0,0,0,15,2541,3,6,29200,0,11,32,3704078.0,5237552.5,7407587,569,19300000.0,18800000.0,51300000,5734019
6,107021801,5,4,247,0,231,0,49.4,101.59626,0,0,0.0,0.0,2.307940977,0.084095015,13400000.0,37800000.0,107000000,22,107000000,26800000.0,53500000.0,107000000,758,107000000,35700000.0,61800000.0,107000000,3973,0,0,0,0,168,136,0.046719454,0.037375562,0,231,24.7,72.56269,5265.344,0,0,0,1,0,0,0,0,0,27.444445,49.4,0.0,0,0,0,0,0,0,5,247,4,0,29200,235,3,32,19976.0,0.0,19976,19976,107000000.0,0.0,107000000,107000000
6,3003394,3,0,0,0,0,0,0.0,0.0,0,0,0.0,0.0,0.0,0.998869945,1501697.0,710066.75,2003790,999604,3003394,1501697.0,710066.75,2003790,999604,0,0.0,0.0,0,0,0,0,0,0,120,0,0.99886996,0.0,0,0,0.0,0.0,0.0,0,0,0,1,0,0,0,0,0,0.0,0.0,0.0,0,0,0,0,0,0,3,0,0,0,29200,-1,0,40,0.0,0.0,0,0,0.0,0.0,0,0
6,510695,4,2,231,0,231,0,57.75,115.5,0,0,0.0,0.0,452.3247731,11.74869541,102139.0,227974.47,509952,44,510695,170231.67,294253.28,510006,138,699,699.0,0.0,699,699,0,0,0,0,136,72,7.8324637,3.9162319,0,231,33.0,87.30979,7623.0,0,0,0,1,0,0,0,0,0,38.5,57.75,0.0,0,0,0,0,0,0,4,231,2,0,29200,235,1,32,0.0,0.0,0,0,0.0,0.0,0,0
6,117014540,2,2,16,0,8,8,8.0,0.0,0,0,0.0,0.0,0.136735144,0.034183786,39000000.0,67600000.0,117000000,47,117000000,117000000.0,0.0,117000000,117000000,117000000,117000000.0,0.0,117000000,117000000,1,0,0,0,64,64,0.017091893,0.017091893,0,8,4.8,4.3817806,19.2,0,1,0,0,1,0,0,0,1,6.0,8.0,0.0,0,0,0,0,0,0,2,16,2,0,229,235,1,32,47.0,0.0,47,47,117000000.0,0.0,117000000,117000000
6,3003701,3,0,0,0,0,0,0.0,0.0,0,0,0.0,0.0,0.0,0.998767853,1501850.5,710124.0,2003984,999717,3003701,1501850.5,710124.0,2003984,999717,0,0.0,0.0,0,0,0,0,0,0,120,0,0.99876785,0.0,0,0,0.0,0.0,0.0,0,0,0,1,0,0,0,0,0,0.0,0.0,0.0,0,0,0,0,0,0,3,0,0,0,29200,-1,0,40,0.0,0.0,0,0,0.0,0.0,0,0
6,3002949,3,0,0,0,0,0,0.0,0.0,0,0,0.0,0.0,0.0,0.999017965,1501474.5,710940.0,2004185,998764,3002949,1501474.5,710940.0,2004185,998764,0,0.0,0.0,0,0,0,0,0,0,120,0,0.99901795,0.0,0,0,0.0,0.0,0.0,0,0,0,1,0,0,0,0,0,0.0,0.0,0.0,0,0,0,0,0,0,3,0,0,0,29200,-1,0,40,0.0,0.0,0,0,0.0,0.0,0,0
6,94649632,2,1,8,0,8,0,4.0,5.656854,0,0,0.0,0.0,0.084522251,0.031695844,47300000.0,66900000.0,94600000,40,94600000,94600000.0,0.0,94600000,94600000,0,0.0,0.0,0,0,1,0,0,0,64,32,0.021130564,0.010565281,0,8,4.0,4.618802,21.333334,0,1,0,0,1,0,0,0,0,5.3333335,4.0,0.0,0,0,0,0,0,0,2,8,1,0,229,235,0,32,0.0,0.0,0,0,0.0,0.0,0,0
6,3001887,3,0,0,0,0,0,0.0,0.0,0,0,0.0,0.0,0.0,0.999371395,1500943.5,711031.94,2003719,998168,3001887,1500943.5,711031.94,2003719,998168,0,0.0,0.0,0,0,0,0,0,0,120,0,0.9993714,0.0,0,0,0.0,0.0,0.0,0,0,0,1,0,0,0,0,0,0.0,0.0,0.0,0,0,0,0,0,0,3,0,0,0,29200,-1,0,40,0.0,0.0,0,0,0.0,0.0,0,0
6,99999715,2,2,16,0,8,8,8.0,0.0,0,0,0.0,0.0,0.160000456,0.040000114,33300000.0,57700000.0,100000000,34,100000000,100000000.0,0.0,100000000,100000000,100000000,100000000.0,0.0,100000000,100000000,1,0,0,0,64,64,0.020000057,0.020000057,0,8,4.8,4.3817806,19.2,0,1,0,0,1,0,0,0,1,6.0,8.0,0.0,0,0,0,0,0,0,2,16,2,0,229,235,1,32,34.0,0.0,34,34,100000000.0,0.0,100000000,100000000
6,105002621,2,2,16,0,8,8,8.0,0.0,0,0,0.0,0.0,0.152377149,0.038094287,35000000.0,60600000.0,105000000,58,105000000,105000000.0,0.0,105000000,105000000,105000000,105000000.0,0.0,105000000,105000000,1,0,0,0,64,64,0.019047145,0.019047145,0,8,4.8,4.3817806,19.2,0,1,0,0,1,0,0,0,1,6.0,8.0,0.0,0,0,0,0,0,0,2,16,2,0,229,235,1,32,58.0,0.0,58,58,105000000.0,0.0,105000000,105000000
6,100000940,2,2,16,0,8,8,8.0,0.0,0,0,0.0,0.0,0.159998496,0.039999624,33300000.0,57700000.0,100000000,96,100000000,100000000.0,0.0,100000000,100000000,100000000,100000000.0,0.0,100000000,100000000,1,0,0,0,64,64,0.019999811,0.019999811,0,8,4.8,4.3817806,19.2,0,1,0,0,1,0,0,0,1,6.0,8.0,0.0,0,0,0,0,0,0,2,16,2,0,229,235,1,32,147.0,0.0,147,147,100000000.0,0.0,100000000,100000000
6,94649493,2,1,8,0,8,0,4.0,5.656854,0,0,0.0,0.0,0.084522376,0.031695891,47300000.0,66900000.0,94600000,70,94600000,94600000.0,0.0,94600000,94600000,0,0.0,0.0,0,0,1,0,0,0,64,32,0.021130593,0.010565297,0,8,4.0,4.618802,21.333334,0,1,0,0,1,0,0,0,0,5.3333335,4.0,0.0,0,0,0,0,0,0,2,8,1,0,229,235,0,32,0.0,0.0,0,0,0.0,0.0,0,0
6,7120,1,2,0,483,0,0,0.0,0.0,483,0,241.5,341.53256,67837.07865,421.3483146,3560.0,5031.772,7118,2,0,0.0,0.0,0,0,2,2.0,0.0,2,2,0,0,0,0,32,64,140.44943,280.89886,0,483,120.75,241.5,58322.25,0,0,0,0,1,1,0,0,2,161.0,0.0,241.5,0,0,0,0,0,0,1,0,2,483,229,235,0,32,0.0,0.0,0,0,0.0,0.0,0,0
6,3001331,3,0,0,0,0,0,0.0,0.0,0,0,0.0,0.0,0.0,0.99955653,1500665.5,711535.4,2003797,997534,3001331,1500665.5,711535.4,2003797,997534,0,0.0,0.0,0,0,0,0,0,0,120,0,0.99955654,0.0,0,0,0.0,0.0,0.0,0,0,0,1,0,0,0,0,0,0.0,0.0,0.0,0,0,0,0,0,0,3,0,0,0,29200,-1,0,40,0.0,0.0,0,0,0.0,0.0,0,0
6,28044895,7,3,932,0,231,0,133.14285,122.07843,0,0,0.0,0.0,33.23242965,0.356571134,3116099.5,9049266.0,27200000,30,28000000,4674137.5,11100000.0,27200000,170,28000000,14000000.0,18700000.0,27200000,800261,0,0,0,0,232,104,0.2495998,0.10697134,0,231,84.72727,115.99232,13454.218,0,0,0,1,0,0,0,0,0,93.2,133.14285,0.0,0,0,0,0,0,0,7,932,3,0,29200,235,5,32,800291.0,0.0,800291,800291,27200000.0,0.0,27200000,27200000
6,13381607,12,1,1617,0,231,0,134.75,118.94852,0,0,0.0,0.0,120.8375048,0.971482723,1115133.9,1333840.8,3966868,104,13400000,1216509.8,1349587.9,3966868,452,0,0.0,0.0,0,0,0,0,0,0,408,40,0.8967533,0.07472944,0,231,115.5,119.860016,14366.423,0,0,0,1,0,0,0,0,0,124.38461,134.75,0.0,0,0,0,0,0,0,12,1617,1,0,29200,28960,7,32,0.0,0.0,0,0,0.0,0.0,0,0
6,3001261,3,0,0,0,0,0,0.0,0.0,0,0,0.0,0.0,0.0,0.999579843,1500630.5,711559.44,2003779,997482,3001261,1500630.5,711559.44,2003779,997482,0,0.0,0.0,0,0,0,0,0,0,120,0,0.99957985,0.0,0,0,0.0,0.0,0.0,0,0,0,1,0,0,0,0,0,0.0,0.0,0.0,0,0,0,0,0,0,3,0,0,0,29200,-1,0,40,0.0,0.0,0,0,0.0,0.0,0,0
6,100053357,5,4,247,0,231,0,49.4,101.59626,0,0,0.0,0.0,2.468682785,0.089952004,12500000.0,35400000.0,100000000,39,100000000,25000000.0,50000000.0,100000000,880,100000000,33400000.0,57700000.0,100000000,4549,0,0,0,0,168,136,0.049973335,0.039978668,0,231,24.7,72.56269,5265.344,0,0,0,1,0,0,0,0,0,27.444445,49.4,0.0,0,0,0,0,0,0,5,247,4,0,29200,235,3,32,53774.0,0.0,53774,53774,100000000.0,0.0,100000000,100000000
6,102642666,14,3,2541,6,231,0,181.5,98.363335,6,0,2.0,3.4641016,24.81424245,0.165623134,6415166.5,13200000.0,51300000,4,103000000,7895582.0,14300000.0,51300000,4,103000000,51300000.0,27900000.0,71000000,31600000,0,0,0,0,456,100,0.13639553,0.029227613,0,231,141.5,115.45473,13329.794,0,0,0,1,0,0,0,0,0,149.82353,181.5,2.0,0,0,0,0,0,0,14,2541,3,6,29200,0,11,32,3206099.5,4533023.5,6411431,768,19200000.0,18800000.0,51300000,5961073
6,3002953,3,0,0,0,0,0,0.0,0.0,0,0,0.0,0.0,0.0,0.999016635,1501476.5,710930.1,2004180,998773,3002953,1501476.5,710930.1,2004180,998773,0,0.0,0.0,0,0,0,0,0,0,120,0,0.99901664,0.0,0,0,0.0,0.0,0.0,0,0,0,1,0,0,0,0,0,0.0,0.0,0.0,0,0,0,0,0,0,3,0,0,0,29200,-1,0,40,0.0,0.0,0,0,0.0,0.0,0,0
6,100997411,2,2,16,0,8,8,8.0,0.0,0,0,0.0,0.0,0.158419902,0.039604976,33700000.0,58300000.0,101000000,60,101000000,101000000.0,0.0,101000000,101000000,101000000,101000000.0,0.0,101000000,101000000,1,0,0,0,64,64,0.019802488,0.019802488,0,8,4.8,4.3817806,19.2,0,1,0,0,1,0,0,0,1,6.0,8.0,0.0,0,0,0,0,0,0,2,16,2,0,229,235,1,32,78.0,0.0,78,78,101000000.0,0.0,101000000,101000000
6,99999241,2,2,16,0,8,8,8.0,0.0,0,0,0.0,0.0,0.160001214,0.040000304,33300000.0,57700000.0,100000000,66,100000000,100000000.0,0.0,100000000,100000000,100000000,100000000.0,0.0,100000000,100000000,1,0,0,0,64,64,0.020000152,0.020000152,0,8,4.8,4.3817806,19.2,0,1,0,0,1,0,0,0,1,6.0,8.0,0.0,0,0,0,0,0,0,2,16,2,0,229,235,1,32,103.0,0.0,103,103,100000000.0,0.0,100000000,100000000
6,3003728,3,0,0,0,0,0,0.0,0.0,0,0,0.0,0.0,0.0,0.998758876,1501864.0,710366.56,2004169,999559,3003728,1501864.0,710366.56,2004169,999559,0,0.0,0.0,0,0,0,0,0,0,120,0,0.99875885,0.0,0,0,0.0,0.0,0.0,0,0,0,1,0,0,0,0,0,0.0,0.0,0.0,0,0,0,0,0,0,3,0,0,0,29200,-1,0,40,0.0,0.0,0,0,0.0,0.0,0,0
6,3002694,3,0,0,0,0,0,0.0,0.0,0,0,0.0,0.0,0.0,0.999102806,1501347.0,710831.8,2003981,998713,3002694,1501347.0,710831.8,2003981,998713,0,0.0,0.0,0,0,0,0,0,0,120,0,0.99910283,0.0,0,0,0.0,0.0,0.0,0,0,0,1,0,0,0,0,0,0.0,0.0,0.0,0,0,0,0,0,0,3,0,0,0,29200,-1,0,40,0.0,0.0,0,0,0.0,0.0,0,0
6,3003752,3,0,0,0,0,0,0.0,0.0,0,0,0.0,0.0,0.0,0.998750896,1501876.0,710073.8,2003974,999778,3003752,1501876.0,710073.8,2003974,999778,0,0.0,0.0,0,0,0,0,0,0,120,0,0.9987509,0.0,0,0,0.0,0.0,0.0,0,0,0,1,0,0,0,0,0,0.0,0.0,0.0,0,0,0,0,0,0,3,0,0,0,29200,-1,0,40,0.0,0.0,0,0,0.0,0.0,0,0
6,103592230,15,3,2541,6,231,0,169.4,105.73741,6,0,2.0,3.4641016,24.58678609,0.173758206,6093660.5,12900000.0,51300000,43,104000000,7399442.0,13900000.0,51300000,273,103000000,51300000.0,28100000.0,71200000,31400000,0,0,0,0,496,100,0.1447985,0.0289597,0,231,134.05263,116.80348,13643.053,0,0,0,1,0,0,0,0,0,141.5,169.4,2.0,0,0,0,0,0,0,15,2541,3,6,29200,0,11,32,3704819.5,5238752.5,7409177,462,19200000.0,18800000.0,51300000,5773933
6,102574541,14,3,2541,6,231,0,181.5,98.363335,6,0,2.0,3.4641016,24.83072286,0.165733133,6410909.0,13200000.0,51300000,50,103000000,7890345.5,14300000.0,51300000,388,103000000,51300000.0,28100000.0,71100000,31400000,0,0,0,0,456,100,0.13648611,0.029247023,0,231,141.5,115.45473,13329.794,0,0,0,1,0,0,0,0,0,149.82353,181.5,2.0,0,0,0,0,0,0,14,2541,3,6,29200,0,11,32,3208109.0,4535862.5,6415448,770,19200000.0,18800000.0,51300000,5777565
6,102713485,14,3,2541,6,231,0,181.5,98.363335,6,0,2.0,3.4641016,24.7971335,0.16550894,6419593.0,13200000.0,51400000,106,103000000,7901029.0,14400000.0,51400000,389,103000000,51400000.0,28000000.0,71200000,31600000,0,0,0,0,456,100,0.13630147,0.02920746,0,231,141.5,115.45473,13329.794,0,0,0,1,0,0,0,0,0,149.82353,181.5,2.0,0,0,0,0,0,0,14,2541,3,6,29200,0,11,32,3205569.0,4532321.0,6410404,734,19300000.0,18800000.0,51400000,5904667
6,105004222,2,2,16,0,8,8,8.0,0.0,0,0,0.0,0.0,0.152374825,0.038093706,35000000.0,60600000.0,105000000,50,105000000,105000000.0,0.0,105000000,105000000,105000000,105000000.0,0.0,105000000,105000000,1,0,0,0,64,64,0.019046852,0.019046852,0,8,4.8,4.3817806,19.2,0,1,0,0,1,0,0,0,1,6.0,8.0,0.0,0,0,0,0,0,0,2,16,2,0,229,235,1,32,50.0,0.0,50,50,105000000.0,0.0,105000000,105000000
6,3000713,3,0,0,0,0,0,0.0,0.0,0,0,0.0,0.0,0.0,0.99976239,1500356.5,712269.4,2004007,996706,3000713,1500356.5,712269.4,2004007,996706,0,0.0,0.0,0,0,0,0,0,0,120,0,0.9997624,0.0,0,0,0.0,0.0,0.0,0,0,0,1,0,0,0,0,0,0.0,0.0,0.0,0,0,0,0,0,0,3,0,0,0,29200,-1,0,40,0.0,0.0,0,0,0.0,0.0,0,0
6,102657859,14,3,2541,6,231,0,181.5,98.363335,6,0,2.0,3.4641016,24.81057003,0.165598622,6416116.0,13200000.0,51300000,4,103000000,7896750.5,14300000.0,51300000,4,103000000,51300000.0,28000000.0,71200000,31500000,0,0,0,0,456,100,0.13637534,0.029223286,0,231,141.5,115.45473,13329.794,0,0,0,1,0,0,0,0,0,149.82353,181.5,2.0,0,0,0,0,0,0,14,2541,3,6,29200,0,11,32,3205696.0,4532649.0,6410763,629,19200000.0,18800000.0,51300000,5839194
6,512418,4,2,231,0,231,0,57.75,115.5,0,0,0.0,0.0,450.8038359,11.70919054,102483.6,228723.8,511637,46,512418,170806.0,295210.84,511686,129,735,735.0,0.0,735,735,0,0,0,0,136,72,7.806127,3.9030635,0,231,33.0,87.30979,7623.0,0,0,0,1,0,0,0,0,0,38.5,57.75,0.0,0,0,0,0,0,0,4,231,2,0,29200,235,1,32,0.0,0.0,0,0,0.0,0.0,0,0
6,103661654,15,3,2541,6,231,0,169.4,105.73741,6,0,2.0,3.4641016,24.5703199,0.173641837,6097744.5,12900000.0,51300000,103,104000000,7404396.5,13900000.0,51300000,345,103000000,51300000.0,28000000.0,71200000,31500000,0,0,0,0,496,100,0.14470153,0.028940305,0,231,134.05263,116.80348,13643.053,0,0,0,1,0,0,0,0,0,141.5,169.4,2.0,0,0,0,0,0,0,15,2541,3,6,29200,0,11,32,3703499.5,5236830.5,7406498,501,19300000.0,18800000.0,51300000,5836439
6,102581486,14,3,2541,6,231,0,181.5,98.363335,6,0,2.0,3.4641016,24.82904176,0.165721912,6411343.0,13200000.0,51300000,3,103000000,7890875.0,14300000.0,51300000,3,103000000,51300000.0,28100000.0,71200000,31400000,0,0,0,0,456,100,0.13647687,0.029245043,0,231,141.5,115.45473,13329.794,0,0,0,1,0,0,0,0,0,149.82353,181.5,2.0,0,0,0,0,0,0,14,2541,3,6,29200,0,11,32,3203316.5,4529664.5,6406273,360,19200000.0,18800000.0,51300000,5776089
6,3002385,3,0,0,0,0,0,0.0,0.0,0,0,0.0,0.0,0.0,0.999205632,1501192.5,711300.6,2004158,998227,3002385,1501192.5,711300.6,2004158,998227,0,0.0,0.0,0,0,0,0,0,0,120,0,0.99920565,0.0,0,0,0.0,0.0,0.0,0,0,0,1,0,0,0,0,0,0.0,0.0,0.0,0,0,0,0,0,0,3,0,0,0,29200,-1,0,40,0.0,0.0,0,0,0.0,0.0,0,0
6,103,1,1,8,0,8,8,8.0,0.0,0,0,0.0,0.0,77669.90291,19417.47573,103.0,0.0,103,103,0,0.0,0.0,0,0,0,0.0,0.0,0,0,1,0,0,0,32,32,9708.738,9708.738,0,8,5.3333335,4.618802,21.333334,0,1,0,0,1,0,0,0,1,8.0,8.0,0.0,0,0,0,0,0,0,1,8,1,0,229,235,0,32,0.0,0.0,0,0,0.0,0.0,0,0
6,102734037,14,3,2541,6,231,0,181.5,98.363335,6,0,2.0,3.4641016,24.79217282,0.16547583,6420877.5,13200000.0,51400000,62,103000000,7902613.5,14400000.0,51400000,207,103000000,51400000.0,28000000.0,71200000,31600000,0,0,0,0,456,100,0.13627422,0.029201617,0,231,141.5,115.45473,13329.794,0,0,0,1,0,0,0,0,0,149.82353,181.5,2.0,0,0,0,0,0,0,14,2541,3,6,29200,0,11,32,3207655.0,4535598.0,6414807,503,19300000.0,18800000.0,51400000,5901880
6,102709550,14,3,2541,6,231,0,181.5,98.363335,6,0,2.0,3.4641016,24.79808353,0.165515281,6419347.0,13200000.0,51400000,19,103000000,7900726.5,14400000.0,51400000,322,103000000,51400000.0,28000000.0,71200000,31600000,0,0,0,0,456,100,0.1363067,0.029208578,0,231,141.5,115.45473,13329.794,0,0,0,1,0,0,0,0,0,149.82353,181.5,2.0,0,0,0,0,0,0,14,2541,3,6,29200,0,11,32,3203508.0,4529675.0,6406472,544,19300000.0,18800000.0,51400000,5905215
6,5404,1,2,0,483,0,0,0.0,0.0,483,0,241.5,341.53256,89378.23834,555.1443375,2702.0,3818.3767,5402,2,0,0.0,0.0,0,0,2,2.0,0.0,2,2,0,0,0,0,32,64,185.04811,370.09622,0,483,120.75,241.5,58322.25,0,0,0,0,1,1,0,0,2,161.0,0.0,241.5,0,0,0,0,0,0,1,0,2,483,229,235,0,32,0.0,0.0,0,0,0.0,0.0,0,0
6,102641750,14,3,2541,6,231,0,181.5,98.363335,6,0,2.0,3.4641016,24.8144639,0.165624612,6415109.5,13200000.0,51300000,24,103000000,7895512.5,14300000.0,51300000,222,103000000,51300000.0,28000000.0,71200000,31500000,0,0,0,0,456,100,0.13639674,0.029227873,0,231,141.5,115.45473,13329.794,0,0,0,1,0,0,0,0,0,149.82353,181.5,2.0,0,0,0,0,0,0,14,2541,3,6,29200,0,11,32,3205485.5,4532592.0,6410512,459,19200000.0,18800000.0,51300000,5839121
6,99999545,2,2,16,0,8,8,8.0,0.0,0,0,0.0,0.0,0.160000728,0.040000182,33300000.0,57700000.0,100000000,43,100000000,100000000.0,0.0,100000000,100000000,100000000,100000000.0,0.0,100000000,100000000,1,0,0,0,64,64,0.02000009,0.02000009,0,8,4.8,4.3817806,19.2,0,1,0,0,1,0,0,0,1,6.0,8.0,0.0,0,0,0,0,0,0,2,16,2,0,229,235,1,32,43.0,0.0,43,43,100000000.0,0.0,100000000,100000000
6,99999129,2,2,16,0,8,8,8.0,0.0,0,0,0.0,0.0,0.160001394,0.040000348,33300000.0,57700000.0,100000000,66,100000000,100000000.0,0.0,100000000,100000000,100000000,100000000.0,0.0,100000000,100000000,1,0,0,0,64,64,0.020000175,0.020000175,0,8,4.8,4.3817806,19.2,0,1,0,0,1,0,0,0,1,6.0,8.0,0.0,0,0,0,0,0,0,2,16,2,0,229,235,1,32,162.0,0.0,162,162,100000000.0,0.0,100000000,100000000
6,99999357,2,2,16,0,8,8,8.0,0.0,0,0,0.0,0.0,0.160001029,0.040000257,33300000.0,57700000.0,100000000,49,100000000,100000000.0,0.0,100000000,100000000,100000000,100000000.0,0.0,100000000,100000000,1,0,0,0,64,64,0.020000128,0.020000128,0,8,4.8,4.3817806,19.2,0,1,0,0,1,0,0,0,1,6.0,8.0,0.0,0,0,0,0,0,0,2,16,2,0,229,235,1,32,63.0,0.0,63,63,100000000.0,0.0,100000000,100000000
6,3003546,3,0,0,0,0,0,0.0,0.0,0,0,0.0,0.0,0.0,0.998819395,1501773.0,710232.2,2003983,999563,3003546,1501773.0,710232.2,2003983,999563,0,0.0,0.0,0,0,0,0,0,0,120,0,0.9988194,0.0,0,0,0.0,0.0,0.0,0,0,0,1,0,0,0,0,0,0.0,0.0,0.0,0,0,0,0,0,0,3,0,0,0,29200,-1,0,40,0.0,0.0,0,0,0.0,0.0,0,0
6,49408879,13,2,2087,0,231,0,160.53847,110.02622,0,0,0.0,0.0,42.23937159,0.303589159,3529205.8,5557631.0,18000000,76,49400000,4117406.5,5819079.0,18000000,393,31400000,31400000.0,0.0,31400000,31400000,0,0,0,0,424,80,0.2631106,0.040478554,0,231,130.4375,117.782265,13872.662,0,0,0,1,0,0,0,0,0,139.13333,160.53847,0.0,0,0,0,0,0,0,13,2087,2,0,29200,28960,10,32,6410922.0,0.0,6410922,6410922,8342166.0,3901053.0,12800000,5778896
6,3003380,3,0,0,0,0,0,0.0,0.0,0,0,0.0,0.0,0.0,0.998874601,1501690.0,710056.8,2003776,999604,3003380,1501690.0,710056.8,2003776,999604,0,0.0,0.0,0,0,0,0,0,0,120,0,0.9988746,0.0,0,0,0.0,0.0,0.0,0,0,0,1,0,0,0,0,0,0.0,0.0,0.0,0,0,0,0,0,0,3,0,0,0,29200,-1,0,40,0.0,0.0,0,0,0.0,0.0,0,0
6,102678599,14,3,2541,6,231,0,181.5,98.363335,6,0,2.0,3.4641016,24.80555856,0.165565173,6417412.5,13200000.0,51300000,103,103000000,7898346.0,14400000.0,51300000,221,103000000,51300000.0,28200000.0,71300000,31400000,0,0,0,0,456,100,0.13634779,0.029217383,0,231,141.5,115.45473,13329.794,0,0,0,1,0,0,0,0,0,149.82353,181.5,2.0,0,0,0,0,0,0,14,2541,3,6,29200,0,11,32,3204134.5,4530504.5,6407685,584,19300000.0,18800000.0,51300000,5734667
6,250,2,1,14,0,14,0,7.0,9.899495,0,0,0.0,0.0,56000.0,12000.0,125.0,123.03658,212,38,250,250.0,0.0,250,250,0,0.0,0.0,0,0,1,0,0,0,64,20,8000.0,4000.0,0,14,7.0,8.082904,65.333336,0,1,0,0,1,0,0,0,0,9.333333,7.0,0.0,0,0,0,0,0,0,2,14,1,0,229,0,0,32,0.0,0.0,0,0,0.0,0.0,0,0
6,251,2,1,14,0,14,0,7.0,9.899495,0,0,0.0,0.0,55776.89243,11952.19124,125.5,54.447224,164,87,251,251.0,0.0,251,251,0,0.0,0.0,0,0,1,0,0,0,64,20,7968.1274,3984.0637,0,14,7.0,8.082904,65.333336,0,1,0,0,1,0,0,0,0,9.333333,7.0,0.0,0,0,0,0,0,0,2,14,1,0,229,0,0,32,0.0,0.0,0,0,0.0,0.0,0,0
6,9942458,9,15,115,188,25,0,12.777778,10.58038,34,0,12.533334,14.54975,30.47536132,2.413890006,432280.78,1124930.2,3504483,3,6394240,799280.0,1477260.0,3250995,4,9942330,710166.44,1388904.2,3504483,3,0,0,0,0,296,488,0.90520877,1.5086813,0,34,12.12,12.930326,167.19333,0,0,0,1,0,0,0,0,1,12.625,12.777778,12.533334,0,0,0,0,0,0,9,115,15,188,29200,227,6,32,0.0,0.0,0,0,0.0,0.0,0,0
6,259,2,1,14,0,14,0,7.0,9.899495,0,0,0.0,0.0,54054.05405,11583.01158,129.5,62.932503,174,85,259,259.0,0.0,259,259,0,0.0,0.0,0,0,1,0,0,0,64,20,7722.008,3861.004,0,14,7.0,8.082904,65.333336,0,1,0,0,1,0,0,0,0,9.333333,7.0,0.0,0,0,0,0,0,0,2,14,1,0,229,0,0,32,0.0,0.0,0,0,0.0,0.0,0,0
6,231,2,1,14,0,14,0,7.0,9.899495,0,0,0.0,0.0,60606.06061,12987.01299,115.5,40.305088,144,87,231,231.0,0.0,231,231,0,0.0,0.0,0,0,1,0,0,0,64,20,8658.009,4329.0044,0,14,7.0,8.082904,65.333336,0,1,0,0,1,0,0,0,0,9.333333,7.0,0.0,0,0,0,0,0,0,2,14,1,0,229,0,0,32,0.0,0.0,0,0,0.0,0.0,0,0
6,9195979,9,15,104,188,23,0,11.555555,9.355628,34,0,12.533334,14.54975,31.75300857,2.609836321,399825.2,1041638.3,3260773,3,6008359,751044.9,1397478.4,3302807,3,9195910,656850.7,1286224.4,3260773,3,0,0,0,0,296,488,0.9786886,1.6311477,0,34,11.68,12.601984,158.81,0,0,0,1,0,0,0,0,1,12.166667,11.555555,12.533334,0,0,0,0,0,0,9,104,15,188,29200,227,6,32,0.0,0.0,0,0,0.0,0.0,0,0
6,8970988,9,15,110,188,24,0,12.222222,9.934507,34,0,12.533334,14.54975,33.2181918,2.675290615,390042.97,1003572.3,3263435,3,5844569,730571.1,1328474.1,3306281,238,8970896,640778.3,1237507.0,3263435,3,0,0,0,0,296,488,1.003234,1.6720567,0,34,11.92,12.750556,162.57666,0,0,0,1,0,0,0,0,1,12.416667,12.222222,12.533334,0,0,0,0,0,0,9,110,15,188,29200,227,6,32,0.0,0.0,0,0,0.0,0.0,0,0
6,9240675,9,15,102,188,23,0,11.333333,8.9861,34,0,12.533334,14.54975,31.3829888,2.597212866,401768.47,1044583.0,3255574,3,6193825,774228.1,1435906.1,3298462,3,9240552,660039.44,1289574.1,3255574,3,0,0,0,0,296,488,0.9739548,1.623258,0,34,11.6,12.513327,156.58333,0,0,0,1,0,0,0,0,1,12.083333,11.333333,12.533334,0,0,0,0,0,0,9,102,15,188,29200,227,6,32,0.0,0.0,0,0,0.0,0.0,0,0
6,8846850,9,15,101,188,23,0,11.222222,8.899126,34,0,12.533334,14.54975,32.66699447,2.71282999,384645.66,1002225.9,3236670,1,6155672,769459.0,1427001.8,3278799,1,8846746,631910.44,1237576.9,3236670,3,0,0,0,0,296,488,1.0173112,1.6955187,0,34,11.56,12.493598,156.09,0,0,0,1,0,0,0,0,1,12.041667,11.222222,12.533334,0,0,0,0,0,0,9,101,15,188,29200,227,6,32,0.0,0.0,0,0,0.0,0.0,0,0
6,307,2,1,14,0,14,0,7.0,9.899495,0,0,0.0,0.0,45602.60586,9771.986971,153.5,72.832,205,102,307,307.0,0.0,307,307,0,0.0,0.0,0,0,1,0,0,0,64,20,6514.658,3257.329,0,14,7.0,8.082904,65.333336,0,1,0,0,1,0,0,0,0,9.333333,7.0,0.0,0,0,0,0,0,0,2,14,1,0,229,0,0,32,0.0,0.0,0,0,0.0,0.0,0,0
6,9004116,9,15,110,188,25,0,12.222222,10.034662,34,0,12.533334,14.54975,33.09597522,2.665447669,391483.3,1016704.9,3176076,3,6041427,755178.4,1397786.0,3218612,267,9004001,643142.94,1255003.9,3176076,3,0,0,0,0,296,488,0.9995429,1.6659048,0,34,11.92,12.776671,163.24333,0,0,0,1,0,0,0,0,1,12.416667,12.222222,12.533334,0,0,0,0,0,0,9,110,15,188,29200,227,6,32,0.0,0.0,0,0,0.0,0.0,0,0
6,248,2,1,14,0,14,0,7.0,9.899495,0,0,0.0,0.0,56451.6129,12096.77419,124.0,94.75231,191,57,248,248.0,0.0,248,248,0,0.0,0.0,0,0,1,0,0,0,64,20,8064.516,4032.258,0,14,7.0,8.082904,65.333336,0,1,0,0,1,0,0,0,0,9.333333,7.0,0.0,0,0,0,0,0,0,2,14,1,0,229,0,0,32,0.0,0.0,0,0,0.0,0.0,0,0
6,269,2,1,14,0,14,0,7.0,9.899495,0,0,0.0,0.0,52044.60967,11152.41636,134.5,40.305088,163,106,269,269.0,0.0,269,269,0,0.0,0.0,0,0,1,0,0,0,64,20,7434.9443,3717.4722,0,14,7.0,8.082904,65.333336,0,1,0,0,1,0,0,0,0,9.333333,7.0,0.0,0,0,0,0,0,0,2,14,1,0,229,0,0,32,0.0,0.0,0,0,0.0,0.0,0,0
6,201,2,1,14,0,14,0,7.0,9.899495,0,0,0.0,0.0,69651.74129,14925.37313,100.5,48.790367,135,66,201,201.0,0.0,201,201,0,0.0,0.0,0,0,1,0,0,0,64,20,9950.249,4975.1245,0,14,7.0,8.082904,65.333336,0,1,0,0,1,0,0,0,0,9.333333,7.0,0.0,0,0,0,0,0,0,2,14,1,0,229,0,0,32,0.0,0.0,0,0,0.0,0.0,0,0
6,9028629,9,15,108,188,23,0,12.0,9.682458,34,0,12.533334,14.54975,32.78460107,2.658210898,392549.1,1019220.56,3072570,3,6161675,770209.4,1424136.0,3116235,3,9028529,644894.94,1258072.5,3072570,3,0,0,0,0,296,488,0.9968291,1.6613818,0,34,11.84,12.684242,160.89,0,0,0,1,0,0,0,0,1,12.333333,12.0,12.533334,0,0,0,0,0,0,9,108,15,188,29200,227,6,32,0.0,0.0,0,0,0.0,0.0,0,0
6,8442726,9,15,114,188,25,0,12.666667,10.452272,34,0,12.533334,14.54975,35.77043718,2.842683749,367075.03,954767.94,3028003,3,5887795,735974.4,1362623.5,3070129,222,8442607,603043.4,1178747.8,3028003,3,0,0,0,0,296,488,1.0660064,1.7766774,0,34,12.08,12.893538,166.24333,0,0,0,1,0,0,0,0,1,12.583333,12.666667,12.533334,0,0,0,0,0,0,9,114,15,188,29200,227,6,32,0.0,0.0,0,0,0.0,0.0,0,0
6,234,2,1,14,0,14,0,7.0,9.899495,0,0,0.0,0.0,59829.05983,12820.51282,117.0,83.4386,176,58,234,234.0,0.0,234,234,0,0.0,0.0,0,0,1,0,0,0,64,20,8547.009,4273.5044,0,14,7.0,8.082904,65.333336,0,1,0,0,1,0,0,0,0,9.333333,7.0,0.0,0,0,0,0,0,0,2,14,1,0,229,0,0,32,0.0,0.0,0,0,0.0,0.0,0,0
6,259,2,1,14,0,14,0,7.0,9.899495,0,0,0.0,0.0,54054.05405,11583.01158,129.5,105.35891,204,55,259,259.0,0.0,259,259,0,0.0,0.0,0,0,1,0,0,0,64,20,7722.008,3861.004,0,14,7.0,8.082904,65.333336,0,1,0,0,1,0,0,0,0,9.333333,7.0,0.0,0,0,0,0,0,0,2,14,1,0,229,0,0,32,0.0,0.0,0,0,0.0,0.0,0,0
6,8854509,9,15,102,188,22,0,11.333333,8.944272,34,0,12.533334,14.54975,32.75167488,2.710483438,384978.66,999175.5,3103599,3,5706848,713356.0,1317553.0,2973608,220,8854389,632456.4,1233278.2,3103599,3,0,0,0,0,296,488,1.0164313,1.6940521,0,34,11.6,12.503333,156.33333,0,0,0,1,0,0,0,0,1,12.083333,11.333333,12.533334,0,0,0,0,0,0,9,102,15,188,29200,227,6,32,0.0,0.0,0,0,0.0,0.0,0,0
6,8796406,9,15,107,188,24,0,11.888889,9.571369,34,0,12.533334,14.54975,33.53642385,2.728387025,382452.44,1001137.94,3330958,3,6346634,793329.25,1470487.1,3374322,3,8796291,628306.5,1236861.1,3330958,3,0,0,0,0,296,488,1.0231451,1.7052419,0,34,11.8,12.655697,160.16667,0,0,0,1,0,0,0,0,1,12.291667,11.888889,12.533334,0,0,0,0,0,0,9,107,15,188,29200,227,6,32,0.0,0.0,0,0,0.0,0.0,0,0
6,9600425,9,15,105,188,23,0,11.666667,9.300538,34,0,12.533334,14.54975,30.51948221,2.499889328,417409.78,1084245.6,3404762,3,6664336,833042.0,1537439.4,3449251,4,9600339,685738.5,1338400.8,3404762,3,0,0,0,0,296,488,0.9374585,1.5624309,0,34,11.72,12.58809,158.46,0,0,0,1,0,0,0,0,1,12.208333,11.666667,12.533334,0,0,0,0,0,0,9,105,15,188,29200,227,6,32,0.0,0.0,0,0,0.0,0.0,0,0
6,8051443,9,15,104,188,23,0,11.555555,9.193899,34,0,12.533334,14.54975,36.26679093,2.980832132,350062.75,911062.25,2924593,3,5340249,667531.1,1244644.5,2968891,3,8051326,575094.7,1124864.0,2924593,3,0,0,0,0,296,488,1.117812,1.8630201,0,34,11.68,12.562245,157.81,0,0,0,1,0,0,0,0,1,12.166667,11.555555,12.533334,0,0,0,0,0,0,9,104,15,188,29200,227,6,32,0.0,0.0,0,0,0.0,0.0,0,0
6,9226446,9,15,97,188,23,0,10.777778,8.540752,34,0,12.533334,14.54975,30.88946708,2.601218281,401149.8,1043512.56,3233580,3,6111880,763985.0,1418083.9,3279951,4,9226322,659023.0,1288325.9,3233580,3,0,0,0,0,296,488,0.97545683,1.6257614,0,34,11.4,12.416387,154.16667,0,0,0,1,0,0,0,0,1,11.875,10.777778,12.533334,0,0,0,0,0,0,9,97,15,188,29200,227,6,32,0.0,0.0,0,0,0.0,0.0,0,0
6,192,2,2,14,0,14,0,7.0,9.899495,0,0,0.0,0.0,72916.66667,20833.33333,64.0,55.677643,114,4,192,192.0,0.0,192,192,4,4.0,0.0,4,4,1,0,0,0,64,40,10416.667,10416.667,0,14,5.6,7.6681156,58.8,0,1,0,0,1,0,0,0,1,7.0,7.0,0.0,0,0,0,0,0,0,2,14,2,0,229,0,0,32,0.0,0.0,0,0,0.0,0.0,0,0
6,10136232,9,15,103,188,23,0,11.444445,9.098229,34,0,12.533334,14.54975,28.70889301,2.367743753,440705.75,1147852.8,3624399,3,6925371,865671.4,1604867.2,3666800,3,10100000,724007.94,1417340.2,3624399,3,0,0,0,0,296,488,0.8879039,1.4798398,0,34,11.64,12.539537,157.24,0,0,0,1,0,0,0,0,1,12.125,11.444445,12.533334,0,0,0,0,0,0,9,103,15,188,29200,227,6,32,0.0,0.0,0,0,0.0,0.0,0,0
6,9954827,9,15,101,188,21,0,11.222222,8.800253,34,0,12.533334,14.54975,29.03114238,2.410890717,432818.56,1125670.2,3481982,1,6803182,850397.75,1573712.9,3526355,249,9954727,711051.94,1389725.4,3481982,1,0,0,0,0,296,488,0.904084,1.5068067,0,34,11.56,12.470231,155.50667,0,0,0,1,0,0,0,0,1,12.041667,11.222222,12.533334,0,0,0,0,0,0,9,101,15,188,29200,227,6,32,0.0,0.0,0,0,0.0,0.0,0,0
6,9551475,9,15,105,188,27,0,11.666667,9.669539,34,0,12.533334,14.54975,30.67589037,2.512700918,415281.53,1080808.1,3388282,3,6296550,787068.75,1460622.8,3432950,3,9551349,682239.2,1334444.0,3388282,3,0,0,0,0,296,488,0.9422628,1.570438,0,34,11.72,12.680431,160.79333,0,0,0,1,0,0,0,0,1,12.208333,11.666667,12.533334,0,0,0,0,0,0,9,105,15,188,29200,227,6,32,0.0,0.0,0,0,0.0,0.0,0,0
6,8382361,9,15,106,188,23,0,11.777778,9.444281,34,0,12.533334,14.54975,35.07365049,2.863155142,364450.47,950111.6,3115207,3,5224378,653047.25,1209766.5,2747803,3,8382264,598733.1,1173293.2,3115207,3,0,0,0,0,296,488,1.0736831,1.789472,0,34,11.76,12.623655,159.35667,0,0,0,1,0,0,0,0,1,12.25,11.777778,12.533334,0,0,0,0,0,0,9,106,15,188,29200,227,6,32,0.0,0.0,0,0,0.0,0.0,0,0
6,8851795,9,15,100,188,21,0,11.111111,8.681078,34,0,12.533334,14.54975,32.53577382,2.711314485,384860.66,997524.7,2996725,3,5811162,726395.25,1341688.8,3027462,221,8851676,632262.56,1231056.8,2996725,3,0,0,0,0,296,488,1.016743,1.6945715,0,34,11.52,12.443606,154.84334,0,0,0,1,0,0,0,0,1,12.0,11.111111,12.533334,0,0,0,0,0,0,9,100,15,188,29200,227,6,32,0.0,0.0,0,0,0.0,0.0,0,0
6,270,2,1,14,0,14,0,7.0,9.899495,0,0,0.0,0.0,51851.85185,11111.11111,135.0,36.769554,161,109,270,270.0,0.0,270,270,0,0.0,0.0,0,0,1,0,0,0,64,20,7407.407,3703.7036,0,14,7.0,8.082904,65.333336,0,1,0,0,1,0,0,0,0,9.333333,7.0,0.0,0,0,0,0,0,0,2,14,1,0,229,0,0,32,0.0,0.0,0,0,0.0,0.0,0,0
6,8630249,9,15,102,188,22,0,11.333333,8.9861,34,0,12.533334,14.54975,33.60273846,2.780916286,375228.22,974404.75,2931971,1,5657660,707207.5,1309282.0,2954310,1,8630127,616437.6,1202778.9,2931971,48,0,0,0,0,296,488,1.0428436,1.7380726,0,34,11.6,12.513327,156.58333,0,0,0,1,0,0,0,0,1,12.083333,11.333333,12.533334,0,0,0,0,0,0,9,102,15,188,29200,227,6,32,0.0,0.0,0,0,0.0,0.0,0,0
6,9035369,9,15,107,188,25,0,11.888889,9.675283,34,0,12.533334,14.54975,32.64946899,2.656227986,392842.12,1021605.4,3204596,3,5908731,738591.4,1369815.8,3247731,270,9035255,645375.4,1261239.2,3204596,3,0,0,0,0,296,488,0.9960855,1.6601425,0,34,11.8,12.682008,160.83333,0,0,0,1,0,0,0,0,1,12.291667,11.888889,12.533334,0,0,0,0,0,0,9,107,15,188,29200,227,6,32,0.0,0.0,0,0,0.0,0.0,0,0
6,9714644,9,15,101,188,23,0,11.222222,8.941166,34,0,12.533334,14.54975,29.74890279,2.470497118,422375.8,1097674.2,3676699,1,6711574,838946.75,1547636.2,3718728,3,9714528,693894.9,1355053.1,3676699,1,0,0,0,0,296,488,0.9264364,1.5440607,0,34,11.56,12.503599,156.34,0,0,0,1,0,0,0,0,1,12.041667,11.222222,12.533334,0,0,0,0,0,0,9,101,15,188,29200,227,6,32,0.0,0.0,0,0,0.0,0.0,0,0
6,8639498,9,15,103,188,24,0,11.444445,9.15302,34,0,12.533334,14.54975,33.68251257,2.777939181,375630.34,981477.1,3264761,1,5840962,730120.25,1366252.1,3308086,3,8639435,617102.5,1212325.4,3264761,1,0,0,0,0,296,488,1.0417272,1.736212,0,34,11.64,12.552822,157.57333,0,0,0,1,0,0,0,0,1,12.125,11.444445,12.533334,0,0,0,0,0,0,9,103,15,188,29200,227,6,32,0.0,0.0,0,0,0.0,0.0,0,0
6,10014270,9,15,108,188,23,0,12.0,9.656604,34,0,12.533334,14.54975,29.55782099,2.39658008,435403.03,1133179.9,3579655,3,6846316,855789.5,1583450.2,3620650,4,10000000,715297.7,1399105.4,3579655,3,0,0,0,0,296,488,0.8987175,1.4978626,0,34,11.84,12.6776705,160.72333,0,0,0,1,0,0,0,0,1,12.333333,12.0,12.533334,0,0,0,0,0,0,9,108,15,188,29200,227,6,32,0.0,0.0,0,0,0.0,0.0,0,0
6,9547390,9,15,127,188,35,0,14.111111,12.613925,34,0,12.533334,14.54975,32.99331021,2.513776016,415103.9,1087406.8,3612945,4,6393039,799129.9,1498085.8,3655223,242,9547284,681948.9,1343546.6,3612945,4,0,0,0,0,296,488,0.942666,1.57111,0,35,12.6,13.56466,184.0,0,0,0,1,0,0,0,0,1,13.125,14.111111,12.533334,0,0,0,0,0,0,9,127,15,188,29200,227,6,32,0.0,0.0,0,0,0.0,0.0,0,0
6,8413589,9,15,110,188,23,0,12.222222,9.909311,34,0,12.533334,14.54975,35.41889199,2.852528214,365808.22,958296.44,3204571,3,6089481,761185.1,1411872.9,3247311,3,8413492,600963.7,1184028.8,3204571,3,0,0,0,0,296,488,1.0696981,1.7828301,0,34,11.92,12.744019,162.41,0,0,0,1,0,0,0,0,1,12.416667,12.222222,12.533334,0,0,0,0,0,0,9,110,15,188,29200,227,6,32,0.0,0.0,0,0,0.0,0.0,0,0
6,212,2,1,14,0,14,0,7.0,9.899495,0,0,0.0,0.0,66037.73585,14150.9434,106.0,41.01219,135,77,212,212.0,0.0,212,212,0,0.0,0.0,0,0,1,0,0,0,64,20,9433.962,4716.981,0,14,7.0,8.082904,65.333336,0,1,0,0,1,0,0,0,0,9.333333,7.0,0.0,0,0,0,0,0,0,2,14,1,0,229,0,0,32,0.0,0.0,0,0,0.0,0.0,0,0
6,8685966,9,15,103,188,22,0,11.444445,9.043107,34,0,12.533334,14.54975,33.50231857,2.76307782,377650.7,980017.8,3260343,1,5639303,704912.9,1304760.2,3304893,4,8685905,620421.8,1209621.6,3260343,1,0,0,0,0,296,488,1.0361542,1.7269236,0,34,11.64,12.526239,156.90666,0,0,0,1,0,0,0,0,1,12.125,11.444445,12.533334,0,0,0,0,0,0,9,103,15,188,29200,227,6,32,0.0,0.0,0,0,0.0,0.0,0,0
6,9215706,9,15,105,188,28,0,11.666667,9.77241,34,0,12.533334,14.54975,31.79354897,2.604249745,400682.88,1033594.3,3149221,3,6196320,774540.0,1416949.6,3192820,258,9215638,658259.9,1274889.9,3149221,3,0,0,0,0,296,488,0.9765937,1.6276561,0,34,11.72,12.706691,161.46,0,0,0,1,0,0,0,0,1,12.208333,11.666667,12.533334,0,0,0,0,0,0,9,105,15,188,29200,227,6,32,0.0,0.0,0,0,0.0,0.0,0,0
6,227,2,1,14,0,14,0,7.0,9.899495,0,0,0.0,0.0,61674.00881,13215.85903,113.5,62.932503,158,69,227,227.0,0.0,227,227,0,0.0,0.0,0,0,1,0,0,0,64,20,8810.572,4405.286,0,14,7.0,8.082904,65.333336,0,1,0,0,1,0,0,0,0,9.333333,7.0,0.0,0,0,0,0,0,0,2,14,1,0,229,0,0,32,0.0,0.0,0,0,0.0,0.0,0,0
6,273,2,1,14,0,14,0,7.0,9.899495,0,0,0.0,0.0,51282.05128,10989.01099,136.5,115.25841,218,55,273,273.0,0.0,273,273,0,0.0,0.0,0,0,1,0,0,0,64,20,7326.0073,3663.0037,0,14,7.0,8.082904,65.333336,0,1,0,0,1,0,0,0,0,9.333333,7.0,0.0,0,0,0,0,0,0,2,14,1,0,229,0,0,32,0.0,0.0,0,0,0.0,0.0,0,0
6,255,2,1,14,0,14,0,7.0,9.899495,0,0,0.0,0.0,54901.96078,11764.70588,127.5,9.192389,134,121,255,255.0,0.0,255,255,0,0.0,0.0,0,0,1,0,0,0,64,20,7843.137,3921.5686,0,14,7.0,8.082904,65.333336,0,1,0,0,1,0,0,0,0,9.333333,7.0,0.0,0,0,0,0,0,0,2,14,1,0,229,0,0,32,0.0,0.0,0,0,0.0,0.0,0,0
6,228,2,1,14,0,14,0,7.0,9.899495,0,0,0.0,0.0,61403.50877,13157.89474,114.0,41.01219,143,85,228,228.0,0.0,228,228,0,0.0,0.0,0,0,1,0,0,0,64,20,8771.93,4385.965,0,14,7.0,8.082904,65.333336,0,1,0,0,1,0,0,0,0,9.333333,7.0,0.0,0,0,0,0,0,0,2,14,1,0,229,0,0,32,0.0,0.0,0,0,0.0,0.0,0,0
6,9029065,9,15,107,188,23,0,11.888889,9.545214,34,0,12.533334,14.54975,32.67226451,2.658082537,392568.03,1030318.6,3463443,3,6564357,820544.6,1522374.5,3505864,4,9028967,644926.2,1273272.5,3463443,3,0,0,0,0,296,488,0.99678093,1.6613016,0,34,11.8,12.649111,160.0,0,0,0,1,0,0,0,0,1,12.291667,11.888889,12.533334,0,0,0,0,0,0,9,107,15,188,29200,227,6,32,0.0,0.0,0,0,0.0,0.0,0,0
6,8415254,9,15,104,188,23,0,11.555555,9.275116,34,0,12.533334,14.54975,34.69889322,2.851963827,365880.6,941114.1,2924350,2,5444948,680618.5,1239948.4,2884683,2,8415192,601085.1,1160447.1,2924350,3,0,0,0,0,296,488,1.0694864,1.7824774,0,34,11.68,12.58213,158.31,0,0,0,1,0,0,0,0,1,12.166667,11.555555,12.533334,0,0,0,0,0,0,9,104,15,188,29200,227,6,32,0.0,0.0,0,0,0.0,0.0,0,0
6,9379741,9,15,102,188,22,0,11.333333,8.944272,34,0,12.533334,14.54975,30.91769805,2.558706045,407814.8,1056915.9,3548406,3,6909989,863748.6,1564269.9,3590956,3,9379680,669977.1,1304339.2,3548406,3,0,0,0,0,296,488,0.9595148,1.5991913,0,34,11.6,12.503333,156.33333,0,0,0,1,0,0,0,0,1,12.083333,11.333333,12.533334,0,0,0,0,0,0,9,102,15,188,29200,227,6,32,0.0,0.0,0,0,0.0,0.0,0,0
6,9197846,9,15,111,188,24,0,12.333333,10.049875,34,0,12.533334,14.54975,32.50761102,2.60930657,399906.34,1039559.4,3211864,3,5944067,743008.4,1375401.8,3098225,225,9197712,656979.44,1283347.9,3211864,3,0,0,0,0,296,488,0.97848994,1.6308166,0,34,11.96,12.781757,163.37334,0,0,0,1,0,0,0,0,1,12.458333,12.333333,12.533334,0,0,0,0,0,0,9,111,15,188,29200,227,6,32,0.0,0.0,0,0,0.0,0.0,0,0
6,9486858,9,15,100,188,20,0,11.111111,8.652231,34,0,12.533334,14.54975,30.35778548,2.529815456,412472.1,1070282.2,3284638,3,6274445,784305.6,1448347.9,3328531,4,9486753,677625.2,1321009.9,3284638,3,0,0,0,0,296,488,0.9486808,1.5811347,0,34,11.52,12.436908,154.67667,0,0,0,1,0,0,0,0,1,12.0,11.111111,12.533334,0,0,0,0,0,0,9,100,15,188,29200,227,6,32,0.0,0.0,0,0,0.0,0.0,0,0
6,8844685,9,15,105,188,22,0,11.666667,9.300538,34,0,12.533334,14.54975,33.12723969,2.713494036,384551.53,1001666.3,3236511,3,6153934,769241.75,1426628.1,3278639,3,8844581,631755.8,1236843.1,3236511,3,0,0,0,0,296,488,1.0175602,1.6959338,0,34,11.72,12.58809,158.46,0,0,0,1,0,0,0,0,1,12.208333,11.666667,12.533334,0,0,0,0,0,0,9,105,15,188,29200,227,6,32,0.0,0.0,0,0,0.0,0.0,0,0
6,8897407,9,15,125,188,38,0,13.888889,12.791056,34,0,12.533334,14.54975,35.17878861,2.697415101,386843.78,1005726.2,3148653,4,5970693,746336.6,1384188.0,3189917,4,8897277,635519.8,1241597.5,3148653,4,0,0,0,0,296,488,1.0115306,1.6858845,0,38,12.52,13.611025,185.26,0,0,0,1,0,0,0,0,1,13.041667,13.888889,12.533334,0,0,0,0,0,0,9,125,15,188,29200,227,6,32,0.0,0.0,0,0,0.0,0.0,0,0
6,223,2,1,14,0,14,0,7.0,9.899495,0,0,0.0,0.0,62780.26906,13452.9148,111.5,40.305088,140,83,223,223.0,0.0,223,223,0,0.0,0.0,0,0,1,0,0,0,64,20,8968.61,4484.305,0,14,7.0,8.082904,65.333336,0,1,0,0,1,0,0,0,0,9.333333,7.0,0.0,0,0,0,0,0,0,2,14,1,0,229,0,0,32,0.0,0.0,0,0,0.0,0.0,0,0
6,10079330,9,15,98,188,20,0,10.888889,8.491826,34,0,12.533334,14.54975,28.3749019,2.381110649,438231.75,1132321.6,3520092,3,6515808,814476.0,1487489.6,3286785,3,10100000,719943.0,1396925.6,3520092,3,0,0,0,0,296,488,0.8929165,1.4881941,0,34,11.44,12.403225,153.84,0,0,0,1,0,0,0,0,1,11.916667,10.888889,12.533334,0,0,0,0,0,0,9,98,15,188,29200,227,6,32,0.0,0.0,0,0,0.0,0.0,0,0
6,8852234,9,15,103,188,22,0,11.444445,9.07071,34,0,12.533334,14.54975,32.87305781,2.711180025,384879.75,1002605.6,3432789,3,5377466,672183.25,1229482.1,2788243,49,8852143,632295.94,1238017.2,3432789,3,0,0,0,0,296,488,1.0166925,1.6944876,0,34,11.64,12.53289,157.07333,0,0,0,1,0,0,0,0,1,12.125,11.444445,12.533334,0,0,0,0,0,0,9,103,15,188,29200,227,6,32,0.0,0.0,0,0,0.0,0.0,0,0
6,9078831,9,15,108,188,25,0,12.0,9.733961,34,0,12.533334,14.54975,32.60331644,2.643512144,394731.78,1028495.4,3319817,3,6312914,789114.25,1463573.1,3362186,220,9078718,648479.9,1270013.8,3319817,3,0,0,0,0,296,488,0.99131703,1.6521951,0,34,11.84,12.697375,161.22333,0,0,0,1,0,0,0,0,1,12.333333,12.0,12.533334,0,0,0,0,0,0,9,108,15,188,29200,227,6,32,0.0,0.0,0,0,0.0,0.0,0,0
6,209,2,1,14,0,14,0,7.0,9.899495,0,0,0.0,0.0,66985.64593,14354.06699,104.5,64.34672,150,59,209,209.0,0.0,209,209,0,0.0,0.0,0,0,1,0,0,0,64,20,9569.378,4784.689,0,14,7.0,8.082904,65.333336,0,1,0,0,1,0,0,0,0,9.333333,7.0,0.0,0,0,0,0,0,0,2,14,1,0,229,0,0,32,0.0,0.0,0,0,0.0,0.0,0,0
6,8950767,9,15,114,188,28,0,12.666667,10.630146,34,0,12.533334,14.54975,33.74012529,2.68133446,389163.78,1011702.6,3232686,1,5674950,709368.75,1309787.5,2867002,4,8950673,639333.8,1248966.5,3232686,1,0,0,0,0,296,488,1.0055004,1.6758341,0,34,12.08,12.941921,167.49333,0,0,0,1,0,0,0,0,1,12.583333,12.666667,12.533334,0,0,0,0,0,0,9,114,15,188,29200,227,6,32,0.0,0.0,0,0,0.0,0.0,0,0
6,6543160,8,10,68,132,22,0,8.5,9.426407,34,0,13.2,14.672726,30.56627073,2.750964366,384891.75,1069358.8,3270044,3,6543160,934737.1,1594751.5,3314868,246,6540117,726679.7,1416968.5,3270044,3,0,0,0,0,264,328,1.2226509,1.5283135,0,34,10.526316,12.415798,154.15205,0,0,0,1,0,0,0,0,1,11.111111,8.5,13.2,0,0,0,0,0,0,8,68,10,132,29200,227,4,32,0.0,0.0,0,0,0.0,0.0,0,0
6,10503314,9,15,102,188,22,0,11.333333,8.944272,34,0,12.533334,14.54975,27.61033327,2.284993098,456665.8,1186523.8,3504895,3,6995323,874415.4,1614377.1,3549107,4,10500000,750227.56,1464696.0,3504895,3,0,0,0,0,296,488,0.85687244,1.4281207,0,34,11.6,12.503333,156.33333,0,0,0,1,0,0,0,0,1,12.083333,11.333333,12.533334,0,0,0,0,0,0,9,102,15,188,29200,227,6,32,0.0,0.0,0,0,0.0,0.0,0,0
6,9644690,9,15,121,188,29,0,13.444445,11.512071,34,0,12.533334,14.54975,32.03835478,2.488415906,419334.34,1100912.1,3776077,3,6865771,858221.4,1600889.4,3820093,4,9644555,688896.8,1360559.0,3776077,3,0,0,0,0,296,488,0.93315595,1.55526,0,34,12.36,13.209466,174.49,0,0,0,1,0,0,0,0,1,12.875,13.444445,12.533334,0,0,0,0,0,0,9,121,15,188,29200,227,6,32,0.0,0.0,0,0,0.0,0.0,0,0
6,8926673,9,15,105,188,24,0,11.666667,9.513149,34,0,12.533334,14.54975,32.82297895,2.688571655,388116.22,1013371.56,3372582,17,6442306,805288.25,1488271.8,3415712,317,8926629,637616.4,1251622.6,3372582,45,0,0,0,0,296,488,1.0082144,1.6803573,0,34,11.72,12.640939,159.79333,0,0,0,1,0,0,0,0,1,12.208333,11.666667,12.533334,0,0,0,0,0,0,9,105,15,188,29200,227,6,32,0.0,0.0,0,0,0.0,0.0,0,0
6,8738731,9,15,101,188,23,0,11.222222,8.941166,34,0,12.533334,14.54975,33.07116331,2.746394185,379944.8,989431.9,3200688,4,6082864,760358.0,1410327.1,3243749,391,8738646,624189.0,1221703.8,3200688,4,0,0,0,0,296,488,1.0298978,1.7164963,0,34,11.56,12.503599,156.34,0,0,0,1,0,0,0,0,1,12.041667,11.222222,12.533334,0,0,0,0,0,0,9,101,15,188,29200,227,6,32,0.0,0.0,0,0,0.0,0.0,0,0
6,8825406,9,15,101,188,20,0,11.222222,8.771798,34,0,12.533334,14.54975,32.74636884,2.719421633,383713.3,994803.0,3287793,4,5495636,686954.5,1256042.2,2916796,225,8825320,630380.0,1227733.2,3287793,4,0,0,0,0,296,488,1.0197831,1.6996385,0,34,11.56,12.463547,155.34,0,0,0,1,0,0,0,0,1,12.041667,11.222222,12.533334,0,0,0,0,0,0,9,101,15,188,29200,227,6,32,0.0,0.0,0,0,0.0,0.0,0,0
6,9248140,9,15,110,188,27,0,12.222222,10.109127,34,0,12.533334,14.54975,32.22269559,2.595116423,402093.03,1048287.6,3276580,3,6043988,755498.5,1406354.8,3320630,4,9248015,660572.5,1294536.8,3276580,3,0,0,0,0,296,488,0.9731687,1.6219478,0,34,11.92,12.796224,163.74333,0,0,0,1,0,0,0,0,1,12.416667,12.222222,12.533334,0,0,0,0,0,0,9,110,15,188,29200,227,6,32,0.0,0.0,0,0,0.0,0.0,0,0
6,9726572,9,15,104,188,22,0,11.555555,9.15302,34,0,12.533334,14.54975,30.02085421,2.46746747,422894.44,1097855.8,3468816,3,6668083,833510.4,1536297.9,3511451,235,9726442,694745.9,1355115.4,3468816,3,0,0,0,0,296,488,0.9253003,1.5421672,0,34,11.68,12.552291,157.56,0,0,0,1,0,0,0,0,1,12.166667,11.555555,12.533334,0,0,0,0,0,0,9,104,15,188,29200,227,6,32,0.0,0.0,0,0,0.0,0.0,0,0
6,247,2,1,14,0,14,0,7.0,9.899495,0,0,0.0,0.0,56680.16194,12145.74899,123.5,91.216774,188,59,247,247.0,0.0,247,247,0,0.0,0.0,0,0,1,0,0,0,64,20,8097.166,4048.583,0,14,7.0,8.082904,65.333336,0,1,0,0,1,0,0,0,0,9.333333,7.0,0.0,0,0,0,0,0,0,2,14,1,0,229,0,0,32,0.0,0.0,0,0,0.0,0.0,0,0
6,8682845,9,15,108,188,23,0,12.0,9.656604,34,0,12.533334,14.54975,34.09020891,2.764070993,377515.0,965289.1,3056543,3,5582850,697856.25,1253440.5,2763531,3,8682735,620195.4,1189455.5,3056543,3,0,0,0,0,296,488,1.0365267,1.7275444,0,34,11.84,12.6776705,160.72333,0,0,0,1,0,0,0,0,1,12.333333,12.0,12.533334,0,0,0,0,0,0,9,108,15,188,29200,227,6,32,0.0,0.0,0,0,0.0,0.0,0,0
6,67,2,0,14,0,14,0,7.0,9.899495,0,0,0.0,0.0,208955.2239,29850.74627,67.0,0.0,67,67,67,67.0,0.0,67,67,0,0.0,0.0,0,0,1,0,0,0,64,0,29850.746,0.0,0,14,9.333333,8.082904,65.333336,0,1,0,0,1,0,0,0,0,14.0,7.0,0.0,0,0,0,0,0,0,2,14,0,0,229,-1,0,32,0.0,0.0,0,0,0.0,0.0,0,0
6,9042865,9,15,98,188,21,0,10.888889,8.506534,34,0,12.533334,14.54975,31.62714472,2.65402613,393168.03,1021644.7,3152627,3,5846413,730801.6,1352556.6,3049152,217,9042826,645916.1,1261174.5,3152627,3,0,0,0,0,296,488,0.9952598,1.6587664,0,34,11.44,12.406585,153.92334,0,0,0,1,0,0,0,0,1,11.916667,10.888889,12.533334,0,0,0,0,0,0,9,98,15,188,29200,227,6,32,0.0,0.0,0,0,0.0,0.0,0,0
6,8979876,9,15,125,188,30,0,13.888889,12.025436,34,0,12.533334,14.54975,34.85571516,2.672642696,390429.4,1016173.4,3139104,3,5797160,724645.0,1344310.6,3098623,49,8979746,641410.44,1254648.4,3139104,3,0,0,0,0,296,488,1.002241,1.6704017,0,34,12.52,13.376348,178.92667,0,0,0,1,0,0,0,0,1,13.041667,13.888889,12.533334,0,0,0,0,0,0,9,125,15,188,29200,227,6,32,0.0,0.0,0,0,0.0,0.0,0,0
6,269,2,1,14,0,14,0,7.0,9.899495,0,0,0.0,0.0,52044.60967,11152.41636,134.5,72.832,186,83,269,269.0,0.0,269,269,0,0.0,0.0,0,0,1,0,0,0,64,20,7434.9443,3717.4722,0,14,7.0,8.082904,65.333336,0,1,0,0,1,0,0,0,0,9.333333,7.0,0.0,0,0,0,0,0,0,2,14,1,0,229,0,0,32,0.0,0.0,0,0,0.0,0.0,0,0
6,8958113,9,15,107,188,24,0,11.888889,9.571369,34,0,12.533334,14.54975,32.93104251,2.679135662,389483.2,1010764.0,3120715,3,5795246,724405.75,1337187.2,3083037,3,8958034,639859.56,1247567.5,3120715,3,0,0,0,0,296,488,1.0046759,1.6744598,0,34,11.8,12.655697,160.16667,0,0,0,1,0,0,0,0,1,12.291667,11.888889,12.533334,0,0,0,0,0,0,9,107,15,188,29200,227,6,32,0.0,0.0,0,0,0.0,0.0,0,0
6,8259360,9,15,105,188,22,0,11.666667,9.300538,34,0,12.533334,14.54975,35.47490362,2.905794154,359102.6,929683.8,3060529,3,5156977,644622.1,1178207.9,2687196,23,8259281,589948.6,1147186.8,3060529,3,0,0,0,0,296,488,1.0896728,1.8161213,0,34,11.72,12.58809,158.46,0,0,0,1,0,0,0,0,1,12.208333,11.666667,12.533334,0,0,0,0,0,0,9,105,15,188,29200,227,6,32,0.0,0.0,0,0,0.0,0.0,0,0
6,8834699,9,15,104,188,22,0,11.555555,9.207485,34,0,12.533334,14.54975,33.05149389,2.716561141,384117.34,999549.9,3156713,3,6147250,768406.25,1422695.9,3199013,259,8834596,631042.56,1234095.8,3156713,3,0,0,0,0,296,488,1.0187104,1.6978507,0,34,11.68,12.565561,157.89333,0,0,0,1,0,0,0,0,1,12.166667,11.555555,12.533334,0,0,0,0,0,0,9,104,15,188,29200,227,6,32,0.0,0.0,0,0,0.0,0.0,0,0
6,9145281,9,15,100,188,21,0,11.111111,8.681078,34,0,12.533334,14.54975,31.49165127,2.624304272,397620.9,989406.4,3237079,3,5866330,733291.25,1246365.5,2866864,43,9145144,653224.56,1215272.2,3237079,3,0,0,0,0,296,488,0.9841141,1.6401901,0,34,11.52,12.443606,154.84334,0,0,0,1,0,0,0,0,1,12.0,11.111111,12.533334,0,0,0,0,0,0,9,100,15,188,29200,227,6,32,0.0,0.0,0,0,0.0,0.0,0,0
6,9179954,9,15,110,188,25,0,12.222222,9.984711,34,0,12.533334,14.54975,32.4620363,2.614392185,399128.44,1035341.0,3093890,3,6042269,755283.6,1396910.8,3057565,3,9179849,655703.5,1277839.5,3093890,4,0,0,0,0,296,488,0.98039705,1.6339952,0,34,11.92,12.76362,162.91,0,0,0,1,0,0,0,0,1,12.416667,12.222222,12.533334,0,0,0,0,0,0,9,110,15,188,29200,227,6,32,0.0,0.0,0,0,0.0,0.0,0,0
6,8308175,9,15,106,188,23,0,11.777778,9.497076,34,0,12.533334,14.54975,35.38683285,2.888721049,361225.0,939502.1,2928783,3,5338715,667339.4,1238694.6,2870730,3,8308060,593432.9,1159894.6,2928783,3,0,0,0,0,296,488,1.0832704,1.8054507,0,34,11.76,12.636851,159.69,0,0,0,1,0,0,0,0,1,12.25,11.777778,12.533334,0,0,0,0,0,0,9,106,15,188,29200,227,6,32,0.0,0.0,0,0,0.0,0.0,0,0
6,9326490,9,15,123,188,32,0,13.666667,11.895377,34,0,12.533334,14.54975,33.34587825,2.573315363,405499.56,1054355.1,3276707,3,6382204,797775.5,1476456.9,3321029,220,9326388,666170.56,1301645.9,3276707,3,0,0,0,0,296,488,0.96499324,1.6083221,0,34,12.44,13.329416,177.67334,0,0,0,1,0,0,0,0,1,12.958333,13.666667,12.533334,0,0,0,0,0,0,9,123,15,188,29200,227,6,32,0.0,0.0,0,0,0.0,0.0,0,0
6,9384816,9,15,107,188,23,0,11.888889,9.545214,34,0,12.533334,14.54975,31.43375427,2.557322381,408035.47,1060624.8,3232390,3,6288444,786055.5,1455371.5,3274606,3,9384705,670336.06,1309342.9,3232390,3,0,0,0,0,296,488,0.9589959,1.5983264,0,34,11.8,12.649111,160.0,0,0,0,1,0,0,0,0,1,12.291667,11.888889,12.533334,0,0,0,0,0,0,9,107,15,188,29200,227,6,32,0.0,0.0,0,0,0.0,0.0,0,0
6,240,2,1,14,0,14,0,7.0,9.899495,0,0,0.0,0.0,58333.33333,12500.0,120.0,52.3259,157,83,240,240.0,0.0,240,240,0,0.0,0.0,0,0,1,0,0,0,64,20,8333.333,4166.6665,0,14,7.0,8.082904,65.333336,0,1,0,0,1,0,0,0,0,9.333333,7.0,0.0,0,0,0,0,0,0,2,14,1,0,229,0,0,32,0.0,0.0,0,0,0.0,0.0,0,0
6,8909885,9,15,109,188,24,0,12.111111,9.829095,34,0,12.533334,14.54975,33.33376357,2.69363746,387386.3,1009466.8,3273368,3,6036035,754504.4,1404369.6,3317995,3,8909794,636413.9,1246531.4,3273368,3,0,0,0,0,296,488,1.0101141,1.6835234,0,34,11.88,12.722421,161.86,0,0,0,1,0,0,0,0,1,12.375,12.111111,12.533334,0,0,0,0,0,0,9,109,15,188,29200,227,6,32,0.0,0.0,0,0,0.0,0.0,0,0
6,8401600,9,15,104,188,22,0,11.555555,9.15302,34,0,12.533334,14.54975,34.75528471,2.856598743,365286.97,949387.94,3008875,3,5861039,732629.9,1354913.6,3052883,4,8401481,600105.8,1172006.6,3008875,3,0,0,0,0,296,488,1.0712246,1.7853742,0,34,11.68,12.552291,157.56,0,0,0,1,0,0,0,0,1,12.166667,11.555555,12.533334,0,0,0,0,0,0,9,104,15,188,29200,227,6,32,0.0,0.0,0,0,0.0,0.0,0,0
6,8712829,9,15,100,188,23,0,11.111111,8.8238945,34,0,12.533334,14.54975,33.05470588,2.754558824,378818.66,984825.06,3050491,4,5620181,702522.6,1303066.8,3011015,4,8712711,622336.5,1215789.4,3050491,18,0,0,0,0,296,488,1.0329596,1.7215992,0,34,11.52,12.477046,155.67667,0,0,0,1,0,0,0,0,1,12.0,11.111111,12.533334,0,0,0,0,0,0,9,100,15,188,29200,227,6,32,0.0,0.0,0,0,0.0,0.0,0,0
6,8934992,9,15,108,188,23,0,12.0,9.656604,34,0,12.533334,14.54975,33.1281774,2.686068437,388477.9,1024821.06,3501362,3,5841138,730142.25,1388323.9,3545775,3,8934915,638208.2,1267175.5,3501362,3,0,0,0,0,296,488,1.0072757,1.6787927,0,34,11.84,12.6776705,160.72333,0,0,0,1,0,0,0,0,1,12.333333,12.0,12.533334,0,0,0,0,0,0,9,108,15,188,29200,227,6,32,0.0,0.0,0,0,0.0,0.0,0,0
6,217,2,1,14,0,14,0,7.0,9.899495,0,0,0.0,0.0,64516.12903,13824.88479,108.5,36.062447,134,83,217,217.0,0.0,217,217,0,0.0,0.0,0,0,1,0,0,0,64,20,9216.59,4608.295,0,14,7.0,8.082904,65.333336,0,1,0,0,1,0,0,0,0,9.333333,7.0,0.0,0,0,0,0,0,0,2,14,1,0,229,0,0,32,0.0,0.0,0,0,0.0,0.0,0,0
6,9399098,9,15,102,188,22,0,11.333333,8.944272,34,0,12.533334,14.54975,30.8540245,2.553436511,408656.44,1043084.0,3181690,3,6351207,793900.9,1425702.0,3223970,221,9398983,671355.94,1285056.6,3181690,3,0,0,0,0,296,488,0.95753866,1.5958978,0,34,11.6,12.503333,156.33333,0,0,0,1,0,0,0,0,1,12.083333,11.333333,12.533334,0,0,0,0,0,0,9,102,15,188,29200,227,6,32,0.0,0.0,0,0,0.0,0.0,0,0
6,8589480,9,15,104,188,23,0,11.555555,9.355628,34,0,12.533334,14.54975,33.99507304,2.794115593,373455.66,984238.44,3166240,1,5382919,672864.9,1272051.6,3188875,4,8589434,613531.0,1216870.9,3166240,1,0,0,0,0,296,488,1.0477934,1.7463223,0,34,11.68,12.601984,158.81,0,0,0,1,0,0,0,0,1,12.166667,11.555555,12.533334,0,0,0,0,0,0,9,104,15,188,29200,227,6,32,0.0,0.0,0,0,0.0,0.0,0,0
6,8705298,9,15,98,188,20,0,10.888889,8.43274,34,0,12.533334,14.54975,32.85355654,2.756941807,378491.22,985608.4,3178079,1,5483582,685447.75,1268603.8,2865707,3,8705205,621800.4,1216979.2,3178079,1,0,0,0,0,296,488,1.0338532,1.7230886,0,34,11.44,12.389781,153.50667,0,0,0,1,0,0,0,0,1,11.916667,10.888889,12.533334,0,0,0,0,0,0,9,98,15,188,29200,227,6,32,0.0,0.0,0,0,0.0,0.0,0,0
6,260,2,1,14,0,14,0,7.0,9.899495,0,0,0.0,0.0,53846.15385,11538.46154,130.0,74.953316,183,77,260,260.0,0.0,260,260,0,0.0,0.0,0,0,1,0,0,0,64,20,7692.3076,3846.1538,0,14,7.0,8.082904,65.333336,0,1,0,0,1,0,0,0,0,9.333333,7.0,0.0,0,0,0,0,0,0,2,14,1,0,229,0,0,32,0.0,0.0,0,0,0.0,0.0,0,0
6,219,2,1,14,0,14,0,7.0,9.899495,0,0,0.0,0.0,63926.94064,13698.63014,109.5,43.133514,140,79,219,219.0,0.0,219,219,0,0.0,0.0,0,0,1,0,0,0,64,20,9132.42,4566.21,0,14,7.0,8.082904,65.333336,0,1,0,0,1,0,0,0,0,9.333333,7.0,0.0,0,0,0,0,0,0,2,14,1,0,229,0,0,32,0.0,0.0,0,0,0.0,0.0,0,0
6,9063971,9,15,108,188,23,0,12.0,9.656604,34,0,12.533334,14.54975,32.65676821,2.647846071,394085.7,1008370.44,3300608,4,6587697,823462.1,1469949.1,3341615,285,9063916,647422.56,1242642.0,3300608,4,0,0,0,0,296,488,0.9929423,1.6549038,0,34,11.84,12.6776705,160.72333,0,0,0,1,0,0,0,0,1,12.333333,12.0,12.533334,0,0,0,0,0,0,9,108,15,188,29200,227,6,32,0.0,0.0,0,0,0.0,0.0,0,0
6,8558226,9,15,99,188,21,0,11.0,8.573215,34,0,12.533334,14.54975,33.53498727,2.804319493,372096.78,980698.25,3500857,3,5861574,732696.75,1388302.9,3544790,3,8558126,611294.7,1212501.1,3500857,3,0,0,0,0,296,488,1.0516198,1.7526997,0,34,11.48,12.420145,154.26,0,0,0,1,0,0,0,0,1,11.958333,11.0,12.533334,0,0,0,0,0,0,9,99,15,188,29200,227,6,32,0.0,0.0,0,0,0.0,0.0,0,0
6,321,2,1,14,0,14,0,7.0,9.899495,0,0,0.0,0.0,43613.70717,9345.794393,160.5,150.61374,267,54,321,321.0,0.0,321,321,0,0.0,0.0,0,0,1,0,0,0,64,20,6230.53,3115.265,0,14,7.0,8.082904,65.333336,0,1,0,0,1,0,0,0,0,9.333333,7.0,0.0,0,0,0,0,0,0,2,14,1,0,229,0,0,32,0.0,0.0,0,0,0.0,0.0,0,0
6,8918332,9,15,102,188,23,0,11.333333,9.069179,34,0,12.533334,14.54975,32.51729135,2.691086181,387753.56,1014954.25,3368530,3,6422095,802761.9,1487213.2,3410642,3,8918240,637017.1,1253919.6,3368530,3,0,0,0,0,296,488,1.0091573,1.6819289,0,34,11.6,12.533289,157.08333,0,0,0,1,0,0,0,0,1,12.083333,11.333333,12.533334,0,0,0,0,0,0,9,102,15,188,29200,227,6,32,0.0,0.0,0,0,0.0,0.0,0,0
6,8907884,9,15,104,188,22,0,11.555555,9.15302,34,0,12.533334,14.54975,32.77995088,2.694242538,387299.3,1007706.0,3224004,3,5640015,705001.9,1303635.4,2857381,3,8907764,636268.9,1244149.8,3224004,3,0,0,0,0,296,488,1.0103409,1.6839015,0,34,11.68,12.552291,157.56,0,0,0,1,0,0,0,0,1,12.166667,11.555555,12.533334,0,0,0,0,0,0,9,104,15,188,29200,227,6,32,0.0,0.0,0,0,0.0,0.0,0,0
6,9031496,9,15,107,188,27,0,11.888889,9.905106,34,0,12.533334,14.54975,32.66347015,2.657367063,392673.75,1017678.3,3481439,3,5509011,688626.4,1246239.4,2831639,3,9031390,645099.3,1255918.0,3481439,3,0,0,0,0,296,488,0.99651265,1.6608545,0,34,11.8,12.74101,162.33333,0,0,0,1,0,0,0,0,1,12.291667,11.888889,12.533334,0,0,0,0,0,0,9,107,15,188,29200,227,6,32,0.0,0.0,0,0,0.0,0.0,0,0
6,265,2,1,14,0,14,0,7.0,9.899495,0,0,0.0,0.0,52830.18868,11320.75472,132.5,71.417786,183,82,265,265.0,0.0,265,265,0,0.0,0.0,0,0,1,0,0,0,64,20,7547.17,3773.585,0,14,7.0,8.082904,65.333336,0,1,0,0,1,0,0,0,0,9.333333,7.0,0.0,0,0,0,0,0,0,2,14,1,0,229,0,0,32,0.0,0.0,0,0,0.0,0.0,0,0
6,277,2,1,14,0,14,0,7.0,9.899495,0,0,0.0,0.0,50541.51625,10830.32491,138.5,79.90307,195,82,277,277.0,0.0,277,277,0,0.0,0.0,0,0,1,0,0,0,64,20,7220.217,3610.1084,0,14,7.0,8.082904,65.333336,0,1,0,0,1,0,0,0,0,9.333333,7.0,0.0,0,0,0,0,0,0,2,14,1,0,229,0,0,32,0.0,0.0,0,0,0.0,0.0,0,0
6,8692508,9,15,102,188,25,0,11.333333,9.233092,34,0,12.533334,14.54975,33.36206305,2.760998322,377935.12,982248.2,3063174,3,5764661,720582.6,1337985.1,3106808,4,8692393,620885.2,1212569.8,3063174,3,0,0,0,0,296,488,1.0353744,1.725624,0,34,11.6,12.573119,158.08333,0,0,0,1,0,0,0,0,1,12.083333,11.333333,12.533334,0,0,0,0,0,0,9,102,15,188,29200,227,6,32,0.0,0.0,0,0,0.0,0.0,0,0
6,9256856,9,15,108,188,24,0,12.0,9.69536,34,0,12.533334,14.54975,31.97629951,2.592672933,402472.0,1049949.8,3315236,3,6606372,825796.5,1527091.2,3359943,17,9256784,661198.9,1296678.6,3315236,3,0,0,0,0,296,488,0.97225237,1.6204206,0,34,11.84,12.687527,160.97333,0,0,0,1,0,0,0,0,1,12.333333,12.0,12.533334,0,0,0,0,0,0,9,108,15,188,29200,227,6,32,0.0,0.0,0,0,0.0,0.0,0,0
6,8918591,9,15,104,188,22,0,11.555555,9.207485,34,0,12.533334,14.54975,32.7405977,2.69100803,387764.8,1015500.2,3366379,3,6429866,803733.25,1489400.8,3409410,4,8918539,637038.5,1254662.8,3366379,3,0,0,0,0,296,488,1.009128,1.68188,0,34,11.68,12.565561,157.89333,0,0,0,1,0,0,0,0,1,12.166667,11.555555,12.533334,0,0,0,0,0,0,9,104,15,188,29200,227,6,32,0.0,0.0,0,0,0.0,0.0,0,0
6,9754229,9,15,99,188,23,0,11.0,8.717798,34,0,12.533334,14.54975,29.42313534,2.460471248,424096.9,1098806.5,3293080,1,6661753,832719.1,1531007.4,3337202,3,9754060,696718.56,1355994.1,3293080,1,0,0,0,0,296,488,0.92267674,1.5377945,0,34,11.48,12.453648,155.09334,0,0,0,1,0,0,0,0,1,11.958333,11.0,12.533334,0,0,0,0,0,0,9,99,15,188,29200,227,6,32,0.0,0.0,0,0,0.0,0.0,0,0
6,9117146,9,15,115,188,26,0,12.777778,10.627532,34,0,12.533334,14.54975,33.23408444,2.632402728,396397.66,1031867.94,3248077,3,6004640,750580.0,1396808.4,3292844,216,9117046,651217.56,1274046.8,3248077,3,0,0,0,0,296,488,0.987151,1.6452518,0,34,12.12,12.94321,167.52667,0,0,0,1,0,0,0,0,1,12.625,12.777778,12.533334,0,0,0,0,0,0,9,115,15,188,29200,227,6,32,0.0,0.0,0,0,0.0,0.0,0,0
6,9412143,9,15,101,188,21,0,11.222222,8.842762,34,0,12.533334,14.54975,30.70501585,2.54989751,409223.6,1068742.0,3492748,3,6330524,791315.5,1476919.1,3535538,4,9411995,672285.4,1320049.0,3492748,3,0,0,0,0,296,488,0.95621157,1.593686,0,34,11.56,12.480251,155.75667,0,0,0,1,0,0,0,0,1,12.041667,11.222222,12.533334,0,0,0,0,0,0,9,101,15,188,29200,227,6,32,0.0,0.0,0,0,0.0,0.0,0,0
6,9143825,9,15,108,188,24,0,12.0,9.69536,34,0,12.533334,14.54975,32.37157317,2.624722149,397557.6,1032832.25,3188780,3,5912547,739068.4,1366298.9,3077465,48,9143688,653120.56,1274958.4,3188780,3,0,0,0,0,296,488,0.9842708,1.6404513,0,34,11.84,12.687527,160.97333,0,0,0,1,0,0,0,0,1,12.333333,12.0,12.533334,0,0,0,0,0,0,9,108,15,188,29200,227,6,32,0.0,0.0,0,0,0.0,0.0,0,0
6,8527051,9,15,110,188,23,0,12.222222,9.909311,34,0,12.533334,14.54975,34.94760381,2.814572119,370741.34,964307.6,3096354,3,5700071,712508.9,1325912.9,3139612,219,8526958,609068.44,1190524.9,3096354,3,0,0,0,0,296,488,1.0554645,1.7591076,0,34,11.92,12.744019,162.41,0,0,0,1,0,0,0,0,1,12.416667,12.222222,12.533334,0,0,0,0,0,0,9,110,15,188,29200,227,6,32,0.0,0.0,0,0,0.0,0.0,0,0
6,9101383,9,15,102,188,24,0,11.333333,9.069179,34,0,12.533334,14.54975,31.86328935,2.636961877,395712.3,1020033.2,3080792,3,6234142,779267.75,1422679.5,3122005,4,9101252,650089.44,1258063.5,3080792,3,0,0,0,0,296,488,0.9888607,1.6481012,0,34,11.6,12.533289,157.08333,0,0,0,1,0,0,0,0,1,12.083333,11.333333,12.533334,0,0,0,0,0,0,9,102,15,188,29200,227,6,32,0.0,0.0,0,0,0.0,0.0,0,0
6,9455789,9,15,103,188,23,0,11.444445,9.098229,34,0,12.533334,14.54975,30.77479838,2.538127701,411121.25,1074179.1,3576435,1,6345396,793174.5,1481626.6,3620965,222,9455693,675406.6,1326828.9,3576435,1,0,0,0,0,296,488,0.9517979,1.5863298,0,34,11.64,12.539537,157.24,0,0,0,1,0,0,0,0,1,12.125,11.444445,12.533334,0,0,0,0,0,0,9,103,15,188,29200,227,6,32,0.0,0.0,0,0,0.0,0.0,0,0
6,9377071,9,15,105,188,23,0,11.666667,9.354143,34,0,12.533334,14.54975,31.24643079,2.559434604,407698.75,1061090.2,3268703,1,6065655,758206.9,1405761.9,3233420,1,9376948,669782.0,1310102.1,3268703,3,0,0,0,0,296,488,0.95978796,1.5996466,0,34,11.72,12.601323,158.79333,0,0,0,1,0,0,0,0,1,12.208333,11.666667,12.533334,0,0,0,0,0,0,9,105,15,188,29200,227,6,32,0.0,0.0,0,0,0.0,0.0,0,0
6,9168951,9,15,102,188,24,0,11.333333,9.110434,34,0,12.533334,14.54975,31.62848182,2.61752953,398650.03,1041969.9,3484780,3,6153477,769184.6,1440966.1,3529051,4,9168856,654918.3,1287095.8,3484780,3,0,0,0,0,296,488,0.9815736,1.6359559,0,34,11.6,12.543259,157.33333,0,0,0,1,0,0,0,0,1,12.083333,11.333333,12.533334,0,0,0,0,0,0,9,102,15,188,29200,227,6,32,0.0,0.0,0,0,0.0,0.0,0,0
6,242,2,1,14,0,14,0,7.0,9.899495,0,0,0.0,0.0,57851.23967,12396.69421,121.0,12.727922,130,112,242,242.0,0.0,242,242,0,0.0,0.0,0,0,1,0,0,0,64,20,8264.463,4132.2314,0,14,7.0,8.082904,65.333336,0,1,0,0,1,0,0,0,0,9.333333,7.0,0.0,0,0,0,0,0,0,2,14,1,0,229,0,0,32,0.0,0.0,0,0,0.0,0.0,0,0
6,340,2,1,14,0,14,0,7.0,9.899495,0,0,0.0,0.0,41176.47059,8823.529412,170.0,131.52187,263,77,340,340.0,0.0,340,340,0,0.0,0.0,0,0,1,0,0,0,64,20,5882.353,2941.1765,0,14,7.0,8.082904,65.333336,0,1,0,0,1,0,0,0,0,9.333333,7.0,0.0,0,0,0,0,0,0,2,14,1,0,229,0,0,32,0.0,0.0,0,0,0.0,0.0,0,0
6,8673749,9,15,105,188,22,0,11.666667,9.273619,34,0,12.533334,14.54975,33.78008748,2.766969623,377119.53,980084.25,3141461,3,5802137,725267.1,1345948.8,3184800,3,8673651,619546.5,1209891.9,3141461,48,0,0,0,0,296,488,1.0376136,1.729356,0,34,11.72,12.581468,158.29333,0,0,0,1,0,0,0,0,1,12.208333,11.666667,12.533334,0,0,0,0,0,0,9,105,15,188,29200,227,6,32,0.0,0.0,0,0,0.0,0.0,0,0
6,216,2,1,14,0,14,0,7.0,9.899495,0,0,0.0,0.0,64814.81481,13888.88889,108.0,52.3259,145,71,216,216.0,0.0,216,216,0,0.0,0.0,0,0,1,0,0,0,64,20,9259.259,4629.6294,0,14,7.0,8.082904,65.333336,0,1,0,0,1,0,0,0,0,9.333333,7.0,0.0,0,0,0,0,0,0,2,14,1,0,229,0,0,32,0.0,0.0,0,0,0.0,0.0,0,0
6,257,2,1,14,0,14,0,7.0,9.899495,0,0,0.0,0.0,54474.70817,11673.15175,128.5,86.97414,190,67,257,257.0,0.0,257,257,0,0.0,0.0,0,0,1,0,0,0,64,20,7782.101,3891.0505,0,14,7.0,8.082904,65.333336,0,1,0,0,1,0,0,0,0,9.333333,7.0,0.0,0,0,0,0,0,0,2,14,1,0,229,0,0,32,0.0,0.0,0,0,0.0,0.0,0,0
6,8607884,9,15,110,188,29,0,12.222222,10.280781,34,0,12.533334,14.54975,34.61942563,2.788141662,374255.8,962404.7,3039880,3,5525142,690642.75,1254800.1,3004186,47,8607849,614846.4,1186666.0,3039880,3,0,0,0,0,296,488,1.0455531,1.7425885,0,34,11.92,12.841729,164.91,0,0,0,1,0,0,0,0,1,12.416667,12.222222,12.533334,0,0,0,0,0,0,9,110,15,188,29200,227,6,32,0.0,0.0,0,0,0.0,0.0,0,0
6,10059433,9,15,102,188,20,0,11.333333,8.888194,34,0,12.533334,14.54975,28.82866261,2.385820354,437366.66,1140647.5,3704403,4,6763634,845454.25,1573084.8,3747994,4,10100000,718524.2,1408645.2,3704403,45,0,0,0,0,296,488,0.89468265,1.4911377,0,34,11.6,12.489996,156.0,0,0,0,1,0,0,0,0,1,12.083333,11.333333,12.533334,0,0,0,0,0,0,9,102,15,188,29200,227,6,32,0.0,0.0,0,0,0.0,0.0,0,0
6,8917519,9,15,113,188,27,0,12.555555,10.453601,34,0,12.533334,14.54975,33.75378286,2.691331524,387718.22,998278.2,3050743,3,5996030,749503.75,1368354.4,3093796,187,8917410,636957.9,1231073.0,3050743,3,0,0,0,0,296,488,1.0092493,1.6820822,0,34,12.04,12.892117,166.20667,0,0,0,1,0,0,0,0,1,12.541667,12.555555,12.533334,0,0,0,0,0,0,9,113,15,188,29200,227,6,32,0.0,0.0,0,0,0.0,0.0,0,0
6,226,2,1,14,0,14,0,7.0,9.899495,0,0,0.0,0.0,61946.90265,13274.33628,113.0,43.840622,144,82,226,226.0,0.0,226,226,0,0.0,0.0,0,0,1,0,0,0,64,20,8849.558,4424.779,0,14,7.0,8.082904,65.333336,0,1,0,0,1,0,0,0,0,9.333333,7.0,0.0,0,0,0,0,0,0,2,14,1,0,229,0,0,32,0.0,0.0,0,0,0.0,0.0,0,0
6,218,2,1,14,0,14,0,7.0,9.899495,0,0,0.0,0.0,64220.18349,13761.46789,109.0,87.681244,171,47,218,218.0,0.0,218,218,0,0.0,0.0,0,0,1,0,0,0,64,20,9174.312,4587.156,0,14,7.0,8.082904,65.333336,0,1,0,0,1,0,0,0,0,9.333333,7.0,0.0,0,0,0,0,0,0,2,14,1,0,229,0,0,32,0.0,0.0,0,0,0.0,0.0,0,0
6,8391074,9,15,111,188,27,0,12.333333,10.198039,34,0,12.533334,14.54975,35.63310251,2.860182141,364829.3,946240.75,2939358,3,5723860,715482.5,1323770.9,2983203,257,8390968,599354.9,1167854.2,2939358,3,0,0,0,0,296,488,1.0725683,1.7876139,0,34,11.96,12.820816,164.37334,0,0,0,1,0,0,0,0,1,12.458333,12.333333,12.533334,0,0,0,0,0,0,9,111,15,188,29200,227,6,32,0.0,0.0,0,0,0.0,0.0,0,0
6,8639756,9,15,111,188,26,0,12.333333,10.1242285,34,0,12.533334,14.54975,34.60745882,2.777856226,375641.56,963404.2,3123721,3,5473240,684155.0,1231643.8,2801133,236,8639613,617115.2,1187542.6,3123721,3,0,0,0,0,296,488,1.0416961,1.7361602,0,34,11.96,12.801302,163.87334,0,0,0,1,0,0,0,0,1,12.458333,12.333333,12.533334,0,0,0,0,0,0,9,111,15,188,29200,227,6,32,0.0,0.0,0,0,0.0,0.0,0,0
6,9839098,9,15,124,188,30,0,13.777778,11.987262,34,0,12.533334,14.54975,31.71022384,2.439247988,427786.88,1098961.1,3315309,3,6755477,844434.6,1530211.2,3357742,34,9839028,702787.7,1354886.8,3315309,3,0,0,0,0,296,488,0.914718,1.5245299,0,34,12.48,13.360764,178.51,0,0,0,1,0,0,0,0,1,13.0,13.777778,12.533334,0,0,0,0,0,0,9,124,15,188,29200,227,6,32,0.0,0.0,0,0,0.0,0.0,0,0
6,7698031,9,15,101,188,22,0,11.222222,8.856887,34,0,12.533334,14.54975,37.54206758,3.117680352,334697.0,865654.8,2552046,3,5102164,637770.5,1178697.2,2577880,3,7697944,549853.1,1068060.6,2552046,48,0,0,0,0,296,488,1.1691301,1.9485502,0,34,11.56,12.483589,155.84,0,0,0,1,0,0,0,0,1,12.041667,11.222222,12.533334,0,0,0,0,0,0,9,101,15,188,29200,227,6,32,0.0,0.0,0,0,0.0,0.0,0,0
6,9013841,9,15,107,188,26,0,11.888889,9.701088,34,0,12.533334,14.54975,32.7274466,2.662571927,391906.12,1018717.7,3143734,3,5825132,728141.5,1348072.1,3035075,3,9013722,643837.3,1257612.2,3143734,3,0,0,0,0,296,488,0.99846447,1.6641074,0,34,11.8,12.688578,161.0,0,0,0,1,0,0,0,0,1,12.291667,11.888889,12.533334,0,0,0,0,0,0,9,107,15,188,29200,227,6,32,0.0,0.0,0,0,0.0,0.0,0,0
6,8906499,9,15,117,188,32,0,13.0,11.29159,34,0,12.533334,14.54975,34.24465663,2.694661505,387239.1,1011022.1,3257291,1,5857334,732166.75,1368484.5,3299735,3,8906414,636172.44,1248714.5,3257291,1,0,0,0,0,296,488,1.010498,1.6841635,0,34,12.2,13.133925,172.5,0,0,0,1,0,0,0,0,1,12.708333,13.0,12.533334,0,0,0,0,0,0,9,117,15,188,29200,227,6,32,0.0,0.0,0,0,0.0,0.0,0,0
6,231,2,1,14,0,14,0,7.0,9.899495,0,0,0.0,0.0,60606.06061,12987.01299,115.5,108.18734,192,39,231,231.0,0.0,231,231,0,0.0,0.0,0,0,1,0,0,0,64,20,8658.009,4329.0044,0,14,7.0,8.082904,65.333336,0,1,0,0,1,0,0,0,0,9.333333,7.0,0.0,0,0,0,0,0,0,2,14,1,0,229,0,0,32,0.0,0.0,0,0,0.0,0.0,0,0
6,246,2,1,14,0,14,0,7.0,9.899495,0,0,0.0,0.0,56910.56911,12195.12195,123.0,14.142136,133,113,246,246.0,0.0,246,246,0,0.0,0.0,0,0,1,0,0,0,64,20,8130.0815,4065.0408,0,14,7.0,8.082904,65.333336,0,1,0,0,1,0,0,0,0,9.333333,7.0,0.0,0,0,0,0,0,0,2,14,1,0,229,0,0,32,0.0,0.0,0,0,0.0,0.0,0,0
6,223,2,1,14,0,14,0,7.0,9.899495,0,0,0.0,0.0,62780.26906,13452.9148,111.5,127.98633,202,21,223,223.0,0.0,223,223,0,0.0,0.0,0,0,1,0,0,0,64,20,8968.61,4484.305,0,14,7.0,8.082904,65.333336,0,1,0,0,1,0,0,0,0,9.333333,7.0,0.0,0,0,0,0,0,0,2,14,1,0,229,0,0,32,0.0,0.0,0,0,0.0,0.0,0,0
6,9847908,9,15,106,188,24,0,11.777778,9.4707155,34,0,12.533334,14.54975,29.85405631,2.437065821,428169.9,1096585.4,3425753,4,6379231,797403.9,1432799.5,3175397,227,9847838,703417.0,1351489.0,3425753,4,0,0,0,0,296,488,0.91389966,1.5231662,0,34,11.76,12.630255,159.52333,0,0,0,1,0,0,0,0,1,12.25,11.777778,12.533334,0,0,0,0,0,0,9,106,15,188,29200,227,6,32,0.0,0.0,0,0,0.0,0.0,0,0
6,9249463,9,15,106,188,23,0,11.777778,9.417773,34,0,12.533334,14.54975,31.78562907,2.59474523,402150.56,1030045.8,3267775,3,6312114,789014.25,1425253.1,3310143,242,9249404,660671.7,1269496.2,3267775,3,0,0,0,0,296,488,0.97302943,1.6217158,0,34,11.76,12.617052,159.19,0,0,0,1,0,0,0,0,1,12.25,11.777778,12.533334,0,0,0,0,0,0,9,106,15,188,29200,227,6,32,0.0,0.0,0,0,0.0,0.0,0,0
6,10389802,9,15,108,188,24,0,12.0,9.797959,34,0,12.533334,14.54975,28.48947458,2.309957399,451730.53,1175274.4,3514964,3,6868663,858582.9,1589381.5,3558922,221,10400000,742119.3,1451024.1,3514964,3,0,0,0,0,296,488,0.866234,1.4437233,0,34,11.84,12.713772,161.64,0,0,0,1,0,0,0,0,1,12.333333,12.0,12.533334,0,0,0,0,0,0,9,108,15,188,29200,227,6,32,0.0,0.0,0,0,0.0,0.0,0,0
6,249,2,1,14,0,14,0,7.0,9.899495,0,0,0.0,0.0,56224.8996,12048.19277,124.5,20.506096,139,110,249,249.0,0.0,249,249,0,0.0,0.0,0,0,1,0,0,0,64,20,8032.1284,4016.0642,0,14,7.0,8.082904,65.333336,0,1,0,0,1,0,0,0,0,9.333333,7.0,0.0,0,0,0,0,0,0,2,14,1,0,229,0,0,32,0.0,0.0,0,0,0.0,0.0,0,0
6,9150802,9,15,104,188,23,0,11.555555,9.193899,34,0,12.533334,14.54975,31.90977141,2.622720937,397860.97,1021386.25,3160768,1,5948714,743589.25,1345670.0,3049254,1,9150609,653614.94,1259157.2,3160768,1,0,0,0,0,296,488,0.9835203,1.6392006,0,34,11.68,12.562245,157.81,0,0,0,1,0,0,0,0,1,12.166667,11.555555,12.533334,0,0,0,0,0,0,9,104,15,188,29200,227,6,32,0.0,0.0,0,0,0.0,0.0,0,0
6,8281646,9,15,105,188,23,0,11.666667,9.354143,34,0,12.533334,14.54975,35.37944027,2.89797463,360071.56,923389.56,2808827,1,5735669,716958.6,1300802.0,2853516,3,8281601,591542.94,1138203.2,2808827,1,0,0,0,0,296,488,1.0867405,1.8112341,0,34,11.72,12.601323,158.79333,0,0,0,1,0,0,0,0,1,12.208333,11.666667,12.533334,0,0,0,0,0,0,9,105,15,188,29200,227,6,32,0.0,0.0,0,0,0.0,0.0,0,0
6,8355664,9,15,112,188,24,0,12.444445,10.17486,34,0,12.533334,14.54975,35.90378933,2.872303147,363289.75,930848.25,2853205,4,5459147,682393.4,1235284.6,2816890,233,8355586,596827.56,1147287.8,2853205,4,0,0,0,0,296,488,1.0771136,1.7951895,0,34,12.0,12.816006,164.25,0,0,0,1,0,0,0,0,1,12.5,12.444445,12.533334,0,0,0,0,0,0,9,112,15,188,29200,227,6,32,0.0,0.0,0,0,0.0,0.0,0,0
6,225,2,1,14,0,14,0,7.0,9.899495,0,0,0.0,0.0,62222.22222,13333.33333,112.5,54.447224,151,74,225,225.0,0.0,225,225,0,0.0,0.0,0,0,1,0,0,0,64,20,8888.889,4444.4443,0,14,7.0,8.082904,65.333336,0,1,0,0,1,0,0,0,0,9.333333,7.0,0.0,0,0,0,0,0,0,2,14,1,0,229,0,0,32,0.0,0.0,0,0,0.0,0.0,0,0
6,8506815,9,15,96,188,22,0,10.666667,8.3666,34,0,12.533334,14.54975,33.38499779,2.821267419,369861.53,961009.56,3044165,3,5931901,741487.6,1371154.9,3088686,4,8506681,607620.06,1186317.4,3044165,3,0,0,0,0,296,488,1.0579753,1.7632922,0,34,11.36,12.379015,153.24,0,0,0,1,0,0,0,0,1,11.833333,10.666667,12.533334,0,0,0,0,0,0,9,96,15,188,29200,227,6,32,0.0,0.0,0,0,0.0,0.0,0,0
6,257,2,1,14,0,14,0,7.0,9.899495,0,0,0.0,0.0,54474.70817,11673.15175,128.5,109.601555,206,51,257,257.0,0.0,257,257,0,0.0,0.0,0,0,1,0,0,0,64,20,7782.101,3891.0505,0,14,7.0,8.082904,65.333336,0,1,0,0,1,0,0,0,0,9.333333,7.0,0.0,0,0,0,0,0,0,2,14,1,0,229,0,0,32,0.0,0.0,0,0,0.0,0.0,0,0
6,249,2,1,14,0,14,0,7.0,9.899495,0,0,0.0,0.0,56224.8996,12048.19277,124.5,92.63099,190,59,249,249.0,0.0,249,249,0,0.0,0.0,0,0,1,0,0,0,64,20,8032.1284,4016.0642,0,14,7.0,8.082904,65.333336,0,1,0,0,1,0,0,0,0,9.333333,7.0,0.0,0,0,0,0,0,0,2,14,1,0,229,0,0,32,0.0,0.0,0,0,0.0,0.0,0,0
6,9573194,9,15,102,188,23,0,11.333333,9.013878,34,0,12.533334,14.54975,30.29292,2.507000276,416225.8,1086522.1,3531235,3,6782905,847863.1,1571658.2,3578324,3,9573097,683792.6,1341939.2,3531235,3,0,0,0,0,296,488,0.9401251,1.5668752,0,34,11.6,12.519984,156.75,0,0,0,1,0,0,0,0,1,12.083333,11.333333,12.533334,0,0,0,0,0,0,9,102,15,188,29200,227,6,32,0.0,0.0,0,0,0.0,0.0,0,0
6,8565633,9,15,108,188,24,0,12.0,9.69536,34,0,12.533334,14.54975,34.55669885,2.801894501,372418.8,964740.56,2950946,3,5748874,718609.25,1327350.9,2995342,4,8565506,611821.9,1190524.9,2950946,3,0,0,0,0,296,488,1.0507104,1.7511841,0,34,11.84,12.687527,160.97333,0,0,0,1,0,0,0,0,1,12.333333,12.0,12.533334,0,0,0,0,0,0,9,108,15,188,29200,227,6,32,0.0,0.0,0,0,0.0,0.0,0,0
6,10074935,9,15,105,188,24,0,11.666667,9.513149,34,0,12.533334,14.54975,29.08207348,2.382149364,438040.66,1134512.2,3532660,3,6500186,812523.25,1488984.5,3285201,3,10100000,719632.7,1399995.4,3532660,3,0,0,0,0,296,488,0.893306,1.4888433,0,34,11.72,12.640939,159.79333,0,0,0,1,0,0,0,0,1,12.208333,11.666667,12.533334,0,0,0,0,0,0,9,105,15,188,29200,227,6,32,0.0,0.0,0,0,0.0,0.0,0,0
6,8976760,9,15,103,188,21,0,11.444445,9.015419,34,0,12.533334,14.54975,32.41704134,2.67357042,390293.9,1011374.94,3055990,1,6133107,766638.4,1414361.9,3097599,1,8976651,641189.4,1248117.9,3055990,48,0,0,0,0,296,488,1.0025889,1.6709815,0,34,11.64,12.519585,156.74,0,0,0,1,0,0,0,0,1,12.125,11.444445,12.533334,0,0,0,0,0,0,9,103,15,188,29200,227,6,32,0.0,0.0,0,0,0.0,0.0,0,0
6,198,2,1,14,0,14,0,7.0,9.899495,0,0,0.0,0.0,70707.07071,15151.51515,99.0,83.4386,158,40,198,198.0,0.0,198,198,0,0.0,0.0,0,0,1,0,0,0,64,20,10101.01,5050.505,0,14,7.0,8.082904,65.333336,0,1,0,0,1,0,0,0,0,9.333333,7.0,0.0,0,0,0,0,0,0,2,14,1,0,229,0,0,32,0.0,0.0,0,0,0.0,0.0,0,0
6,226,2,1,14,0,14,0,7.0,9.899495,0,0,0.0,0.0,61946.90265,13274.33628,113.0,36.769554,139,87,226,226.0,0.0,226,226,0,0.0,0.0,0,0,1,0,0,0,64,20,8849.558,4424.779,0,14,7.0,8.082904,65.333336,0,1,0,0,1,0,0,0,0,9.333333,7.0,0.0,0,0,0,0,0,0,2,14,1,0,229,0,0,32,0.0,0.0,0,0,0.0,0.0,0,0
6,218,2,1,14,0,14,0,7.0,9.899495,0,0,0.0,0.0,64220.18349,13761.46789,109.0,43.840622,140,78,218,218.0,0.0,218,218,0,0.0,0.0,0,0,1,0,0,0,64,20,9174.312,4587.156,0,14,7.0,8.082904,65.333336,0,1,0,0,1,0,0,0,0,9.333333,7.0,0.0,0,0,0,0,0,0,2,14,1,0,229,0,0,32,0.0,0.0,0,0,0.0,0.0,0,0
6,9488220,9,15,95,188,19,0,10.555555,8.11035,34,0,12.533334,14.54975,29.82645849,2.52945231,412531.3,1070427.6,3286290,3,6275750,784468.75,1447731.4,3329071,4,9488102,677721.56,1321189.0,3286290,3,0,0,0,0,296,488,0.9485446,1.5809077,0,34,11.32,12.324501,151.89333,0,0,0,1,0,0,0,0,1,11.791667,10.555555,12.533334,0,0,0,0,0,0,9,95,15,188,29200,227,6,32,0.0,0.0,0,0,0.0,0.0,0,0
6,7780781,9,15,112,188,26,0,12.444445,10.248306,34,0,12.533334,14.54975,38.55654079,3.084523263,338294.8,877548.0,2747350,1,4989724,623715.5,1154343.1,2771054,3,7780692,555763.7,1083092.5,2747350,1,0,0,0,0,296,488,1.1566962,1.927827,0,34,12.0,12.835498,164.75,0,0,0,1,0,0,0,0,1,12.5,12.444445,12.533334,0,0,0,0,0,0,9,112,15,188,29200,227,6,32,0.0,0.0,0,0,0.0,0.0,0,0
6,9237233,9,15,107,188,24,0,11.888889,9.597453,34,0,12.533334,14.54975,31.93597044,2.598180646,401618.8,1044614.75,3256797,3,6193665,774208.1,1435844.5,3298663,247,9237104,659793.1,1289670.9,3256797,3,0,0,0,0,296,488,0.9743177,1.6238629,0,34,11.8,12.66228,160.33333,0,0,0,1,0,0,0,0,1,12.291667,11.888889,12.533334,0,0,0,0,0,0,9,107,15,188,29200,227,6,32,0.0,0.0,0,0,0.0,0.0,0,0
6,8370529,9,15,104,188,22,0,11.555555,9.15302,34,0,12.533334,14.54975,34.88429465,2.8672023,363936.03,949333.25,3069028,1,5260688,657586.0,1220852.9,2832716,228,8370463,597890.2,1172406.9,3069028,1,0,0,0,0,296,488,1.0752009,1.7920015,0,34,11.68,12.552291,157.56,0,0,0,1,0,0,0,0,1,12.166667,11.555555,12.533334,0,0,0,0,0,0,9,104,15,188,29200,227,6,32,0.0,0.0,0,0,0.0,0.0,0,0
6,8204370,9,15,104,188,22,0,11.555555,9.15302,34,0,12.533334,14.54975,35.59078881,2.925270313,356711.75,927760.5,3160569,3,5000039,625004.9,1144111.4,2507841,3,8204281,586020.06,1145400.0,3160569,3,0,0,0,0,296,488,1.0969764,1.8282939,0,34,11.68,12.552291,157.56,0,0,0,1,0,0,0,0,1,12.166667,11.555555,12.533334,0,0,0,0,0,0,9,104,15,188,29200,227,6,32,0.0,0.0,0,0,0.0,0.0,0,0
6,9000615,9,15,104,188,22,0,11.555555,9.166667,34,0,12.533334,14.54975,32.44222756,2.666484457,391331.1,1022457.4,3312159,3,6477154,809644.25,1498015.8,3360830,4,9000514,642893.9,1262939.9,3312159,3,0,0,0,0,296,488,0.9999317,1.6665528,0,34,11.68,12.55561,157.64333,0,0,0,1,0,0,0,0,1,12.166667,11.555555,12.533334,0,0,0,0,0,0,9,104,15,188,29200,227,6,32,0.0,0.0,0,0,0.0,0.0,0,0
6,212,2,1,14,0,14,0,7.0,9.899495,0,0,0.0,0.0,66037.73585,14150.9434,106.0,93.3381,172,40,212,212.0,0.0,212,212,0,0.0,0.0,0,0,1,0,0,0,64,20,9433.962,4716.981,0,14,7.0,8.082904,65.333336,0,1,0,0,1,0,0,0,0,9.333333,7.0,0.0,0,0,0,0,0,0,2,14,1,0,229,0,0,32,0.0,0.0,0,0,0.0,0.0,0,0
6,195,2,1,14,0,14,0,7.0,9.899495,0,0,0.0,0.0,71794.87179,15384.61538,97.5,68.589355,146,49,195,195.0,0.0,195,195,0,0.0,0.0,0,0,1,0,0,0,64,20,10256.41,5128.205,0,14,7.0,8.082904,65.333336,0,1,0,0,1,0,0,0,0,9.333333,7.0,0.0,0,0,0,0,0,0,2,14,1,0,229,0,0,32,0.0,0.0,0,0,0.0,0.0,0,0
6,9599499,9,15,112,188,24,0,12.444445,10.187138,34,0,12.533334,14.54975,31.25163094,2.500130476,417369.53,1076997.2,3243610,3,6563844,820480.5,1498962.4,3286207,268,9599422,685673.0,1328475.0,3243610,3,0,0,0,0,296,488,0.93754894,1.5625815,0,34,12.0,12.819257,164.33333,0,0,0,1,0,0,0,0,1,12.5,12.444445,12.533334,0,0,0,0,0,0,9,112,15,188,29200,227,6,32,0.0,0.0,0,0,0.0,0.0,0,0
6,257,2,1,14,0,14,0,7.0,9.899495,0,0,0.0,0.0,54474.70817,11673.15175,128.5,54.447224,167,90,257,257.0,0.0,257,257,0,0.0,0.0,0,0,1,0,0,0,64,20,7782.101,3891.0505,0,14,7.0,8.082904,65.333336,0,1,0,0,1,0,0,0,0,9.333333,7.0,0.0,0,0,0,0,0,0,2,14,1,0,229,0,0,32,0.0,0.0,0,0,0.0,0.0,0,0
6,314,2,1,14,0,14,0,7.0,9.899495,0,0,0.0,0.0,44585.98726,9554.140127,157.0,94.75231,224,90,314,314.0,0.0,314,314,0,0.0,0.0,0,0,1,0,0,0,64,20,6369.427,3184.7134,0,14,7.0,8.082904,65.333336,0,1,0,0,1,0,0,0,0,9.333333,7.0,0.0,0,0,0,0,0,0,2,14,1,0,229,0,0,32,0.0,0.0,0,0,0.0,0.0,0,0
6,8892619,9,15,104,188,24,0,11.555555,9.248123,34,0,12.533334,14.54975,32.83622069,2.698867454,386635.6,1017120.25,3602100,3,5248117,656014.6,1207623.5,2898007,4,8892496,635178.3,1257290.0,3602100,3,0,0,0,0,296,488,1.0120753,1.6867921,0,34,11.68,12.575505,158.14333,0,0,0,1,0,0,0,0,1,12.166667,11.555555,12.533334,0,0,0,0,0,0,9,104,15,188,29200,227,6,32,0.0,0.0,0,0,0.0,0.0,0,0
6,273,2,1,14,0,14,0,7.0,9.899495,0,0,0.0,0.0,51282.05128,10989.01099,136.5,94.045204,203,70,273,273.0,0.0,273,273,0,0.0,0.0,0,0,1,0,0,0,64,20,7326.0073,3663.0037,0,14,7.0,8.082904,65.333336,0,1,0,0,1,0,0,0,0,9.333333,7.0,0.0,0,0,0,0,0,0,2,14,1,0,229,0,0,32,0.0,0.0,0,0,0.0,0.0,0,0
6,8529919,9,15,99,188,20,0,11.0,8.573215,34,0,12.533334,14.54975,33.64627495,2.81362578,370866.03,961375.3,3015827,1,5723282,715410.25,1325639.0,3063231,3,8529825,609273.2,1186462.2,3015827,1,0,0,0,0,296,488,1.0551096,1.7585161,0,34,11.48,12.420145,154.26,0,0,0,1,0,0,0,0,1,11.958333,11.0,12.533334,0,0,0,0,0,0,9,99,15,188,29200,227,6,32,0.0,0.0,0,0,0.0,0.0,0,0
6,9069192,9,15,102,188,22,0,11.333333,8.930285,34,0,12.533334,14.54975,31.97638775,2.646321745,394312.7,1027056.8,3236159,3,5971477,746434.6,1389232.0,3278010,49,9069090,647792.1,1268189.6,3236159,3,0,0,0,0,296,488,0.99237067,1.653951,0,34,11.6,12.5,156.25,0,0,0,1,0,0,0,0,1,12.083333,11.333333,12.533334,0,0,0,0,0,0,9,102,15,188,29200,227,6,32,0.0,0.0,0,0,0.0,0.0,0,0
6,229,2,1,14,0,14,0,7.0,9.899495,0,0,0.0,0.0,61135.37118,13100.43668,114.5,70.00357,164,65,229,229.0,0.0,229,229,0,0.0,0.0,0,0,1,0,0,0,64,20,8733.624,4366.812,0,14,7.0,8.082904,65.333336,0,1,0,0,1,0,0,0,0,9.333333,7.0,0.0,0,0,0,0,0,0,2,14,1,0,229,0,0,32,0.0,0.0,0,0,0.0,0.0,0,0
6,258,2,1,14,0,14,0,7.0,9.899495,0,0,0.0,0.0,54263.56589,11627.90698,129.0,108.89445,206,52,258,258.0,0.0,258,258,0,0.0,0.0,0,0,1,0,0,0,64,20,7751.938,3875.969,0,14,7.0,8.082904,65.333336,0,1,0,0,1,0,0,0,0,9.333333,7.0,0.0,0,0,0,0,0,0,2,14,1,0,229,0,0,32,0.0,0.0,0,0,0.0,0.0,0,0
6,9586157,9,15,118,188,35,0,13.111111,11.783935,34,0,12.533334,14.54975,31.92102946,2.503610154,416789.44,1044250.75,3322831,29,6679934,834991.75,1451914.6,3367017,227,9586093,684720.94,1283693.8,3322831,47,0,0,0,0,296,488,0.9388538,1.5647564,0,35,12.24,13.279935,176.35667,0,0,0,1,0,0,0,0,1,12.75,13.111111,12.533334,0,0,0,0,0,0,9,118,15,188,29200,227,6,32,0.0,0.0,0,0,0.0,0.0,0,0
6,8886698,9,15,115,188,27,0,12.777778,10.651031,34,0,12.533334,14.54975,34.09590379,2.700665647,386378.2,977271.25,3144156,3,5701250,712656.25,1252638.8,2772069,50,8886648,634760.56,1202702.4,3144156,3,0,0,0,0,296,488,1.0127497,1.687916,0,34,12.12,12.949646,167.69333,0,0,0,1,0,0,0,0,1,12.625,12.777778,12.533334,0,0,0,0,0,0,9,115,15,188,29200,227,6,32,0.0,0.0,0,0,0.0,0.0,0,0
6,8670843,9,15,100,188,21,0,11.111111,8.681078,34,0,12.533334,14.54975,33.21476355,2.767896962,376993.2,980004.8,3140793,2,5798705,724838.1,1346020.8,3184764,225,8670702,619335.9,1209831.9,3140793,2,0,0,0,0,296,488,1.0379614,1.7299356,0,34,11.52,12.443606,154.84334,0,0,0,1,0,0,0,0,1,12.0,11.111111,12.533334,0,0,0,0,0,0,9,100,15,188,29200,227,6,32,0.0,0.0,0,0,0.0,0.0,0,0
6,9081983,9,15,104,188,22,0,11.555555,9.15302,34,0,12.533334,14.54975,32.15156866,2.642594684,394868.8,1017426.94,3038840,3,5999729,749966.1,1371369.4,3011521,249,9081859,648704.2,1254788.6,3038840,3,0,0,0,0,296,488,0.990973,1.6516217,0,34,11.68,12.552291,157.56,0,0,0,1,0,0,0,0,1,12.166667,11.555555,12.533334,0,0,0,0,0,0,9,104,15,188,29200,227,6,32,0.0,0.0,0,0,0.0,0.0,0,0
6,9891826,9,15,97,188,19,0,10.777778,8.303279,34,0,12.533334,14.54975,28.81166733,2.42624567,430079.4,1116736.9,3479994,3,6368301,796037.6,1466387.0,3229354,254,9891679,706548.5,1378453.2,3479994,3,0,0,0,0,296,488,0.90984213,1.5164036,0,34,11.4,12.362578,152.83333,0,0,0,1,0,0,0,0,1,11.875,10.777778,12.533334,0,0,0,0,0,0,9,97,15,188,29200,227,6,32,0.0,0.0,0,0,0.0,0.0,0,0
6,9639074,9,15,107,188,27,0,11.888889,9.803627,34,0,12.533334,14.54975,30.60459957,2.489865728,419090.2,1100927.8,3795990,3,6599538,824942.25,1551291.6,3839475,69,9638964,688497.44,1360665.8,3795990,3,0,0,0,0,296,488,0.93369967,1.556166,0,34,11.8,12.714821,161.66667,0,0,0,1,0,0,0,0,1,12.291667,11.888889,12.533334,0,0,0,0,0,0,9,107,15,188,29200,227,6,32,0.0,0.0,0,0,0.0,0.0,0,0
6,8561696,9,15,116,188,32,0,12.888889,11.174127,34,0,12.533334,14.54975,35.50698366,2.803182921,372247.66,980876.8,3476692,3,5971213,746401.6,1409655.5,3519338,48,8561552,611539.44,1212694.8,3476692,3,0,0,0,0,296,488,1.0511936,1.7519894,0,34,12.16,13.097964,171.55667,0,0,0,1,0,0,0,0,1,12.666667,12.888889,12.533334,0,0,0,0,0,0,9,116,15,188,29200,227,6,32,0.0,0.0,0,0,0.0,0.0,0,0
6,9931047,9,15,108,188,27,0,12.0,9.88686,34,0,12.533334,14.54975,29.80551799,2.416663621,431784.66,1123590.4,3515728,3,6879632,859954.0,1589796.1,3559882,4,9930949,709353.5,1387241.5,3515728,3,0,0,0,0,296,488,0.90624887,1.5104147,0,34,11.84,12.736692,162.22333,0,0,0,1,0,0,0,0,1,12.333333,12.0,12.533334,0,0,0,0,0,0,9,108,15,188,29200,227,6,32,0.0,0.0,0,0,0.0,0.0,0,0
6,9153414,9,15,104,188,23,0,11.555555,9.355628,34,0,12.533334,14.54975,31.9006657,2.621972523,397974.53,1036518.1,3319141,1,5791860,723982.5,1339480.0,3012671,250,9153311,653807.94,1279863.2,3319141,1,0,0,0,0,296,488,0.9832397,1.6387328,0,34,11.68,12.601984,158.81,0,0,0,1,0,0,0,0,1,12.166667,11.555555,12.533334,0,0,0,0,0,0,9,104,15,188,29200,227,6,32,0.0,0.0,0,0,0.0,0.0,0,0
6,9080621,9,15,109,188,26,0,12.111111,9.905106,34,0,12.533334,14.54975,32.7070142,2.642991047,394809.6,1008119.7,3080838,3,6133539,766692.4,1378446.2,3123957,196,9080579,648612.8,1242033.1,3080838,3,0,0,0,0,296,488,0.99112165,1.6518694,0,34,11.88,12.742056,162.36,0,0,0,1,0,0,0,0,1,12.375,12.111111,12.533334,0,0,0,0,0,0,9,109,15,188,29200,227,6,32,0.0,0.0,0,0,0.0,0.0,0,0
6,7933391,9,15,108,188,29,0,12.0,10.111875,34,0,12.533334,14.54975,37.31065316,3.025188094,344930.03,897302.0,3127416,33,4760800,595100.0,1084633.0,2476771,246,7933303,566664.5,1107821.2,3127416,48,0,0,0,0,296,488,1.1344455,1.8907425,0,34,11.84,12.795442,163.72333,0,0,0,1,0,0,0,0,1,12.333333,12.0,12.533334,0,0,0,0,0,0,9,108,15,188,29200,227,6,32,0.0,0.0,0,0,0.0,0.0,0,0
6,9401618,9,15,108,188,23,0,12.0,9.656604,34,0,12.533334,14.54975,31.48394244,2.55275209,408766.0,1060736.5,3284860,3,6246537,780817.1,1443607.8,3332892,281,9401459,671532.8,1309239.5,3284860,3,0,0,0,0,296,488,0.957282,1.5954701,0,34,11.84,12.6776705,160.72333,0,0,0,1,0,0,0,0,1,12.333333,12.0,12.533334,0,0,0,0,0,0,9,108,15,188,29200,227,6,32,0.0,0.0,0,0,0.0,0.0,0,0
6,8785109,9,15,107,188,24,0,11.888889,9.597453,34,0,12.533334,14.54975,33.57954921,2.731895529,381961.25,991639.9,3000054,4,5995539,749442.4,1386086.8,3042219,220,8785036,627502.56,1224015.8,3000054,4,0,0,0,0,296,488,1.0244608,1.7074347,0,34,11.8,12.66228,160.33333,0,0,0,1,0,0,0,0,1,12.291667,11.888889,12.533334,0,0,0,0,0,0,9,107,15,188,29200,227,6,32,0.0,0.0,0,0,0.0,0.0,0,0
6,243,2,1,14,0,14,0,7.0,9.899495,0,0,0.0,0.0,57613.16872,12345.67901,121.5,57.27565,162,81,243,243.0,0.0,243,243,0,0.0,0.0,0,0,1,0,0,0,64,20,8230.453,4115.2266,0,14,7.0,8.082904,65.333336,0,1,0,0,1,0,0,0,0,9.333333,7.0,0.0,0,0,0,0,0,0,2,14,1,0,229,0,0,32,0.0,0.0,0,0,0.0,0.0,0,0
6,8989807,9,15,110,188,25,0,12.222222,10.034662,34,0,12.533334,14.54975,33.1486538,2.669690239,390861.2,1005385.7,3108648,3,5837526,729690.75,1327777.1,3012857,203,8989688,642120.56,1239702.1,3108648,3,0,0,0,0,296,488,1.0011338,1.6685565,0,34,11.92,12.776671,163.24333,0,0,0,1,0,0,0,0,1,12.416667,12.222222,12.533334,0,0,0,0,0,0,9,110,15,188,29200,227,6,32,0.0,0.0,0,0,0.0,0.0,0,0
6,171,2,2,14,0,14,0,7.0,9.899495,0,0,0.0,0.0,81871.34503,23391.81287,57.0,10.816654,69,48,171,171.0,0.0,171,171,48,48.0,0.0,48,48,1,0,0,0,64,40,11695.906,11695.906,0,14,5.6,7.6681156,58.8,0,1,0,0,1,0,0,0,1,7.0,7.0,0.0,0,0,0,0,0,0,2,14,2,0,229,0,0,32,0.0,0.0,0,0,0.0,0.0,0,0
6,258,2,1,14,0,14,0,7.0,9.899495,0,0,0.0,0.0,54263.56589,11627.90698,129.0,26.870058,148,110,258,258.0,0.0,258,258,0,0.0,0.0,0,0,1,0,0,0,64,20,7751.938,3875.969,0,14,7.0,8.082904,65.333336,0,1,0,0,1,0,0,0,0,9.333333,7.0,0.0,0,0,0,0,0,0,2,14,1,0,229,0,0,32,0.0,0.0,0,0,0.0,0.0,0,0
6,8830808,9,15,103,188,23,0,11.444445,9.207485,34,0,12.533334,14.54975,32.952817,2.717758103,383948.2,973537.56,3136868,3,5651260,706407.5,1246783.4,2912038,3,8830780,630770.0,1198455.5,3136868,47,0,0,0,0,296,488,1.0191593,1.6985989,0,34,11.64,12.566092,157.90666,0,0,0,1,0,0,0,0,1,12.125,11.444445,12.533334,0,0,0,0,0,0,9,103,15,188,29200,227,6,32,0.0,0.0,0,0,0.0,0.0,0,0
6,8796723,9,15,110,188,24,0,12.222222,9.972183,34,0,12.533334,14.54975,33.87625142,2.728288705,382466.22,961168.0,3114461,2,5640662,705082.75,1225041.1,2811812,211,8796656,628332.56,1181989.2,3114461,2,0,0,0,0,296,488,1.0231082,1.7051804,0,34,11.92,12.760355,162.82666,0,0,0,1,0,0,0,0,1,12.416667,12.222222,12.533334,0,0,0,0,0,0,9,110,15,188,29200,227,6,32,0.0,0.0,0,0,0.0,0.0,0,0
6,9204888,9,15,110,188,23,0,12.222222,9.909311,34,0,12.533334,14.54975,32.37410385,2.607310377,400212.53,1038298.4,3168852,3,6176832,772104.0,1425944.5,3211914,3,9204795,657485.4,1281508.6,3168852,47,0,0,0,0,296,488,0.9777414,1.6295689,0,34,11.92,12.744019,162.41,0,0,0,1,0,0,0,0,1,12.416667,12.222222,12.533334,0,0,0,0,0,0,9,110,15,188,29200,227,6,32,0.0,0.0,0,0,0.0,0.0,0,0
6,235,2,1,14,0,14,0,7.0,9.899495,0,0,0.0,0.0,59574.46809,12765.95745,117.5,78.48885,173,62,235,235.0,0.0,235,235,0,0.0,0.0,0,0,1,0,0,0,64,20,8510.639,4255.3193,0,14,7.0,8.082904,65.333336,0,1,0,0,1,0,0,0,0,9.333333,7.0,0.0,0,0,0,0,0,0,2,14,1,0,229,0,0,32,0.0,0.0,0,0,0.0,0.0,0,0
6,8162587,9,15,104,188,23,0,11.555555,9.221051,34,0,12.533334,14.54975,35.77297247,2.940244312,354895.1,924040.75,2931921,3,5366380,670797.5,1250190.5,2975047,4,8162460,583032.9,1140942.9,2931921,3,0,0,0,0,296,488,1.1025916,1.8376527,0,34,11.68,12.568877,157.97667,0,0,0,1,0,0,0,0,1,12.166667,11.555555,12.533334,0,0,0,0,0,0,9,104,15,188,29200,227,6,32,0.0,0.0,0,0,0.0,0.0,0,0
6,8380607,9,15,116,188,29,0,12.888889,10.94811,34,0,12.533334,14.54975,36.27422214,2.86375438,364374.22,948655.1,3088946,3,5850294,731286.75,1356253.8,3133462,4,8380546,598610.44,1171323.5,3088946,3,0,0,0,0,296,488,1.0739079,1.7898465,0,34,12.16,13.034185,169.89,0,0,0,1,0,0,0,0,1,12.666667,12.888889,12.533334,0,0,0,0,0,0,9,116,15,188,29200,227,6,32,0.0,0.0,0,0,0.0,0.0,0,0
6,9745434,9,15,107,188,24,0,11.888889,9.597453,34,0,12.533334,14.54975,30.2705862,2.462691759,423714.53,1107179.8,3608512,3,6553136,819142.0,1528316.9,3649562,3,9745396,696099.7,1367600.1,3608512,3,0,0,0,0,296,488,0.9235094,1.5391823,0,34,11.8,12.66228,160.33333,0,0,0,1,0,0,0,0,1,12.291667,11.888889,12.533334,0,0,0,0,0,0,9,107,15,188,29200,227,6,32,0.0,0.0,0,0,0.0,0.0,0,0
6,8748203,9,15,106,188,23,0,11.777778,9.417773,34,0,12.533334,14.54975,33.6069019,2.743420563,380356.66,986041.94,3088482,3,5876123,734515.4,1356754.1,3131088,220,8748085,624863.2,1216912.4,3088482,3,0,0,0,0,296,488,1.0287827,1.7146379,0,34,11.76,12.617052,159.19,0,0,0,1,0,0,0,0,1,12.25,11.777778,12.533334,0,0,0,0,0,0,9,106,15,188,29200,227,6,32,0.0,0.0,0,0,0.0,0.0,0,0
6,9536435,9,15,108,188,23,0,12.0,9.656604,34,0,12.533334,14.54975,31.03885257,2.516663722,414627.6,1093129.8,3708627,3,6245662,780707.75,1480880.0,3752762,62,9536282,681163.0,1351551.8,3708627,3,0,0,0,0,296,488,0.9437489,1.5729148,0,34,11.84,12.6776705,160.72333,0,0,0,1,0,0,0,0,1,12.333333,12.0,12.533334,0,0,0,0,0,0,9,108,15,188,29200,227,6,32,0.0,0.0,0,0,0.0,0.0,0,0
6,8936649,9,15,100,188,22,0,11.111111,8.738484,34,0,12.533334,14.54975,32.22684476,2.685570397,388549.97,1011397.6,3188730,3,5884269,735533.6,1367364.4,3231221,236,8936576,638326.9,1248765.8,3188730,3,0,0,0,0,296,488,1.0070889,1.6784815,0,34,11.52,12.456993,155.17667,0,0,0,1,0,0,0,0,1,12.0,11.111111,12.533334,0,0,0,0,0,0,9,100,15,188,29200,227,6,32,0.0,0.0,0,0,0.0,0.0,0,0
6,215,2,1,14,0,14,0,7.0,9.899495,0,0,0.0,0.0,65116.27907,13953.48837,107.5,75.66042,161,54,215,215.0,0.0,215,215,0,0.0,0.0,0,0,1,0,0,0,64,20,9302.325,4651.1626,0,14,7.0,8.082904,65.333336,0,1,0,0,1,0,0,0,0,9.333333,7.0,0.0,0,0,0,0,0,0,2,14,1,0,229,0,0,32,0.0,0.0,0,0,0.0,0.0,0,0
6,9094795,9,15,106,188,24,0,11.777778,9.575722,34,0,12.533334,14.54975,32.32618217,2.638872014,395425.88,1028148.0,3171590,3,5881731,735216.4,1361697.9,3135477,3,9094714,649622.44,1269292.9,3171590,4,0,0,0,0,296,488,0.989577,1.649295,0,34,11.76,12.656619,160.19,0,0,0,1,0,0,0,0,1,12.25,11.777778,12.533334,0,0,0,0,0,0,9,106,15,188,29200,227,6,32,0.0,0.0,0,0,0.0,0.0,0,0
6,8018992,9,15,116,188,35,0,12.888889,11.741427,34,0,12.533334,14.54975,37.91000166,2.992894868,348651.8,905196.44,2918805,3,5354479,669309.9,1244210.1,2963160,3,8018868,572776.3,1117323.8,2918805,3,0,0,0,0,296,488,1.1223356,1.8705593,0,35,12.16,13.262353,175.89,0,0,0,1,0,0,0,0,1,12.666667,12.888889,12.533334,0,0,0,0,0,0,9,116,15,188,29200,227,6,32,0.0,0.0,0,0,0.0,0.0,0,0
6,9443071,9,15,106,188,24,0,11.777778,9.457507,34,0,12.533334,14.54975,31.13393937,2.541546071,410568.3,1072416.0,3492198,0,6287185,785898.1,1468536.1,3534740,212,9442948,674496.3,1324608.4,3492198,0,0,0,0,0,296,488,0.95307976,1.5884663,0,34,11.76,12.626955,159.44,0,0,0,1,0,0,0,0,1,12.25,11.777778,12.533334,0,0,0,0,0,0,9,106,15,188,29200,227,6,32,0.0,0.0,0,0,0.0,0.0,0,0
6,8366501,9,15,101,188,22,0,11.222222,8.828615,34,0,12.533334,14.54975,34.54251664,2.868582697,363760.9,943636.1,2856695,3,5725618,715702.25,1323604.0,2898727,225,8366381,597598.6,1164662.4,2856695,3,0,0,0,0,296,488,1.0757185,1.7928642,0,34,11.56,12.476912,155.67334,0,0,0,1,0,0,0,0,1,12.041667,11.222222,12.533334,0,0,0,0,0,0,9,101,15,188,29200,227,6,32,0.0,0.0,0,0,0.0,0.0,0,0
6,250,2,1,14,0,14,0,7.0,9.899495,0,0,0.0,0.0,56000.0,12000.0,125.0,42.426407,155,95,250,250.0,0.0,250,250,0,0.0,0.0,0,0,1,0,0,0,64,20,8000.0,4000.0,0,14,7.0,8.082904,65.333336,0,1,0,0,1,0,0,0,0,9.333333,7.0,0.0,0,0,0,0,0,0,2,14,1,0,229,0,0,32,0.0,0.0,0,0,0.0,0.0,0,0
6,213,2,1,14,0,14,0,7.0,9.899495,0,0,0.0,0.0,65727.69953,14084.50704,106.5,28.991379,127,86,213,213.0,0.0,213,213,0,0.0,0.0,0,0,1,0,0,0,64,20,9389.671,4694.8354,0,14,7.0,8.082904,65.333336,0,1,0,0,1,0,0,0,0,9.333333,7.0,0.0,0,0,0,0,0,0,2,14,1,0,229,0,0,32,0.0,0.0,0,0,0.0,0.0,0,0
6,8860412,9,15,102,188,22,0,11.333333,8.944272,34,0,12.533334,14.54975,32.729855,2.708677655,385235.3,1002828.44,3223683,3,5590114,698764.25,1293355.2,2923838,3,8860326,632880.44,1238193.9,3223683,3,0,0,0,0,296,488,1.0157541,1.6929235,0,34,11.6,12.503333,156.33333,0,0,0,1,0,0,0,0,1,12.083333,11.333333,12.533334,0,0,0,0,0,0,9,102,15,188,29200,227,6,32,0.0,0.0,0,0,0.0,0.0,0,0
6,214,2,1,14,0,14,0,7.0,9.899495,0,0,0.0,0.0,65420.56075,14018.69159,107.0,74.953316,160,54,214,214.0,0.0,214,214,0,0.0,0.0,0,0,1,0,0,0,64,20,9345.794,4672.897,0,14,7.0,8.082904,65.333336,0,1,0,0,1,0,0,0,0,9.333333,7.0,0.0,0,0,0,0,0,0,2,14,1,0,229,0,0,32,0.0,0.0,0,0,0.0,0.0,0,0
6,119297996,2782,2089,9368,7882432,1448,0,3.3673615,30.50503,17376,0,3773.304,2372.0667,66151.99135,40.83052661,24496.508,153244.69,995302,0,119000000,42897.5,201057.42,998229,0,119000000,57135.035,230051.98,995302,2,0,0,0,0,89024,66848,23.319756,17.510773,0,17376,1620.1248,2427.6868,5893662.5,0,0,0,0,1,0,0,0,0,1620.4574,3.3673615,3773.304,0,0,0,0,0,0,2782,9368,2089,7882432,235,235,120,32,0.0,0.0,0,0,0.0,0.0,0,0
6,119259012,2801,2069,12264,7879536,4344,0,4.378436,83.10784,15928,0,3808.379,2459.3694,66173.61546,40.83548839,24493.533,153287.53,995262,0,119000000,42592.48,200437.97,996257,0,119000000,57668.76,231138.53,995262,2,0,0,0,0,89632,66208,23.486694,17.348793,0,15928,1621.0519,2471.8022,6109806.0,0,0,0,0,1,0,0,0,0,1621.3848,4.378436,3808.379,0,0,0,0,0,0,2801,12264,2069,7879536,235,235,120,32,0.0,0.0,0,0,0.0,0.0,0,0
6,117923038,45,40,15754,240,1460,6,350.0889,505.59402,6,6,6.0,0.0,135.6308341,0.720809109,1403845.8,10300000.0,92800000,1,118000000,2680057.5,14200000.0,92800000,1,118000000,3023659.5,15100000.0,92800000,1,1,0,0,0,900,800,0.38160482,0.33920428,6,1460,186.39536,402.60376,162089.8,0,1,0,0,1,0,0,0,0,188.58824,350.0889,6.0,0,0,0,0,0,0,45,15754,40,240,255,1452,44,20,2982953.5,2987575.0,5095488,870419,55700000.0,52500000.0,92800000,18600000
6,99891716,15,15,5065,90,1460,6,337.66666,457.94318,6,6,6.0,0.0,51.60588091,0.300325204,3444542.0,18300000.0,98800000,3,99900000,7135098.5,26400000.0,98800000,4,99900000,7135086.0,26400000.0,98800000,3,1,0,0,0,300,300,0.1501626,0.1501626,6,1460,168.2258,354.64026,125769.71,0,1,0,0,1,0,0,0,1,173.83333,337.66666,6.0,0,0,0,0,0,0,15,5065,15,90,255,1452,14,20,569902.0,0.0,569902,569902,98800000.0,0.0,98800000,98800000
6,119993844,3813,3811,1752551,22866,1271,6,459.62524,246.73094,6,6,6.0,0.0,14795.9007,63.53659276,15741.026,23598.938,841617,1,120000000,31477.924,26457.85,861387,93,120000000,31485.602,25623.95,842050,519,0,0,0,0,76260,76220,31.77663,31.759962,6,1271,232.84236,286.16217,81888.79,0,0,0,0,1,0,0,0,0,232.8729,459.62524,6.0,0,0,0,0,0,0,3813,1752551,3811,22866,3294,3294,3812,20,0.0,0.0,0,0,0.0,0.0,0,0
6,67917167,20,20,3738,120,705,6,186.9,227.23021,6,6,6.0,0.0,56.8044895,0.588952716,1741465.9,8907306.0,54800000,32,67900000,3574561.2,12700000.0,54800000,438,67900000,3574570.5,12700000.0,54800000,530,1,0,0,0,400,400,0.29447636,0.29447636,6,705,94.97561,181.09741,32796.273,0,1,0,0,1,0,0,0,1,97.35,186.9,6.0,0,0,0,0,0,0,20,3738,20,120,255,1452,19,20,566477.5,11731.608,574773,558182,33100000.0,30600000.0,54800000,11400000
6,69483113,20,20,3734,120,705,6,186.7,226.9547,6,6,6.0,0.0,55.46671462,0.575679446,1781618.2,8982985.0,55000000,33,69500000,3656979.8,12800000.0,55000000,545,69500000,3656980.2,12800000.0,55000000,574,1,0,0,0,400,400,0.2878397,0.2878397,6,705,94.87805,180.88245,32718.459,0,1,0,0,1,0,0,0,1,97.25,186.7,6.0,0,0,0,0,0,0,20,3734,20,120,255,1452,19,20,567480.0,12679.839,576446,558514,33900000.0,29900000.0,55000000,12800000
6,104790355,15,15,5066,90,1036,6,337.73334,402.14343,6,6,6.0,0.0,49.20300155,0.28628589,3613460.5,19200000.0,104000000,63,105000000,7484994.5,27700000.0,104000000,446,105000000,7485002.0,27700000.0,104000000,653,1,0,0,0,300,300,0.14314294,0.14314294,6,1036,168.25807,321.53455,103384.46,0,1,0,0,1,0,0,0,1,173.86667,337.73334,6.0,0,0,0,0,0,0,15,5066,15,90,255,1452,14,20,571580.0,0.0,571580,571580,104000000.0,0.0,104000000,104000000
6,48450959,7,8,1959,48,963,6,279.85715,369.46332,6,6,6.0,0.0,41.42332869,0.309591395,3460782.8,12600000.0,47200000,42,1211280,201880.0,469521.0,1159621,453,48500000,6921524.0,17800000.0,47200000,714,1,0,0,0,140,160,0.14447598,0.16511542,6,963,129.1875,271.3075,73607.766,0,1,0,0,1,0,0,0,1,137.8,279.85715,6.0,0,0,0,0,0,0,7,1959,8,48,255,1452,6,20,0.0,0.0,0,0,0.0,0.0,0,0
6,73586508,2,2,0,12,0,0,0.0,0.0,6,6,6.0,0.0,0.163073372,0.054357791,24500000.0,42500000.0,73600000,47,73600000,73600000.0,0.0,73600000,73600000,73600000,73600000.0,0.0,73600000,73600000,0,0,0,0,80,40,0.027178895,0.027178895,0,6,2.4,3.2863352,10.8,0,0,0,1,0,0,0,0,1,3.0,0.0,6.0,0,0,0,0,0,0,2,0,2,12,29200,0,0,40,48.0,0.0,48,48,73600000.0,0.0,73600000,73600000
6,546,2,1,8,2,6,2,4.0,2.828427,2,2,2.0,0.0,18315.01832,5494.505495,273.0,287.08536,476,70,546,546.0,0.0,546,546,0,0.0,0.0,0,0,0,0,0,0,44,24,3663.0037,1831.5018,2,6,3.0,2.0,4.0,0,0,0,1,0,0,0,0,0,4.0,4.0,2.0,0,0,0,0,0,0,2,8,1,2,1024,29200,1,20,0.0,0.0,0,0,0.0,0.0,0,0
6,78,1,1,2,6,2,2,2.0,0.0,6,6,6.0,0.0,102564.1026,25641.02564,78.0,0.0,78,78,0,0.0,0.0,0,0,0,0.0,0.0,0,0,0,0,0,0,24,20,12820.513,12820.513,2,6,3.3333333,2.309401,5.3333335,0,0,0,1,0,0,0,0,1,5.0,2.0,6.0,0,0,0,0,0,0,1,2,1,6,1024,0,0,24,0.0,0.0,0,0,0.0,0.0,0,0
6,531,2,1,8,2,6,2,4.0,2.828427,2,2,2.0,0.0,18832.39171,5649.717514,265.5,335.87573,503,28,531,531.0,0.0,531,531,0,0.0,0.0,0,0,0,0,0,0,44,24,3766.4783,1883.2391,2,6,3.0,2.0,4.0,0,0,0,1,0,0,0,0,0,4.0,4.0,2.0,0,0,0,0,0,0,2,8,1,2,1024,29200,1,20,0.0,0.0,0,0,0.0,0.0,0,0
6,12608,4,2,0,41,0,0,0.0,0.0,41,0,20.5,28.991379,3251.903553,475.8883249,2521.6,4393.8237,10364,117,12608,4202.6665,5983.564,11110,609,10856,10856.0,0.0,10856,10856,0,0,0,0,136,72,317.25888,158.62944,0,41,5.857143,15.496543,240.14285,0,0,0,1,0,0,0,0,0,6.8333335,0.0,20.5,0,0,0,0,0,0,4,0,2,41,29200,227,0,32,0.0,0.0,0,0,0.0,0.0,0,0
6,2475,6,0,0,0,0,0,0.0,0.0,0,0,0.0,0.0,0.0,2424.242424,495.0,422.55472,1237,171,2475,495.0,422.55472,1237,171,0,0.0,0.0,0,0,0,0,0,0,192,0,2424.2424,0.0,0,0,0.0,0.0,0.0,0,0,0,0,1,0,0,0,0,0.0,0.0,0.0,0,0,0,0,0,0,6,0,0,0,251,-1,0,32,0.0,0.0,0,0,0.0,0.0,0,0
6,190,1,1,0,6,0,0,0.0,0.0,6,6,6.0,0.0,31578.94737,10526.31579,190.0,0.0,190,190,0,0.0,0.0,0,0,0,0.0,0.0,0,0,0,0,0,0,40,20,5263.1577,5263.1577,0,6,2.0,3.4641016,12.0,0,0,0,1,0,0,0,0,1,3.0,0.0,6.0,0,0,0,0,0,0,1,0,1,6,29200,0,0,40,0.0,0.0,0,0,0.0,0.0,0,0
6,785,3,1,0,0,0,0,0.0,0.0,0,0,0.0,0.0,0.0,5095.541401,261.66666,408.11804,732,1,785,392.5,553.6646,784,1,0,0.0,0.0,0,0,0,0,0,0,104,40,3821.656,1273.8854,0,0,0.0,0.0,0.0,0,0,0,1,0,0,0,0,0,0.0,0.0,0.0,0,0,0,0,0,0,3,0,1,0,29200,28960,0,32,0.0,0.0,0,0,0.0,0.0,0,0
6,575,2,1,8,2,6,2,4.0,2.828427,2,2,2.0,0.0,17391.30435,5217.391304,287.5,381.13055,557,18,575,575.0,0.0,575,575,0,0.0,0.0,0,0,0,0,0,0,44,24,3478.261,1739.1305,2,6,3.0,2.0,4.0,0,0,0,1,0,0,0,0,0,4.0,4.0,2.0,0,0,0,0,0,0,2,8,1,2,1024,29200,1,20,0.0,0.0,0,0,0.0,0.0,0,0
6,36807970,2,2,0,12,0,0,0.0,0.0,6,6,6.0,0.0,0.326016349,0.108672116,12300000.0,21300000.0,36800000,47,36800000,36800000.0,0.0,36800000,36800000,36800000,36800000.0,0.0,36800000,36800000,0,0,0,0,80,40,0.05433606,0.05433606,0,6,2.4,3.2863352,10.8,0,0,0,1,0,0,0,0,1,3.0,0.0,6.0,0,0,0,0,0,0,2,0,2,12,29200,0,0,40,47.0,0.0,47,47,36800000.0,0.0,36800000,36800000
6,602,2,1,8,2,6,2,4.0,2.828427,2,2,2.0,0.0,16611.29568,4983.388704,301.0,332.34018,536,66,602,602.0,0.0,602,602,0,0.0,0.0,0,0,0,0,0,0,44,24,3322.259,1661.1295,2,6,3.0,2.0,4.0,0,0,0,1,0,0,0,0,0,4.0,4.0,2.0,0,0,0,0,0,0,2,8,1,2,1024,29200,1,20,0.0,0.0,0,0,0.0,0.0,0,0
6,633,2,1,8,2,6,2,4.0,2.828427,2,2,2.0,0.0,15797.78831,4739.336493,316.5,355.6747,568,65,633,633.0,0.0,633,633,0,0.0,0.0,0,0,0,0,0,0,44,24,3159.5576,1579.7788,2,6,3.0,2.0,4.0,0,0,0,1,0,0,0,0,0,4.0,4.0,2.0,0,0,0,0,0,0,2,8,1,2,1024,29200,1,20,0.0,0.0,0,0,0.0,0.0,0,0
6,41,1,1,0,6,0,0,0.0,0.0,6,6,6.0,0.0,146341.4634,48780.4878,41.0,0.0,41,41,0,0.0,0.0,0,0,0,0.0,0.0,0,0,0,0,0,0,40,20,24390.244,24390.244,0,6,2.0,3.4641016,12.0,0,0,0,1,0,0,0,0,1,3.0,0.0,6.0,0,0,0,0,0,0,1,0,1,6,64240,0,0,40,0.0,0.0,0,0,0.0,0.0,0,0
6,18,1,1,0,6,0,0,0.0,0.0,6,6,6.0,0.0,333333.3333,111111.1111,18.0,0.0,18,18,0,0.0,0.0,0,0,0,0.0,0.0,0,0,0,0,0,0,40,20,55555.555,55555.555,0,6,2.0,3.4641016,12.0,0,0,0,1,0,0,0,0,1,3.0,0.0,6.0,0,0,0,0,0,0,1,0,1,6,29200,0,0,40,0.0,0.0,0,0,0.0,0.0,0,0
6,520,1,1,0,6,0,0,0.0,0.0,6,6,6.0,0.0,11538.46154,3846.153846,520.0,0.0,520,520,0,0.0,0.0,0,0,0,0.0,0.0,0,0,0,0,0,0,40,20,1923.0769,1923.0769,0,6,2.0,3.4641016,12.0,0,0,0,1,0,0,0,0,1,3.0,0.0,6.0,0,0,0,0,0,0,1,0,1,6,29200,0,0,40,0.0,0.0,0,0,0.0,0.0,0,0
6,429,2,1,8,2,6,2,4.0,2.828427,2,2,2.0,0.0,23310.02331,6993.006993,214.5,208.5965,362,67,429,429.0,0.0,429,429,0,0.0,0.0,0,0,0,0,0,0,44,24,4662.005,2331.0024,2,6,3.0,2.0,4.0,0,0,0,1,0,0,0,0,0,4.0,4.0,2.0,0,0,0,0,0,0,2,8,1,2,1024,29200,1,20,0.0,0.0,0,0,0.0,0.0,0,0
6,6007304,3,6,18,11595,18,0,6.0,10.392304,4344,0,1932.5,1754.8314,1933.146716,1.49817622,750913.0,2123325.2,6005875,17,6006482,3003241.0,4246365.5,6005875,607,6007200,1201440.0,2686118.0,6006514,17,0,0,0,0,104,200,0.49939206,0.9987841,0,4344,1161.3,1643.7982,2702072.5,0,0,0,1,0,0,0,0,2,1290.3334,6.0,1932.5,0,0,0,0,0,0,3,18,6,11595,29200,227,1,32,607.0,0.0,607,607,6005875.0,0.0,6005875,6005875
6,613,2,1,8,2,6,2,4.0,2.828427,2,2,2.0,0.0,16313.2137,4893.964111,306.5,366.98843,566,47,613,613.0,0.0,613,613,0,0.0,0.0,0,0,0,0,0,0,44,24,3262.6428,1631.3214,2,6,3.0,2.0,4.0,0,0,0,1,0,0,0,0,0,4.0,4.0,2.0,0,0,0,0,0,0,2,8,1,2,1024,29200,1,20,0.0,0.0,0,0,0.0,0.0,0,0
6,556,2,1,8,2,6,2,4.0,2.828427,2,2,2.0,0.0,17985.61151,5395.683453,278.0,265.87216,466,90,556,556.0,0.0,556,556,0,0.0,0.0,0,0,0,0,0,0,44,24,3597.1223,1798.5612,2,6,3.0,2.0,4.0,0,0,0,1,0,0,0,0,0,4.0,4.0,2.0,0,0,0,0,0,0,2,8,1,2,1024,29200,1,20,0.0,0.0,0,0,0.0,0.0,0,0
6,782,3,1,0,0,0,0,0.0,0.0,0,0,0.0,0.0,0.0,5115.089514,260.66666,300.8527,607,64,782,391.0,462.44785,718,64,0,0.0,0.0,0,0,0,0,0,0,104,40,3836.3171,1278.7723,0,0,0.0,0.0,0.0,0,0,0,1,0,0,0,0,0,0.0,0.0,0.0,0,0,0,0,0,0,3,0,1,0,29200,28960,0,32,0.0,0.0,0,0,0.0,0.0,0,0
6,60,1,1,2,6,2,2,2.0,0.0,6,6,6.0,0.0,133333.3333,33333.33333,60.0,0.0,60,60,0,0.0,0.0,0,0,0,0.0,0.0,0,0,0,0,0,0,24,20,16666.666,16666.666,2,6,3.3333333,2.309401,5.3333335,0,0,0,1,0,0,0,0,1,5.0,2.0,6.0,0,0,0,0,0,0,1,2,1,6,1024,0,0,24,0.0,0.0,0,0,0.0,0.0,0,0
6,100,1,1,2,6,2,2,2.0,0.0,6,6,6.0,0.0,80000.0,20000.0,100.0,0.0,100,100,0,0.0,0.0,0,0,0,0.0,0.0,0,0,0,0,0,0,24,20,10000.0,10000.0,2,6,3.3333333,2.309401,5.3333335,0,0,0,1,0,0,0,0,1,5.0,2.0,6.0,0,0,0,0,0,0,1,2,1,6,1024,0,0,24,0.0,0.0,0,0,0.0,0.0,0,0
6,1,1,1,2,6,2,2,2.0,0.0,6,6,6.0,0.0,8000000.0,2000000.0,1.0,0.0,1,1,0,0.0,0.0,0,0,0,0.0,0.0,0,0,0,0,0,0,24,20,1000000.0,1000000.0,2,6,3.3333333,2.309401,5.3333335,0,0,0,1,0,0,0,0,1,5.0,2.0,6.0,0,0,0,0,0,0,1,2,1,6,1024,0,0,24,0.0,0.0,0,0,0.0,0.0,0,0
6,700,2,1,8,2,6,2,4.0,2.828427,2,2,2.0,0.0,14285.71429,4285.714286,350.0,306.88434,567,133,700,700.0,0.0,700,700,0,0.0,0.0,0,0,0,0,0,0,44,24,2857.1428,1428.5714,2,6,3.0,2.0,4.0,0,0,0,1,0,0,0,0,0,4.0,4.0,2.0,0,0,0,0,0,0,2,8,1,2,1024,29200,1,20,0.0,0.0,0,0,0.0,0.0,0,0
6,18367569,2,2,0,12,0,0,0.0,0.0,6,6,6.0,0.0,0.653325435,0.217775145,6122523.0,10600000.0,18400000,43,18400000,18400000.0,0.0,18400000,18400000,18400000,18400000.0,0.0,18400000,18400000,0,0,0,0,80,40,0.108887576,0.108887576,0,6,2.4,3.2863352,10.8,0,0,0,1,0,0,0,0,1,3.0,0.0,6.0,0,0,0,0,0,0,2,0,2,12,29200,0,0,40,44.0,0.0,44,44,18400000.0,0.0,18400000,18400000
6,38072944,2,2,0,12,0,0,0.0,0.0,6,6,6.0,0.0,0.315184452,0.105061484,12700000.0,22000000.0,38100000,40,38100000,38100000.0,0.0,38100000,38100000,38100000,38100000.0,0.0,38100000,38100000,0,0,0,0,80,40,0.052530743,0.052530743,0,6,2.4,3.2863352,10.8,0,0,0,1,0,0,0,0,1,3.0,0.0,6.0,0,0,0,0,0,0,2,0,2,12,29200,0,0,40,40.0,0.0,40,40,38100000.0,0.0,38100000,38100000
6,552,2,1,8,2,6,2,4.0,2.828427,2,2,2.0,0.0,18115.94203,5434.782609,276.0,285.67114,478,74,552,552.0,0.0,552,552,0,0.0,0.0,0,0,0,0,0,0,44,24,3623.1885,1811.5942,2,6,3.0,2.0,4.0,0,0,0,1,0,0,0,0,0,4.0,4.0,2.0,0,0,0,0,0,0,2,8,1,2,1024,29200,1,20,0.0,0.0,0,0,0.0,0.0,0,0
6,36799782,2,2,0,12,0,0,0.0,0.0,6,6,6.0,0.0,0.326088888,0.108696296,12300000.0,21200000.0,36800000,57,36800000,36800000.0,0.0,36800000,36800000,36800000,36800000.0,0.0,36800000,36800000,0,0,0,0,80,40,0.05434815,0.05434815,0,6,2.4,3.2863352,10.8,0,0,0,1,0,0,0,0,1,3.0,0.0,6.0,0,0,0,0,0,0,2,0,2,12,29200,0,0,40,79.0,0.0,79,79,36800000.0,0.0,36800000,36800000
6,1122,3,1,0,0,0,0,0.0,0.0,0,0,0.0,0.0,0.0,3565.062389,374.0,592.1816,1057,4,1122,561.0,787.717,1118,4,0,0.0,0.0,0,0,0,0,0,0,104,40,2673.7969,891.2656,0,0,0.0,0.0,0.0,0,0,0,1,0,0,0,0,0,0.0,0.0,0.0,0,0,0,0,0,0,3,0,1,0,29200,28960,0,32,0.0,0.0,0,0,0.0,0.0,0,0
6,110,1,1,2,6,2,2,2.0,0.0,6,6,6.0,0.0,72727.27273,18181.81818,110.0,0.0,110,110,0,0.0,0.0,0,0,0,0.0,0.0,0,0,0,0,0,0,24,20,9090.909,9090.909,2,6,3.3333333,2.309401,5.3333335,0,0,0,1,0,0,0,0,1,5.0,2.0,6.0,0,0,0,0,0,0,1,2,1,6,1024,0,0,24,0.0,0.0,0,0,0.0,0.0,0,0
6,665,3,1,0,0,0,0,0.0,0.0,0,0,0.0,0.0,0.0,6015.037594,221.66667,303.40128,572,45,665,332.5,402.34375,617,48,0,0.0,0.0,0,0,0,0,0,0,104,40,4511.2783,1503.7594,0,0,0.0,0.0,0.0,0,0,0,1,0,0,0,0,0,0.0,0.0,0.0,0,0,0,0,0,0,3,0,1,0,29200,28960,0,32,0.0,0.0,0,0,0.0,0.0,0,0
6,611,2,1,8,2,6,2,4.0,2.828427,2,2,2.0,0.0,16366.61211,4909.983633,305.5,364.16,563,48,611,611.0,0.0,611,611,0,0.0,0.0,0,0,0,0,0,0,44,24,3273.3225,1636.6613,2,6,3.0,2.0,4.0,0,0,0,1,0,0,0,0,0,4.0,4.0,2.0,0,0,0,0,0,0,2,8,1,2,1024,29200,1,20,0.0,0.0,0,0,0.0,0.0,0,0
6,18419985,2,2,0,12,0,0,0.0,0.0,6,6,6.0,0.0,0.651466329,0.217155443,6139995.0,10600000.0,18400000,15,18400000,18400000.0,0.0,18400000,18400000,18400000,18400000.0,0.0,18400000,18400000,0,0,0,0,80,40,0.10857772,0.10857772,0,6,2.4,3.2863352,10.8,0,0,0,1,0,0,0,0,1,3.0,0.0,6.0,0,0,0,0,0,0,2,0,2,12,29200,0,0,40,29.0,0.0,29,29,18400000.0,0.0,18400000,18400000
6,493,2,1,8,2,6,2,4.0,2.828427,2,2,2.0,0.0,20283.97566,6085.192698,246.5,317.49094,471,22,493,493.0,0.0,493,493,0,0.0,0.0,0,0,0,0,0,0,44,24,4056.7952,2028.3976,2,6,3.0,2.0,4.0,0,0,0,1,0,0,0,0,0,4.0,4.0,2.0,0,0,0,0,0,0,2,8,1,2,1024,29200,1,20,0.0,0.0,0,0,0.0,0.0,0,0
6,2168,6,5,62,11576,62,0,10.333333,25.311394,5792,0,2315.2,2628.8833,5368081.181,5073.800738,216.8,312.74973,834,1,2168,433.6,525.51,1155,1,1086,271.5,375.8772,829,45,0,0,0,0,200,168,2767.5276,2306.273,0,5792,969.8333,1980.8582,3923799.0,0,0,0,1,0,0,0,0,0,1058.0,10.333333,2315.2,0,0,0,0,0,0,6,62,5,11576,29200,227,1,32,0.0,0.0,0,0,0.0,0.0,0,0
6,683,2,1,8,2,6,2,4.0,2.828427,2,2,2.0,0.0,14641.28843,4392.38653,341.5,242.53763,513,170,683,683.0,0.0,683,683,0,0.0,0.0,0,0,0,0,0,0,44,24,2928.2576,1464.1288,2,6,3.0,2.0,4.0,0,0,0,1,0,0,0,0,0,4.0,4.0,2.0,0,0,0,0,0,0,2,8,1,2,1024,29200,1,20,0.0,0.0,0,0,0.0,0.0,0,0
6,33,1,1,2,6,2,2,2.0,0.0,6,6,6.0,0.0,242424.2424,60606.06061,33.0,0.0,33,33,0,0.0,0.0,0,0,0,0.0,0.0,0,0,0,0,0,0,24,20,30303.031,30303.031,2,6,3.3333333,2.309401,5.3333335,0,0,0,1,0,0,0,0,1,5.0,2.0,6.0,0,0,0,0,0,0,1,2,1,6,1024,0,0,24,0.0,0.0,0,0,0.0,0.0,0,0
6,616,2,1,8,2,6,2,4.0,2.828427,2,2,2.0,0.0,16233.76623,4870.12987,308.0,356.3818,560,56,616,616.0,0.0,616,616,0,0.0,0.0,0,0,0,0,0,0,44,24,3246.7532,1623.3766,2,6,3.0,2.0,4.0,0,0,0,1,0,0,0,0,0,4.0,4.0,2.0,0,0,0,0,0,0,2,8,1,2,1024,29200,1,20,0.0,0.0,0,0,0.0,0.0,0,0
6,129,1,1,2,6,2,2,2.0,0.0,6,6,6.0,0.0,62015.50388,15503.87597,129.0,0.0,129,129,0,0.0,0.0,0,0,0,0.0,0.0,0,0,0,0,0,0,24,20,7751.938,7751.938,2,6,3.3333333,2.309401,5.3333335,0,0,0,1,0,0,0,0,1,5.0,2.0,6.0,0,0,0,0,0,0,1,2,1,6,1024,0,0,24,0.0,0.0,0,0,0.0,0.0,0,0
6,629,2,1,8,2,6,2,4.0,2.828427,2,2,2.0,0.0,15898.25119,4769.475358,314.5,228.3955,476,153,629,629.0,0.0,629,629,0,0.0,0.0,0,0,0,0,0,0,44,24,3179.6501,1589.8251,2,6,3.0,2.0,4.0,0,0,0,1,0,0,0,0,0,4.0,4.0,2.0,0,0,0,0,0,0,2,8,1,2,1024,29200,1,20,0.0,0.0,0,0,0.0,0.0,0,0
6,137,1,1,0,6,0,0,0.0,0.0,6,6,6.0,0.0,43795.62044,14598.54015,137.0,0.0,137,137,0,0.0,0.0,0,0,0,0.0,0.0,0,0,0,0,0,0,40,20,7299.27,7299.27,0,6,2.0,3.4641016,12.0,0,0,0,1,0,0,0,0,1,3.0,0.0,6.0,0,0,0,0,0,0,1,0,1,6,29200,0,0,40,0.0,0.0,0,0,0.0,0.0,0,0
6,447,2,1,8,2,6,2,4.0,2.828427,2,2,2.0,0.0,22371.36465,6711.409396,223.5,266.57925,412,35,447,447.0,0.0,447,447,0,0.0,0.0,0,0,0,0,0,0,44,24,4474.273,2237.1365,2,6,3.0,2.0,4.0,0,0,0,1,0,0,0,0,0,4.0,4.0,2.0,0,0,0,0,0,0,2,8,1,2,1024,29200,1,20,0.0,0.0,0,0,0.0,0.0,0,0
6,14,1,1,0,6,0,0,0.0,0.0,6,6,6.0,0.0,428571.4286,142857.1429,14.0,0.0,14,14,0,0.0,0.0,0,0,0,0.0,0.0,0,0,0,0,0,0,40,20,71428.57,71428.57,0,6,2.0,3.4641016,12.0,0,0,0,1,0,0,0,0,1,3.0,0.0,6.0,0,0,0,0,0,0,1,0,1,6,29200,0,0,40,0.0,0.0,0,0,0.0,0.0,0,0
6,4249,4,2,0,20,0,0,0.0,0.0,20,0,10.0,14.142136,4706.98988,1412.096964,849.8,983.80316,2574,98,4249,1416.3334,1489.8998,3129,419,3177,3177.0,0.0,3177,3177,0,0,0,0,136,72,941.39795,470.69897,0,20,2.857143,7.5592895,57.142857,0,0,0,1,0,0,0,0,0,3.3333333,0.0,10.0,0,0,0,0,0,0,4,0,2,20,29200,227,0,32,0.0,0.0,0,0,0.0,0.0,0,0
6,843,3,1,0,0,0,0,0.0,0.0,0,0,0.0,0.0,0.0,4744.958482,281.0,379.54184,719,49,843,421.5,526.79456,794,49,0,0.0,0.0,0,0,0,0,0,0,104,40,3558.7188,1186.2396,0,0,0.0,0.0,0.0,0,0,0,1,0,0,0,0,0,0.0,0.0,0.0,0,0,0,0,0,0,3,0,1,0,29200,28960,0,32,0.0,0.0,0,0,0.0,0.0,0,0
6,546,2,1,8,2,6,2,4.0,2.828427,2,2,2.0,0.0,18315.01832,5494.505495,273.0,272.9432,466,80,546,546.0,0.0,546,546,0,0.0,0.0,0,0,0,0,0,0,44,24,3663.0037,1831.5018,2,6,3.0,2.0,4.0,0,0,0,1,0,0,0,0,0,4.0,4.0,2.0,0,0,0,0,0,0,2,8,1,2,1024,29200,1,20,0.0,0.0,0,0,0.0,0.0,0,0
6,108,1,1,0,6,0,0,0.0,0.0,6,6,6.0,0.0,55555.55556,18518.51852,108.0,0.0,108,108,0,0.0,0.0,0,0,0,0.0,0.0,0,0,0,0,0,0,40,20,9259.259,9259.259,0,6,2.0,3.4641016,12.0,0,0,0,1,0,0,0,0,1,3.0,0.0,6.0,0,0,0,0,0,0,1,0,1,6,29200,0,0,40,0.0,0.0,0,0,0.0,0.0,0,0
6,661,2,1,8,2,6,2,4.0,2.828427,2,2,2.0,0.0,15128.59304,4538.577912,330.5,337.28995,569,92,661,661.0,0.0,661,661,0,0.0,0.0,0,0,0,0,0,0,44,24,3025.7185,1512.8593,2,6,3.0,2.0,4.0,0,0,0,1,0,0,0,0,0,4.0,4.0,2.0,0,0,0,0,0,0,2,8,1,2,1024,29200,1,20,0.0,0.0,0,0,0.0,0.0,0,0
6,117,1,1,0,6,0,0,0.0,0.0,6,6,6.0,0.0,51282.05128,17094.01709,117.0,0.0,117,117,0,0.0,0.0,0,0,0,0.0,0.0,0,0,0,0,0,0,40,20,8547.009,8547.009,0,6,2.0,3.4641016,12.0,0,0,0,1,0,0,0,0,1,3.0,0.0,6.0,0,0,0,0,0,0,1,0,1,6,29200,0,0,40,0.0,0.0,0,0,0.0,0.0,0,0
6,207096,3,6,18,11595,18,0,6.0,10.392304,4344,0,1932.5,1754.8314,56075.44327,43.45810639,25887.0,72626.19,205627,16,206331,103165.5,144902.44,205627,704,206997,41399.4,92221.48,206370,16,0,0,0,0,104,200,14.486035,28.97207,0,4344,1161.3,1643.7982,2702072.5,0,0,0,1,0,0,0,0,2,1290.3334,6.0,1932.5,0,0,0,0,0,0,3,18,6,11595,29200,227,1,32,0.0,0.0,0,0,0.0,0.0,0,0
6,51,1,1,0,6,0,0,0.0,0.0,6,6,6.0,0.0,117647.0588,39215.68627,51.0,0.0,51,51,0,0.0,0.0,0,0,0,0.0,0.0,0,0,0,0,0,0,40,20,19607.844,19607.844,0,6,2.0,3.4641016,12.0,0,0,0,1,0,0,0,0,1,3.0,0.0,6.0,0,0,0,0,0,0,1,0,1,6,29200,0,0,40,0.0,0.0,0,0,0.0,0.0,0,0
6,918,3,1,0,0,0,0,0.0,0.0,0,0,0.0,0.0,0.0,4357.298475,306.0,264.36337,562,34,918,459.0,193.74725,596,322,0,0.0,0.0,0,0,0,0,0,0,104,40,3267.9739,1089.3246,0,0,0.0,0.0,0.0,0,0,0,1,0,0,0,0,0,0.0,0.0,0.0,0,0,0,0,0,0,3,0,1,0,29200,28960,0,32,0.0,0.0,0,0,0.0,0.0,0,0
6,571,2,1,8,2,6,2,4.0,2.828427,2,2,2.0,0.0,17513.13485,5253.940455,285.5,290.62088,491,80,571,571.0,0.0,571,571,0,0.0,0.0,0,0,0,0,0,0,44,24,3502.627,1751.3135,2,6,3.0,2.0,4.0,0,0,0,1,0,0,0,0,0,4.0,4.0,2.0,0,0,0,0,0,0,2,8,1,2,1024,29200,1,20,0.0,0.0,0,0,0.0,0.0,0,0
6,55195499,2,2,0,12,0,0,0.0,0.0,6,6,6.0,0.0,0.217409032,0.072469677,18400000.0,31900000.0,55200000,39,55200000,55200000.0,0.0,55200000,55200000,55200000,55200000.0,0.0,55200000,55200000,0,0,0,0,80,40,0.03623484,0.03623484,0,6,2.4,3.2863352,10.8,0,0,0,1,0,0,0,0,1,3.0,0.0,6.0,0,0,0,0,0,0,2,0,2,12,29200,0,0,40,41.0,0.0,41,41,55200000.0,0.0,55200000,55200000
6,220,1,1,0,6,0,0,0.0,0.0,6,6,6.0,0.0,27272.72727,9090.909091,220.0,0.0,220,220,0,0.0,0.0,0,0,0,0.0,0.0,0,0,0,0,0,0,40,20,4545.4546,4545.4546,0,6,2.0,3.4641016,12.0,0,0,0,1,0,0,0,0,1,3.0,0.0,6.0,0,0,0,0,0,0,1,0,1,6,29200,0,0,40,0.0,0.0,0,0,0.0,0.0,0,0
6,91,1,1,0,6,0,0,0.0,0.0,6,6,6.0,0.0,65934.06593,21978.02198,91.0,0.0,91,91,0,0.0,0.0,0,0,0,0.0,0.0,0,0,0,0,0,0,40,20,10989.011,10989.011,0,6,2.0,3.4641016,12.0,0,0,0,1,0,0,0,0,1,3.0,0.0,6.0,0,0,0,0,0,0,1,0,1,6,29200,0,0,40,0.0,0.0,0,0,0.0,0.0,0,0
6,390,1,1,0,6,0,0,0.0,0.0,6,6,6.0,0.0,15384.61538,5128.205128,390.0,0.0,390,390,0,0.0,0.0,0,0,0,0.0,0.0,0,0,0,0,0,0,40,20,2564.1025,2564.1025,0,6,2.0,3.4641016,12.0,0,0,0,1,0,0,0,0,1,3.0,0.0,6.0,0,0,0,0,0,0,1,0,1,6,29200,0,0,40,0.0,0.0,0,0,0.0,0.0,0,0
6,567,1,1,0,6,0,0,0.0,0.0,6,6,6.0,0.0,10582.01058,3527.336861,567.0,0.0,567,567,0,0.0,0.0,0,0,0,0.0,0.0,0,0,0,0,0,0,40,20,1763.6685,1763.6685,0,6,2.0,3.4641016,12.0,0,0,0,1,0,0,0,0,1,3.0,0.0,6.0,0,0,0,0,0,0,1,0,1,6,29200,0,0,40,0.0,0.0,0,0,0.0,0.0,0,0
6,674,1,1,0,6,0,0,0.0,0.0,6,6,6.0,0.0,8902.077151,2967.35905,674.0,0.0,674,674,0,0.0,0.0,0,0,0,0.0,0.0,0,0,0,0,0,0,40,20,1483.6796,1483.6796,0,6,2.0,3.4641016,12.0,0,0,0,1,0,0,0,0,1,3.0,0.0,6.0,0,0,0,0,0,0,1,0,1,6,29200,0,0,40,0.0,0.0,0,0,0.0,0.0,0,0
6,951,3,1,0,0,0,0,0.0,0.0,0,0,0.0,0.0,0.0,4206.098843,317.0,462.45865,851,49,951,475.5,600.3337,900,51,0,0.0,0.0,0,0,0,0,0,0,104,40,3154.5742,1051.5247,0,0,0.0,0.0,0.0,0,0,0,1,0,0,0,0,0,0.0,0.0,0.0,0,0,0,0,0,0,3,0,1,0,29200,28960,0,32,0.0,0.0,0,0,0.0,0.0,0,0
6,6311,5,3,168,127,168,0,33.6,75.13188,127,0,42.333332,73.32349,46743.7807,1267.627951,901.5714,1637.4408,4562,3,6311,1577.75,2441.5798,5199,3,5438,2719.0,2606.3955,4562,876,0,0,0,0,168,104,792.26746,475.36047,0,168,32.77778,65.84409,4335.4443,0,0,0,1,0,0,0,0,0,36.875,33.6,42.333332,0,0,0,0,0,0,5,168,3,127,29200,235,1,32,0.0,0.0,0,0,0.0,0.0,0,0
6,684,3,1,0,0,0,0,0.0,0.0,0,0,0.0,0.0,0.0,5847.953216,228.0,281.10675,552,49,684,342.0,414.36456,635,49,0,0.0,0.0,0,0,0,0,0,0,104,40,4385.965,1461.9883,0,0,0.0,0.0,0.0,0,0,0,1,0,0,0,0,0,0.0,0.0,0.0,0,0,0,0,0,0,3,0,1,0,29200,28960,0,32,0.0,0.0,0,0,0.0,0.0,0,0
6,501,3,1,0,0,0,0,0.0,0.0,0,0,0.0,0.0,0.0,7984.031936,167.0,205.24863,404,48,501,250.5,286.37823,453,48,0,0.0,0.0,0,0,0,0,0,0,104,40,5988.024,1996.0079,0,0,0.0,0.0,0.0,0,0,0,1,0,0,0,0,0,0.0,0.0,0.0,0,0,0,0,0,0,3,0,1,0,29200,28960,0,32,0.0,0.0,0,0,0.0,0.0,0,0
6,18356088,2,2,0,12,0,0,0.0,0.0,6,6,6.0,0.0,0.653734064,0.217911355,6118696.0,10600000.0,18400000,42,18400000,18400000.0,0.0,18400000,18400000,18400000,18400000.0,0.0,18400000,18400000,0,0,0,0,80,40,0.108955674,0.108955674,0,6,2.4,3.2863352,10.8,0,0,0,1,0,0,0,0,1,3.0,0.0,6.0,0,0,0,0,0,0,2,0,2,12,29200,0,0,40,42.0,0.0,42,42,18400000.0,0.0,18400000,18400000
6,43,1,1,0,6,0,0,0.0,0.0,6,6,6.0,0.0,139534.8837,46511.62791,43.0,0.0,43,43,0,0.0,0.0,0,0,0,0.0,0.0,0,0,0,0,0,0,40,20,23255.814,23255.814,0,6,2.0,3.4641016,12.0,0,0,0,1,0,0,0,0,1,3.0,0.0,6.0,0,0,0,0,0,0,1,0,1,6,64240,0,0,40,0.0,0.0,0,0,0.0,0.0,0,0
6,151,1,1,2,6,2,2,2.0,0.0,6,6,6.0,0.0,52980.13245,13245.03311,151.0,0.0,151,151,0,0.0,0.0,0,0,0,0.0,0.0,0,0,0,0,0,0,24,20,6622.5166,6622.5166,2,6,3.3333333,2.309401,5.3333335,0,0,0,1,0,0,0,0,1,5.0,2.0,6.0,0,0,0,0,0,0,1,2,1,6,1024,0,0,24,0.0,0.0,0,0,0.0,0.0,0,0
6,418,2,1,8,2,6,2,4.0,2.828427,2,2,2.0,0.0,23923.44498,7177.033493,209.0,190.91884,344,74,418,418.0,0.0,418,418,0,0.0,0.0,0,0,0,0,0,0,44,24,4784.689,2392.3445,2,6,3.0,2.0,4.0,0,0,0,1,0,0,0,0,0,4.0,4.0,2.0,0,0,0,0,0,0,2,8,1,2,1024,29200,1,20,0.0,0.0,0,0,0.0,0.0,0,0
6,2123,6,5,62,11576,62,0,10.333333,25.311394,5784,0,2315.2,2627.7815,5481865.285,5181.34715,212.3,291.04602,863,3,2123,424.6,465.75668,945,3,1194,298.5,427.0031,934,48,0,0,0,0,200,168,2826.1895,2355.1577,0,5784,969.8333,1980.3264,3921692.8,0,0,0,1,0,0,0,0,0,1058.0,10.333333,2315.2,0,0,0,0,0,0,6,62,5,11576,29200,227,1,32,0.0,0.0,0,0,0.0,0.0,0,0
6,657,2,1,8,2,6,2,4.0,2.828427,2,2,2.0,0.0,15220.70015,4566.210046,328.5,361.33157,584,73,657,657.0,0.0,657,657,0,0.0,0.0,0,0,0,0,0,0,44,24,3044.1401,1522.0701,2,6,3.0,2.0,4.0,0,0,0,1,0,0,0,0,0,4.0,4.0,2.0,0,0,0,0,0,0,2,8,1,2,1024,29200,1,20,0.0,0.0,0,0,0.0,0.0,0,0
6,1304,3,1,0,0,0,0,0.0,0.0,0,0,0.0,0.0,0.0,3067.484663,434.66666,668.8605,1207,48,1304,652.0,854.185,1256,48,0,0.0,0.0,0,0,0,0,0,0,104,40,2300.6135,766.87115,0,0,0.0,0.0,0.0,0,0,0,1,0,0,0,0,0,0.0,0.0,0.0,0,0,0,0,0,0,3,0,1,0,29200,28960,0,32,0.0,0.0,0,0,0.0,0.0,0,0
6,162,1,1,2,6,2,2,2.0,0.0,6,6,6.0,0.0,49382.71605,12345.67901,162.0,0.0,162,162,0,0.0,0.0,0,0,0,0.0,0.0,0,0,0,0,0,0,24,20,6172.8394,6172.8394,2,6,3.3333333,2.309401,5.3333335,0,0,0,1,0,0,0,0,1,5.0,2.0,6.0,0,0,0,0,0,0,1,2,1,6,1024,0,0,24,0.0,0.0,0,0,0.0,0.0,0,0
6,750,2,1,8,2,6,2,4.0,2.828427,2,2,2.0,0.0,13333.33333,4000.0,375.0,469.5189,707,43,750,750.0,0.0,750,750,0,0.0,0.0,0,0,0,0,0,0,44,24,2666.6667,1333.3334,2,6,3.0,2.0,4.0,0,0,0,1,0,0,0,0,0,4.0,4.0,2.0,0,0,0,0,0,0,2,8,1,2,1024,29200,1,20,0.0,0.0,0,0,0.0,0.0,0,0
6,717,3,1,0,0,0,0,0.0,0.0,0,0,0.0,0.0,0.0,5578.800558,239.0,301.01993,586,48,717,358.5,439.1133,669,48,0,0.0,0.0,0,0,0,0,0,0,104,40,4184.1006,1394.7002,0,0,0.0,0.0,0.0,0,0,0,1,0,0,0,0,0,0.0,0.0,0.0,0,0,0,0,0,0,3,0,1,0,29200,28960,0,32,0.0,0.0,0,0,0.0,0.0,0,0
6,443,2,1,8,2,6,2,4.0,2.828427,2,2,2.0,0.0,22573.36343,6772.009029,221.5,243.95184,394,49,443,443.0,0.0,443,443,0,0.0,0.0,0,0,0,0,0,0,44,24,4514.673,2257.3364,2,6,3.0,2.0,4.0,0,0,0,1,0,0,0,0,0,4.0,4.0,2.0,0,0,0,0,0,0,2,8,1,2,1024,29200,1,20,0.0,0.0,0,0,0.0,0.0,0,0
6,4196,4,2,0,20,0,0,0.0,0.0,20,0,10.0,14.142136,4766.444233,1429.93327,839.2,939.42065,2465,131,4196,1398.6666,1585.891,3216,295,3019,3019.0,0.0,3019,3019,0,0,0,0,136,72,953.2888,476.6444,0,20,2.857143,7.5592895,57.142857,0,0,0,1,0,0,0,0,0,3.3333333,0.0,10.0,0,0,0,0,0,0,4,0,2,20,29200,227,0,32,0.0,0.0,0,0,0.0,0.0,0,0
6,593,2,1,8,2,6,2,4.0,2.828427,2,2,2.0,0.0,16863.40641,5059.021922,296.5,320.31937,523,70,593,593.0,0.0,593,593,0,0.0,0.0,0,0,0,0,0,0,44,24,3372.6814,1686.3407,2,6,3.0,2.0,4.0,0,0,0,1,0,0,0,0,0,4.0,4.0,2.0,0,0,0,0,0,0,2,8,1,2,1024,29200,1,20,0.0,0.0,0,0,0.0,0.0,0,0
6,453,2,1,8,2,6,2,4.0,2.828427,2,2,2.0,0.0,22075.05519,6622.516556,226.5,183.14066,356,97,453,453.0,0.0,453,453,0,0.0,0.0,0,0,0,0,0,0,44,24,4415.011,2207.5056,2,6,3.0,2.0,4.0,0,0,0,1,0,0,0,0,0,4.0,4.0,2.0,0,0,0,0,0,0,2,8,1,2,1024,29200,1,20,0.0,0.0,0,0,0.0,0.0,0,0
6,38057058,2,2,0,12,0,0,0.0,0.0,6,6,6.0,0.0,0.315316018,0.105105339,12700000.0,22000000.0,38100000,40,38100000,38100000.0,0.0,38100000,38100000,38100000,38100000.0,0.0,38100000,38100000,0,0,0,0,80,40,0.05255267,0.05255267,0,6,2.4,3.2863352,10.8,0,0,0,1,0,0,0,0,1,3.0,0.0,6.0,0,0,0,0,0,0,2,0,2,12,29200,0,0,40,54.0,0.0,54,54,38100000.0,0.0,38100000,38100000
6,910,3,1,0,0,0,0,0.0,0.0,0,0,0.0,0.0,0.0,4395.604396,303.33334,441.38455,813,48,910,455.0,574.1707,861,49,0,0.0,0.0,0,0,0,0,0,0,104,40,3296.7034,1098.9011,0,0,0.0,0.0,0.0,0,0,0,1,0,0,0,0,0,0.0,0.0,0.0,0,0,0,0,0,0,3,0,1,0,29200,28960,0,32,0.0,0.0,0,0,0.0,0.0,0,0
6,597,2,1,8,2,6,2,4.0,2.828427,2,2,2.0,0.0,16750.41876,5025.125628,298.5,399.51532,581,16,597,597.0,0.0,597,597,0,0.0,0.0,0,0,0,0,0,0,44,24,3350.0837,1675.0419,2,6,3.0,2.0,4.0,0,0,0,1,0,0,0,0,0,4.0,4.0,2.0,0,0,0,0,0,0,2,8,1,2,1024,29200,1,20,0.0,0.0,0,0,0.0,0.0,0,0
6,11009233,4,2,18,0,18,0,4.5,9.0,0,0,0.0,0.0,1.634991284,0.544997095,2201846.5,3035409.5,6005229,107,11000000,3669744.2,3216836.0,6005229,569,6005856,6005856.0,0.0,6005856,6005856,0,0,0,0,136,72,0.3633314,0.1816657,0,18,2.5714285,6.8033605,46.285713,0,0,0,1,0,0,0,0,0,3.0,4.5,0.0,0,0,0,0,0,0,4,18,2,0,29200,227,1,32,569.0,0.0,569,569,6005229.0,0.0,6005229,6005229
6,73614623,2,2,0,12,0,0,0.0,0.0,6,6,6.0,0.0,0.163011091,0.05433703,24500000.0,42500000.0,73600000,4,73600000,73600000.0,0.0,73600000,73600000,73600000,73600000.0,0.0,73600000,73600000,0,0,0,0,80,40,0.027168514,0.027168514,0,6,2.4,3.2863352,10.8,0,0,0,1,0,0,0,0,1,3.0,0.0,6.0,0,0,0,0,0,0,2,0,2,12,29200,0,0,40,20.0,0.0,20,20,73600000.0,0.0,73600000,73600000
6,568,2,1,8,2,6,2,4.0,2.828427,2,2,2.0,0.0,17605.6338,5281.690141,284.0,329.51175,517,51,568,568.0,0.0,568,568,0,0.0,0.0,0,0,0,0,0,0,44,24,3521.1267,1760.5634,2,6,3.0,2.0,4.0,0,0,0,1,0,0,0,0,0,4.0,4.0,2.0,0,0,0,0,0,0,2,8,1,2,1024,29200,1,20,0.0,0.0,0,0,0.0,0.0,0,0
6,912,3,1,0,0,0,0,0.0,0.0,0,0,0.0,0.0,0.0,4385.964912,304.0,508.39847,891,4,912,456.0,639.22455,908,4,0,0.0,0.0,0,0,0,0,0,0,104,40,3289.4736,1096.4912,0,0,0.0,0.0,0.0,0,0,0,1,0,0,0,0,0,0.0,0.0,0.0,0,0,0,0,0,0,3,0,1,0,29200,28960,0,32,0.0,0.0,0,0,0.0,0.0,0,0
6,95,1,1,0,6,0,0,0.0,0.0,6,6,6.0,0.0,63157.89474,21052.63158,95.0,0.0,95,95,0,0.0,0.0,0,0,0,0.0,0.0,0,0,0,0,0,0,40,20,10526.315,10526.315,0,6,2.0,3.4641016,12.0,0,0,0,1,0,0,0,0,1,3.0,0.0,6.0,0,0,0,0,0,0,1,0,1,6,29200,0,0,40,0.0,0.0,0,0,0.0,0.0,0,0
6,103,1,1,0,6,0,0,0.0,0.0,6,6,6.0,0.0,58252.42718,19417.47573,103.0,0.0,103,103,0,0.0,0.0,0,0,0,0.0,0.0,0,0,0,0,0,0,40,20,9708.738,9708.738,0,6,2.0,3.4641016,12.0,0,0,0,1,0,0,0,0,1,3.0,0.0,6.0,0,0,0,0,0,0,1,0,1,6,29200,0,0,40,0.0,0.0,0,0,0.0,0.0,0,0
6,711,3,1,0,0,0,0,0.0,0.0,0,0,0.0,0.0,0.0,5625.879044,237.0,308.79767,587,3,711,355.5,498.51028,708,3,0,0.0,0.0,0,0,0,0,0,0,104,40,4219.409,1406.4697,0,0,0.0,0.0,0.0,0,0,0,1,0,0,0,0,0,0.0,0.0,0.0,0,0,0,0,0,0,3,0,1,0,29200,28960,0,32,0.0,0.0,0,0,0.0,0.0,0,0
6,179,1,1,0,6,0,0,0.0,0.0,6,6,6.0,0.0,33519.55307,11173.18436,179.0,0.0,179,179,0,0.0,0.0,0,0,0,0.0,0.0,0,0,0,0,0,0,40,20,5586.5923,5586.5923,0,6,2.0,3.4641016,12.0,0,0,0,1,0,0,0,0,1,3.0,0.0,6.0,0,0,0,0,0,0,1,0,1,6,29200,0,0,40,0.0,0.0,0,0,0.0,0.0,0,0
6,1145,3,1,0,0,0,0,0.0,0.0,0,0,0.0,0.0,0.0,3493.449782,381.66666,521.1615,981,35,1145,572.5,760.1398,1110,35,0,0.0,0.0,0,0,0,0,0,0,104,40,2620.0874,873.3624,0,0,0.0,0.0,0.0,0,0,0,1,0,0,0,0,0,0.0,0.0,0.0,0,0,0,0,0,0,3,0,1,0,29200,28960,0,32,0.0,0.0,0,0,0.0,0.0,0,0
6,905,2,1,8,2,6,2,4.0,2.828427,2,2,2.0,0.0,11049.72376,3314.917127,452.5,415.0717,746,159,905,905.0,0.0,905,905,0,0.0,0.0,0,0,0,0,0,0,44,24,2209.9448,1104.9724,2,6,3.0,2.0,4.0,0,0,0,1,0,0,0,0,0,4.0,4.0,2.0,0,0,0,0,0,0,2,8,1,2,1024,29200,1,20,0.0,0.0,0,0,0.0,0.0,0,0
6,353122,3,6,18,11595,18,0,6.0,10.392304,5792,0,1932.5,2181.0083,32886.65107,25.48694219,44140.25,124080.484,351223,10,352035,176017.5,247778.0,351223,812,353053,70610.6,157379.94,352140,10,0,0,0,0,104,200,8.495647,16.991295,0,5792,1161.3,1906.2898,3633941.0,0,0,0,1,0,0,0,0,2,1290.3334,6.0,1932.5,0,0,0,0,0,0,3,18,6,11595,29200,227,1,32,0.0,0.0,0,0,0.0,0.0,0,0
6,27,1,1,0,6,0,0,0.0,0.0,6,6,6.0,0.0,222222.2222,74074.07407,27.0,0.0,27,27,0,0.0,0.0,0,0,0,0.0,0.0,0,0,0,0,0,0,40,20,37037.035,37037.035,0,6,2.0,3.4641016,12.0,0,0,0,1,0,0,0,0,1,3.0,0.0,6.0,0,0,0,0,0,0,1,0,1,6,29200,0,0,40,0.0,0.0,0,0,0.0,0.0,0,0
6,622,3,1,0,0,0,0,0.0,0.0,0,0,0.0,0.0,0.0,6430.868167,207.33333,300.30872,552,2,622,311.0,436.992,620,2,0,0.0,0.0,0,0,0,0,0,0,104,40,4823.1514,1607.717,0,0,0.0,0.0,0.0,0,0,0,1,0,0,0,0,0,0.0,0.0,0.0,0,0,0,0,0,0,3,0,1,0,29200,28960,0,32,0.0,0.0,0,0,0.0,0.0,0,0
6,490,2,1,8,2,6,2,4.0,2.828427,2,2,2.0,0.0,20408.16327,6122.44898,245.0,328.09753,477,13,490,490.0,0.0,490,490,0,0.0,0.0,0,0,0,0,0,0,44,24,4081.6326,2040.8163,2,6,3.0,2.0,4.0,0,0,0,1,0,0,0,0,0,4.0,4.0,2.0,0,0,0,0,0,0,2,8,1,2,1024,29200,1,20,0.0,0.0,0,0,0.0,0.0,0,0
6,90,1,1,2,6,2,2,2.0,0.0,6,6,6.0,0.0,88888.88889,22222.22222,90.0,0.0,90,90,0,0.0,0.0,0,0,0,0.0,0.0,0,0,0,0,0,0,24,20,11111.111,11111.111,2,6,3.3333333,2.309401,5.3333335,0,0,0,1,0,0,0,0,1,5.0,2.0,6.0,0,0,0,0,0,0,1,2,1,6,1024,0,0,24,0.0,0.0,0,0,0.0,0.0,0,0
6,994,3,1,0,0,0,0,0.0,0.0,0,0,0.0,0.0,0.0,4024.144869,331.33334,502.0362,911,36,994,497.0,636.3961,947,47,0,0.0,0.0,0,0,0,0,0,0,104,40,3018.1086,1006.0362,0,0,0.0,0.0,0.0,0,0,0,1,0,0,0,0,0,0.0,0.0,0.0,0,0,0,0,0,0,3,0,1,0,29200,28960,0,32,0.0,0.0,0,0,0.0,0.0,0,0
6,10632,4,2,0,41,0,0,0.0,0.0,41,0,20.5,28.991379,3856.282919,564.3340858,2126.4,3390.4536,8142,112,10632,3544.0,4487.2466,8710,615,8645,8645.0,0.0,8645,8645,0,0,0,0,136,72,376.22272,188.11136,0,41,5.857143,15.496543,240.14285,0,0,0,1,0,0,0,0,0,6.8333335,0.0,20.5,0,0,0,0,0,0,4,0,2,41,29200,227,0,32,0.0,0.0,0,0,0.0,0.0,0,0
6,477,3,1,0,0,0,0,0.0,0.0,0,0,0.0,0.0,0.0,8385.744235,159.0,263.3021,463,3,477,238.5,333.0473,474,3,0,0.0,0.0,0,0,0,0,0,0,104,40,6289.308,2096.436,0,0,0.0,0.0,0.0,0,0,0,1,0,0,0,0,0,0.0,0.0,0.0,0,0,0,0,0,0,3,0,1,0,29200,28960,0,32,0.0,0.0,0,0,0.0,0.0,0,0
6,607,2,1,8,2,6,2,4.0,2.828427,2,2,2.0,0.0,16474.46458,4942.339374,303.5,306.17725,520,87,607,607.0,0.0,607,607,0,0.0,0.0,0,0,0,0,0,0,44,24,3294.8928,1647.4464,2,6,3.0,2.0,4.0,0,0,0,1,0,0,0,0,0,4.0,4.0,2.0,0,0,0,0,0,0,2,8,1,2,1024,29200,1,20,0.0,0.0,0,0,0.0,0.0,0,0
6,523,2,1,8,2,6,2,4.0,2.828427,2,2,2.0,0.0,19120.45889,5736.137667,261.5,300.5204,474,49,523,523.0,0.0,523,523,0,0.0,0.0,0,0,0,0,0,0,44,24,3824.0918,1912.0459,2,6,3.0,2.0,4.0,0,0,0,1,0,0,0,0,0,4.0,4.0,2.0,0,0,0,0,0,0,2,8,1,2,1024,29200,1,20,0.0,0.0,0,0,0.0,0.0,0,0
6,575,2,1,8,2,6,2,4.0,2.828427,2,2,2.0,0.0,17391.30435,5217.391304,287.5,297.69196,498,77,575,575.0,0.0,575,575,0,0.0,0.0,0,0,0,0,0,0,44,24,3478.261,1739.1305,2,6,3.0,2.0,4.0,0,0,0,1,0,0,0,0,0,4.0,4.0,2.0,0,0,0,0,0,0,2,8,1,2,1024,29200,1,20,0.0,0.0,0,0,0.0,0.0,0,0
6,18443801,2,2,0,12,0,0,0.0,0.0,6,6,6.0,0.0,0.650625107,0.216875036,6147933.5,10600000.0,18400000,28,18400000,18400000.0,0.0,18400000,18400000,18400000,18400000.0,0.0,18400000,18400000,0,0,0,0,80,40,0.108437516,0.108437516,0,6,2.4,3.2863352,10.8,0,0,0,1,0,0,0,0,1,3.0,0.0,6.0,0,0,0,0,0,0,2,0,2,12,29200,0,0,40,28.0,0.0,28,28,18400000.0,0.0,18400000,18400000
6,654,1,1,0,6,0,0,0.0,0.0,6,6,6.0,0.0,9174.311927,3058.103976,654.0,0.0,654,654,0,0.0,0.0,0,0,0,0.0,0.0,0,0,0,0,0,0,40,20,1529.052,1529.052,0,6,2.0,3.4641016,12.0,0,0,0,1,0,0,0,0,1,3.0,0.0,6.0,0,0,0,0,0,0,1,0,1,6,29200,0,0,40,0.0,0.0,0,0,0.0,0.0,0,0
6,568,2,1,8,2,6,2,4.0,2.828427,2,2,2.0,0.0,17605.6338,5281.690141,284.0,333.7544,520,48,568,568.0,0.0,568,568,0,0.0,0.0,0,0,0,0,0,0,44,24,3521.1267,1760.5634,2,6,3.0,2.0,4.0,0,0,0,1,0,0,0,0,0,4.0,4.0,2.0,0,0,0,0,0,0,2,8,1,2,1024,29200,1,20,0.0,0.0,0,0,0.0,0.0,0,0
6,674,2,1,8,2,6,2,4.0,2.828427,2,2,2.0,0.0,14836.79525,4451.038576,337.0,333.7544,573,101,674,674.0,0.0,674,674,0,0.0,0.0,0,0,0,0,0,0,44,24,2967.3591,1483.6796,2,6,3.0,2.0,4.0,0,0,0,1,0,0,0,0,0,4.0,4.0,2.0,0,0,0,0,0,0,2,8,1,2,1024,29200,1,20,0.0,0.0,0,0,0.0,0.0,0,0
6,42,1,1,0,6,0,0,0.0,0.0,6,6,6.0,0.0,142857.1429,47619.04762,42.0,0.0,42,42,0,0.0,0.0,0,0,0,0.0,0.0,0,0,0,0,0,0,40,20,23809.523,23809.523,0,6,2.0,3.4641016,12.0,0,0,0,1,0,0,0,0,1,3.0,0.0,6.0,0,0,0,0,0,0,1,0,1,6,29200,0,0,40,0.0,0.0,0,0,0.0,0.0,0,0
6,799,2,1,8,2,6,2,4.0,2.828427,2,2,2.0,0.0,12515.64456,3754.693367,399.5,351.43207,648,151,799,799.0,0.0,799,799,0,0.0,0.0,0,0,0,0,0,0,44,24,2503.129,1251.5645,2,6,3.0,2.0,4.0,0,0,0,1,0,0,0,0,0,4.0,4.0,2.0,0,0,0,0,0,0,2,8,1,2,1024,29200,1,20,0.0,0.0,0,0,0.0,0.0,0,0
6,105,1,1,0,6,0,0,0.0,0.0,6,6,6.0,0.0,57142.85714,19047.61905,105.0,0.0,105,105,0,0.0,0.0,0,0,0,0.0,0.0,0,0,0,0,0,0,40,20,9523.81,9523.81,0,6,2.0,3.4641016,12.0,0,0,0,1,0,0,0,0,1,3.0,0.0,6.0,0,0,0,0,0,0,1,0,1,6,29200,0,0,40,0.0,0.0,0,0,0.0,0.0,0,0
6,34,1,1,0,6,0,0,0.0,0.0,6,6,6.0,0.0,176470.5882,58823.52941,34.0,0.0,34,34,0,0.0,0.0,0,0,0,0.0,0.0,0,0,0,0,0,0,40,20,29411.766,29411.766,0,6,2.0,3.4641016,12.0,0,0,0,1,0,0,0,0,1,3.0,0.0,6.0,0,0,0,0,0,0,1,0,1,6,29200,0,0,40,0.0,0.0,0,0,0.0,0.0,0,0
6,75,1,1,0,6,0,0,0.0,0.0,6,6,6.0,0.0,80000.0,26666.66667,75.0,0.0,75,75,0,0.0,0.0,0,0,0,0.0,0.0,0,0,0,0,0,0,40,20,13333.333,13333.333,0,6,2.0,3.4641016,12.0,0,0,0,1,0,0,0,0,1,3.0,0.0,6.0,0,0,0,0,0,0,1,0,1,6,29200,0,0,40,0.0,0.0,0,0,0.0,0.0,0,0
6,546,3,1,0,0,0,0,0.0,0.0,0,0,0.0,0.0,0.0,7326.007326,182.0,249.35718,467,4,546,273.0,380.42346,542,4,0,0.0,0.0,0,0,0,0,0,0,104,40,5494.5054,1831.5018,0,0,0.0,0.0,0.0,0,0,0,1,0,0,0,0,0,0.0,0.0,0.0,0,0,0,0,0,0,3,0,1,0,29200,28960,0,32,0.0,0.0,0,0,0.0,0.0,0,0
6,11007386,4,2,18,0,18,0,4.5,9.0,0,0,0.0,0.0,1.63526563,0.545088543,2201477.2,3034777.2,6002790,85,11000000,3669128.8,3216075.2,6002790,567,6003451,6003451.0,0.0,6003451,6003451,0,0,0,0,136,72,0.36339235,0.18169618,0,18,2.5714285,6.8033605,46.285713,0,0,0,1,0,0,0,0,0,3.0,4.5,0.0,0,0,0,0,0,0,4,18,2,0,29200,227,1,32,567.0,0.0,567,567,6002790.0,0.0,6002790,6002790
6,575,2,1,8,2,6,2,4.0,2.828427,2,2,2.0,0.0,17391.30435,5217.391304,287.5,273.65033,481,94,575,575.0,0.0,575,575,0,0.0,0.0,0,0,0,0,0,0,44,24,3478.261,1739.1305,2,6,3.0,2.0,4.0,0,0,0,1,0,0,0,0,0,4.0,4.0,2.0,0,0,0,0,0,0,2,8,1,2,1024,29200,1,20,0.0,0.0,0,0,0.0,0.0,0,0
6,406,1,1,0,6,0,0,0.0,0.0,6,6,6.0,0.0,14778.32512,4926.108374,406.0,0.0,406,406,0,0.0,0.0,0,0,0,0.0,0.0,0,0,0,0,0,0,40,20,2463.0542,2463.0542,0,6,2.0,3.4641016,12.0,0,0,0,1,0,0,0,0,1,3.0,0.0,6.0,0,0,0,0,0,0,1,0,1,6,29200,0,0,40,0.0,0.0,0,0,0.0,0.0,0,0
6,627,2,1,8,2,6,2,4.0,2.828427,2,2,2.0,0.0,15948.96332,4784.688995,313.5,399.51532,596,31,627,627.0,0.0,627,627,0,0.0,0.0,0,0,0,0,0,0,44,24,3189.7927,1594.8964,2,6,3.0,2.0,4.0,0,0,0,1,0,0,0,0,0,4.0,4.0,2.0,0,0,0,0,0,0,2,8,1,2,1024,29200,1,20,0.0,0.0,0,0,0.0,0.0,0,0
6,55173651,2,2,0,12,0,0,0.0,0.0,6,6,6.0,0.0,0.217495123,0.072498374,18400000.0,31900000.0,55200000,47,55200000,55200000.0,0.0,55200000,55200000,55200000,55200000.0,0.0,55200000,55200000,0,0,0,0,80,40,0.036249187,0.036249187,0,6,2.4,3.2863352,10.8,0,0,0,1,0,0,0,0,1,3.0,0.0,6.0,0,0,0,0,0,0,2,0,2,12,29200,0,0,40,47.0,0.0,47,47,55200000.0,0.0,55200000,55200000
6,5018079,6,5,703,1413,356,0,117.166664,181.53613,1049,0,282.6,456.50388,421.6753064,2.192073899,501807.9,1566571.8,4960208,20,57871,11574.2,18030.543,42532,20,5017957,1254489.2,2497206.0,5000284,960,0,0,0,0,200,168,1.1956767,0.9963972,0,1049,176.33333,317.22098,100629.15,0,0,0,1,0,0,0,0,0,192.36363,117.166664,282.6,0,0,0,0,0,0,6,703,5,1413,29200,243,2,32,0.0,0.0,0,0,0.0,0.0,0,0
6,156,1,1,0,6,0,0,0.0,0.0,6,6,6.0,0.0,38461.53846,12820.51282,156.0,0.0,156,156,0,0.0,0.0,0,0,0,0.0,0.0,0,0,0,0,0,0,40,20,6410.2563,6410.2563,0,6,2.0,3.4641016,12.0,0,0,0,1,0,0,0,0,1,3.0,0.0,6.0,0,0,0,0,0,0,1,0,1,6,64240,0,0,40,0.0,0.0,0,0,0.0,0.0,0,0
6,9813,4,2,0,41,0,0,0.0,0.0,41,0,20.5,28.991379,4178.131051,611.4338123,1962.6,3264.4573,7782,76,9813,3271.0,4370.625,8317,672,8378,8378.0,0.0,8378,8378,0,0,0,0,136,72,407.62253,203.81126,0,41,5.857143,15.496543,240.14285,0,0,0,1,0,0,0,0,0,6.8333335,0.0,20.5,0,0,0,0,0,0,4,0,2,41,29200,227,0,32,0.0,0.0,0,0,0.0,0.0,0,0
6,148,1,1,0,6,0,0,0.0,0.0,6,6,6.0,0.0,40540.54054,13513.51351,148.0,0.0,148,148,0,0.0,0.0,0,0,0,0.0,0.0,0,0,0,0,0,0,40,20,6756.757,6756.757,0,6,2.0,3.4641016,12.0,0,0,0,1,0,0,0,0,1,3.0,0.0,6.0,0,0,0,0,0,0,1,0,1,6,29200,0,0,40,0.0,0.0,0,0,0.0,0.0,0,0
6,66,1,1,0,6,0,0,0.0,0.0,6,6,6.0,0.0,90909.09091,30303.0303,66.0,0.0,66,66,0,0.0,0.0,0,0,0,0.0,0.0,0,0,0,0,0,0,40,20,15151.516,15151.516,0,6,2.0,3.4641016,12.0,0,0,0,1,0,0,0,0,1,3.0,0.0,6.0,0,0,0,0,0,0,1,0,1,6,29200,0,0,40,0.0,0.0,0,0,0.0,0.0,0,0
6,127,1,1,0,6,0,0,0.0,0.0,6,6,6.0,0.0,47244.09449,15748.0315,127.0,0.0,127,127,0,0.0,0.0,0,0,0,0.0,0.0,0,0,0,0,0,0,40,20,7874.0156,7874.0156,0,6,2.0,3.4641016,12.0,0,0,0,1,0,0,0,0,1,3.0,0.0,6.0,0,0,0,0,0,0,1,0,1,6,29200,0,0,40,0.0,0.0,0,0,0.0,0.0,0,0
6,76,1,1,0,6,0,0,0.0,0.0,6,6,6.0,0.0,78947.36842,26315.78947,76.0,0.0,76,76,0,0.0,0.0,0,0,0,0.0,0.0,0,0,0,0,0,0,40,20,13157.895,13157.895,0,6,2.0,3.4641016,12.0,0,0,0,1,0,0,0,0,1,3.0,0.0,6.0,0,0,0,0,0,0,1,0,1,6,29200,0,0,40,0.0,0.0,0,0,0.0,0.0,0,0
6,57,1,1,0,6,0,0,0.0,0.0,6,6,6.0,0.0,105263.1579,35087.7193,57.0,0.0,57,57,0,0.0,0.0,0,0,0,0.0,0.0,0,0,0,0,0,0,40,20,17543.86,17543.86,0,6,2.0,3.4641016,12.0,0,0,0,1,0,0,0,0,1,3.0,0.0,6.0,0,0,0,0,0,0,1,0,1,6,64240,0,0,40,0.0,0.0,0,0,0.0,0.0,0,0
6,550,2,1,8,2,6,2,4.0,2.828427,2,2,2.0,0.0,18181.81818,5454.545455,275.0,335.1686,512,38,550,550.0,0.0,550,550,0,0.0,0.0,0,0,0,0,0,0,44,24,3636.3635,1818.1818,2,6,3.0,2.0,4.0,0,0,0,1,0,0,0,0,0,4.0,4.0,2.0,0,0,0,0,0,0,2,8,1,2,1024,29200,1,20,0.0,0.0,0,0,0.0,0.0,0,0
6,10111,4,2,0,41,0,0,0.0,0.0,41,0,20.5,28.991379,4054.989615,593.4131144,2022.2,3380.7239,8047,54,10111,3370.3333,4511.902,8579,668,8661,8661.0,0.0,8661,8661,0,0,0,0,136,72,395.60873,197.80437,0,41,5.857143,15.496543,240.14285,0,0,0,1,0,0,0,0,0,6.8333335,0.0,20.5,0,0,0,0,0,0,4,0,2,41,29200,227,0,32,0.0,0.0,0,0,0.0,0.0,0,0
6,3569598,3,1,0,0,0,0,0.0,0.0,0,0,0.0,0.0,0.0,1.120574362,1189866.0,2060421.6,3569036,74,3569598,1784799.0,2523292.2,3569036,562,0,0.0,0.0,0,0,0,0,0,0,104,40,0.8404308,0.2801436,0,0,0.0,0.0,0.0,0,0,0,1,0,0,0,0,0,0.0,0.0,0.0,0,0,0,0,0,0,3,0,1,0,29200,28960,0,32,0.0,0.0,0,0,0.0,0.0,0,0
6,55167389,2,2,0,12,0,0,0.0,0.0,6,6,6.0,0.0,0.21751981,0.072506603,18400000.0,31900000.0,55200000,47,55200000,55200000.0,0.0,55200000,55200000,55200000,55200000.0,0.0,55200000,55200000,0,0,0,0,80,40,0.036253303,0.036253303,0,6,2.4,3.2863352,10.8,0,0,0,1,0,0,0,0,1,3.0,0.0,6.0,0,0,0,0,0,0,2,0,2,12,29200,0,0,40,52.0,0.0,52,52,55200000.0,0.0,55200000,55200000
6,194,1,1,0,6,0,0,0.0,0.0,6,6,6.0,0.0,30927.83505,10309.27835,194.0,0.0,194,194,0,0.0,0.0,0,0,0,0.0,0.0,0,0,0,0,0,0,40,20,5154.639,5154.639,0,6,2.0,3.4641016,12.0,0,0,0,1,0,0,0,0,1,3.0,0.0,6.0,0,0,0,0,0,0,1,0,1,6,29200,0,0,40,0.0,0.0,0,0,0.0,0.0,0,0
6,1044,3,1,0,0,0,0,0.0,0.0,0,0,0.0,0.0,0.0,3831.417625,348.0,504.28067,930,41,1044,522.0,680.2367,1003,41,0,0.0,0.0,0,0,0,0,0,0,104,40,2873.5632,957.85443,0,0,0.0,0.0,0.0,0,0,0,1,0,0,0,0,0,0.0,0.0,0.0,0,0,0,0,0,0,3,0,1,0,29200,28960,0,32,0.0,0.0,0,0,0.0,0.0,0,0
6,6363,5,3,168,127,168,0,33.6,75.13188,127,0,42.333332,73.32349,46361.77904,1257.268584,909.0,1682.9557,4649,3,6363,1590.75,2634.0354,5495,3,5507,2753.5,2680.6418,4649,858,0,0,0,0,168,104,785.79285,471.4757,0,168,32.77778,65.84409,4335.4443,0,0,0,1,0,0,0,0,0,36.875,33.6,42.333332,0,0,0,0,0,0,5,168,3,127,29200,235,1,32,0.0,0.0,0,0,0.0,0.0,0,0
6,55167530,2,2,0,12,0,0,0.0,0.0,6,6,6.0,0.0,0.217519255,0.072506418,18400000.0,31900000.0,55200000,43,55200000,55200000.0,0.0,55200000,55200000,55200000,55200000.0,0.0,55200000,55200000,0,0,0,0,80,40,0.03625321,0.03625321,0,6,2.4,3.2863352,10.8,0,0,0,1,0,0,0,0,1,3.0,0.0,6.0,0,0,0,0,0,0,2,0,2,12,29200,0,0,40,44.0,0.0,44,44,55200000.0,0.0,55200000,55200000
6,12043,4,2,0,41,0,0,0.0,0.0,41,0,20.5,28.991379,3404.467325,498.2147305,2408.6,4063.2683,9651,98,12043,4014.3333,5527.463,10392,609,10162,10162.0,0.0,10162,10162,0,0,0,0,136,72,332.14316,166.07158,0,41,5.857143,15.496543,240.14285,0,0,0,1,0,0,0,0,0,6.8333335,0.0,20.5,0,0,0,0,0,0,4,0,2,41,29200,227,0,32,0.0,0.0,0,0,0.0,0.0,0,0
6,191,1,1,0,6,0,0,0.0,0.0,6,6,6.0,0.0,31413.61257,10471.20419,191.0,0.0,191,191,0,0.0,0.0,0,0,0,0.0,0.0,0,0,0,0,0,0,40,20,5235.602,5235.602,0,6,2.0,3.4641016,12.0,0,0,0,1,0,0,0,0,1,3.0,0.0,6.0,0,0,0,0,0,0,1,0,1,6,29200,0,0,40,0.0,0.0,0,0,0.0,0.0,0,0
6,172,1,1,0,6,0,0,0.0,0.0,6,6,6.0,0.0,34883.72093,11627.90698,172.0,0.0,172,172,0,0.0,0.0,0,0,0,0.0,0.0,0,0,0,0,0,0,40,20,5813.9536,5813.9536,0,6,2.0,3.4641016,12.0,0,0,0,1,0,0,0,0,1,3.0,0.0,6.0,0,0,0,0,0,0,1,0,1,6,29200,0,0,40,0.0,0.0,0,0,0.0,0.0,0,0
6,36807258,2,2,0,12,0,0,0.0,0.0,6,6,6.0,0.0,0.326022656,0.108674219,12300000.0,21300000.0,36800000,43,36800000,36800000.0,0.0,36800000,36800000,36800000,36800000.0,0.0,36800000,36800000,0,0,0,0,80,40,0.05433711,0.05433711,0,6,2.4,3.2863352,10.8,0,0,0,1,0,0,0,0,1,3.0,0.0,6.0,0,0,0,0,0,0,2,0,2,12,29200,0,0,40,43.0,0.0,43,43,36800000.0,0.0,36800000,36800000
6,746,2,1,8,2,6,2,4.0,2.828427,2,2,2.0,0.0,13404.82574,4021.447721,373.0,458.2052,697,49,746,746.0,0.0,746,746,0,0.0,0.0,0,0,0,0,0,0,44,24,2680.965,1340.4825,2,6,3.0,2.0,4.0,0,0,0,1,0,0,0,0,0,4.0,4.0,2.0,0,0,0,0,0,0,2,8,1,2,1024,29200,1,20,0.0,0.0,0,0,0.0,0.0,0,0
6,690,3,1,0,0,0,0,0.0,0.0,0,0,0.0,0.0,0.0,5797.101449,230.0,291.69675,559,3,690,345.0,483.66104,687,3,0,0.0,0.0,0,0,0,0,0,0,104,40,4347.826,1449.2754,0,0,0.0,0.0,0.0,0,0,0,1,0,0,0,0,0,0.0,0.0,0.0,0,0,0,0,0,0,3,0,1,0,29200,28960,0,32,0.0,0.0,0,0,0.0,0.0,0,0
6,18423051,2,2,0,12,0,0,0.0,0.0,6,6,6.0,0.0,0.65135791,0.217119303,6141017.0,10600000.0,18400000,42,18400000,18400000.0,0.0,18400000,18400000,18400000,18400000.0,0.0,18400000,18400000,0,0,0,0,80,40,0.10855965,0.10855965,0,6,2.4,3.2863352,10.8,0,0,0,1,0,0,0,0,1,3.0,0.0,6.0,0,0,0,0,0,0,2,0,2,12,29200,0,0,40,42.0,0.0,42,42,18400000.0,0.0,18400000,18400000
6,605,2,1,8,2,6,2,4.0,2.828427,2,2,2.0,0.0,16528.92562,4958.677686,302.5,269.40768,493,112,605,605.0,0.0,605,605,0,0.0,0.0,0,0,0,0,0,0,44,24,3305.7852,1652.8926,2,6,3.0,2.0,4.0,0,0,0,1,0,0,0,0,0,4.0,4.0,2.0,0,0,0,0,0,0,2,8,1,2,1024,29200,1,20,0.0,0.0,0,0,0.0,0.0,0,0
6,115,1,1,2,6,2,2,2.0,0.0,6,6,6.0,0.0,69565.21739,17391.30435,115.0,0.0,115,115,0,0.0,0.0,0,0,0,0.0,0.0,0,0,0,0,0,0,24,20,8695.652,8695.652,2,6,3.3333333,2.309401,5.3333335,0,0,0,1,0,0,0,0,1,5.0,2.0,6.0,0,0,0,0,0,0,1,2,1,6,1024,0,0,24,0.0,0.0,0,0,0.0,0.0,0,0
6,19850,5,0,0,0,0,0,0.0,0.0,0,0,0.0,0.0,0.0,251.8891688,4962.5,9339.366,18971,208,19850,4962.5,9339.366,18971,208,0,0.0,0.0,0,0,0,0,0,0,160,0,251.88918,0.0,0,0,0.0,0.0,0.0,0,0,0,0,1,0,0,0,0,0.0,0.0,0.0,0,0,0,0,0,0,5,0,0,0,251,-1,0,32,0.0,0.0,0,0,0.0,0.0,0,0
6,523,2,1,8,2,6,2,4.0,2.828427,2,2,2.0,0.0,19120.45889,5736.137667,261.5,304.76303,477,46,523,523.0,0.0,523,523,0,0.0,0.0,0,0,0,0,0,0,44,24,3824.0918,1912.0459,2,6,3.0,2.0,4.0,0,0,0,1,0,0,0,0,0,4.0,4.0,2.0,0,0,0,0,0,0,2,8,1,2,1024,29200,1,20,0.0,0.0,0,0,0.0,0.0,0,0
6,2010,6,5,62,11576,62,0,10.333333,25.311394,5792,0,2315.2,2628.8833,5790049.751,5472.636816,201.0,215.13716,600,3,2010,402.0,362.76163,911,3,875,218.75,275.61008,626,47,0,0,0,0,200,168,2985.0747,2487.5623,0,5792,969.8333,1980.8582,3923799.0,0,0,0,1,0,0,0,0,0,1058.0,10.333333,2315.2,0,0,0,0,0,0,6,62,5,11576,29200,227,1,32,0.0,0.0,0,0,0.0,0.0,0,0
6,1996,6,5,62,11576,62,0,10.333333,25.311394,5792,0,2315.2,2628.8833,5830661.323,5511.022044,199.6,197.38524,554,46,1996,399.2,404.54938,988,49,1002,250.5,285.91434,655,46,0,0,0,0,200,168,3006.012,2505.01,0,5792,969.8333,1980.8582,3923799.0,0,0,0,1,0,0,0,0,0,1058.0,10.333333,2315.2,0,0,0,0,0,0,6,62,5,11576,29200,227,1,32,0.0,0.0,0,0,0.0,0.0,0,0
6,56452718,2,2,0,12,0,0,0.0,0.0,6,6,6.0,0.0,0.212567267,0.070855756,18800000.0,32600000.0,56500000,55,56500000,56500000.0,0.0,56500000,56500000,56500000,56500000.0,0.0,56500000,56500000,0,0,0,0,80,40,0.03542788,0.03542788,0,6,2.4,3.2863352,10.8,0,0,0,1,0,0,0,0,1,3.0,0.0,6.0,0,0,0,0,0,0,2,0,2,12,29200,0,0,40,55.0,0.0,55,55,56500000.0,0.0,56500000,56500000
6,117169685,2,2,2,12,2,0,1.0,1.4142135,6,6,6.0,0.0,0.119484831,0.034138523,39100000.0,67600000.0,117000000,10,117000000,117000000.0,0.0,117000000,117000000,117000000,117000000.0,0.0,117000000,117000000,0,0,0,0,64,40,0.017069262,0.017069262,0,6,3.2,2.6832817,7.2,0,0,0,1,0,0,0,0,1,4.0,1.0,6.0,0,0,0,0,0,0,2,2,2,12,1024,0,0,24,62.0,0.0,62,62,117000000.0,0.0,117000000,117000000
6,18367664,2,2,0,12,0,0,0.0,0.0,6,6,6.0,0.0,0.653322056,0.217774019,6122554.5,10600000.0,18400000,48,18400000,18400000.0,0.0,18400000,18400000,18400000,18400000.0,0.0,18400000,18400000,0,0,0,0,80,40,0.10888701,0.10888701,0,6,2.4,3.2863352,10.8,0,0,0,1,0,0,0,0,1,3.0,0.0,6.0,0,0,0,0,0,0,2,0,2,12,29200,0,0,40,48.0,0.0,48,48,18400000.0,0.0,18400000,18400000
6,7373,4,2,0,20,0,0,0.0,0.0,20,0,10.0,14.142136,2712.600027,813.7800081,1474.6,2376.3135,5715,129,7373,2457.6667,3295.0212,6262,506,6191,6191.0,0.0,6191,6191,0,0,0,0,136,72,542.52,271.26,0,20,2.857143,7.5592895,57.142857,0,0,0,1,0,0,0,0,0,3.3333333,0.0,10.0,0,0,0,0,0,0,4,0,2,20,29200,227,0,32,0.0,0.0,0,0,0.0,0.0,0,0
6,601,2,1,8,2,6,2,4.0,2.828427,2,2,2.0,0.0,16638.93511,4991.680532,300.5,358.50314,554,47,601,601.0,0.0,601,601,0,0.0,0.0,0,0,0,0,0,0,44,24,3327.787,1663.8936,2,6,3.0,2.0,4.0,0,0,0,1,0,0,0,0,0,4.0,4.0,2.0,0,0,0,0,0,0,2,8,1,2,1024,29200,1,20,0.0,0.0,0,0,0.0,0.0,0,0
6,583,2,1,8,2,6,2,4.0,2.828427,2,2,2.0,0.0,17152.65866,5145.797599,291.5,344.361,535,48,583,583.0,0.0,583,583,0,0.0,0.0,0,0,0,0,0,0,44,24,3430.5317,1715.2659,2,6,3.0,2.0,4.0,0,0,0,1,0,0,0,0,0,4.0,4.0,2.0,0,0,0,0,0,0,2,8,1,2,1024,29200,1,20,0.0,0.0,0,0,0.0,0.0,0,0
6,707,3,1,0,0,0,0,0.0,0.0,0,0,0.0,0.0,0.0,5657.708628,235.66667,311.2705,595,49,707,353.5,430.62802,658,49,0,0.0,0.0,0,0,0,0,0,0,104,40,4243.2812,1414.4271,0,0,0.0,0.0,0.0,0,0,0,1,0,0,0,0,0,0.0,0.0,0.0,0,0,0,0,0,0,3,0,1,0,29200,28960,0,32,0.0,0.0,0,0,0.0,0.0,0,0
6,689,2,1,8,2,6,2,4.0,2.828427,2,2,2.0,0.0,14513.7881,4354.13643,344.5,265.16504,532,157,689,689.0,0.0,689,689,0,0.0,0.0,0,0,0,0,0,0,44,24,2902.7576,1451.3788,2,6,3.0,2.0,4.0,0,0,0,1,0,0,0,0,0,4.0,4.0,2.0,0,0,0,0,0,0,2,8,1,2,1024,29200,1,20,0.0,0.0,0,0,0.0,0.0,0,0
6,19705276,2,2,0,12,0,0,0.0,0.0,6,6,6.0,0.0,0.608973962,0.202991321,6568425.5,11400000.0,19700000,44,19700000,19700000.0,0.0,19700000,19700000,19700000,19700000.0,0.0,19700000,19700000,0,0,0,0,80,40,0.10149566,0.10149566,0,6,2.4,3.2863352,10.8,0,0,0,1,0,0,0,0,1,3.0,0.0,6.0,0,0,0,0,0,0,2,0,2,12,29200,0,0,40,47.0,0.0,47,47,19700000.0,0.0,19700000,19700000
6,74900376,2,2,0,12,0,0,0.0,0.0,6,6,6.0,0.0,0.160212814,0.053404271,25000000.0,43200000.0,74900000,25,74900000,74900000.0,0.0,74900000,74900000,74900000,74900000.0,0.0,74900000,74900000,0,0,0,0,80,40,0.026702136,0.026702136,0,6,2.4,3.2863352,10.8,0,0,0,1,0,0,0,0,1,3.0,0.0,6.0,0,0,0,0,0,0,2,0,2,12,29200,0,0,40,25.0,0.0,25,25,74900000.0,0.0,74900000,74900000
6,79,1,1,0,6,0,0,0.0,0.0,6,6,6.0,0.0,75949.36709,25316.4557,79.0,0.0,79,79,0,0.0,0.0,0,0,0,0.0,0.0,0,0,0,0,0,0,40,20,12658.228,12658.228,0,6,2.0,3.4641016,12.0,0,0,0,1,0,0,0,0,1,3.0,0.0,6.0,0,0,0,0,0,0,1,0,1,6,64240,0,0,40,0.0,0.0,0,0,0.0,0.0,0,0
6,121,1,1,2,6,2,2,2.0,0.0,6,6,6.0,0.0,66115.70248,16528.92562,121.0,0.0,121,121,0,0.0,0.0,0,0,0,0.0,0.0,0,0,0,0,0,0,24,20,8264.463,8264.463,2,6,3.3333333,2.309401,5.3333335,0,0,0,1,0,0,0,0,1,5.0,2.0,6.0,0,0,0,0,0,0,1,2,1,6,1024,0,0,24,0.0,0.0,0,0,0.0,0.0,0,0
6,875,3,1,0,0,0,0,0.0,0.0,0,0,0.0,0.0,0.0,4571.428571,291.66666,420.3122,777,48,875,437.5,548.00775,825,50,0,0.0,0.0,0,0,0,0,0,0,104,40,3428.5715,1142.8572,0,0,0.0,0.0,0.0,0,0,0,1,0,0,0,0,0,0.0,0.0,0.0,0,0,0,0,0,0,3,0,1,0,29200,28960,0,32,0.0,0.0,0,0,0.0,0.0,0,0
6,99,1,1,2,6,2,2,2.0,0.0,6,6,6.0,0.0,80808.08081,20202.0202,99.0,0.0,99,99,0,0.0,0.0,0,0,0,0.0,0.0,0,0,0,0,0,0,24,20,10101.01,10101.01,2,6,3.3333333,2.309401,5.3333335,0,0,0,1,0,0,0,0,1,5.0,2.0,6.0,0,0,0,0,0,0,1,2,1,6,1024,0,0,24,0.0,0.0,0,0,0.0,0.0,0,0
6,503,3,1,0,0,0,0,0.0,0.0,0,0,0.0,0.0,0.0,7952.286282,167.66667,216.44937,417,28,503,251.5,273.65033,445,58,0,0.0,0.0,0,0,0,0,0,0,104,40,5964.215,1988.0715,0,0,0.0,0.0,0.0,0,0,0,1,0,0,0,0,0,0.0,0.0,0.0,0,0,0,0,0,0,3,0,1,0,29200,28960,0,32,0.0,0.0,0,0,0.0,0.0,0,0
6,774,3,1,0,0,0,0,0.0,0.0,0,0,0.0,0.0,0.0,5167.958656,258.0,389.1375,706,4,774,387.0,541.6438,770,4,0,0.0,0.0,0,0,0,0,0,0,104,40,3875.969,1291.9896,0,0,0.0,0.0,0.0,0,0,0,1,0,0,0,0,0,0.0,0.0,0.0,0,0,0,0,0,0,3,0,1,0,29200,28960,0,32,0.0,0.0,0,0,0.0,0.0,0,0
6,1018,3,1,0,0,0,0,0.0,0.0,0,0,0.0,0.0,0.0,3929.273084,339.33334,398.6331,796,61,1018,509.0,492.14633,857,161,0,0.0,0.0,0,0,0,0,0,0,104,40,2946.9548,982.3183,0,0,0.0,0.0,0.0,0,0,0,1,0,0,0,0,0,0.0,0.0,0.0,0,0,0,0,0,0,3,0,1,0,29200,28960,0,32,0.0,0.0,0,0,0.0,0.0,0,0
6,18436107,2,2,0,12,0,0,0.0,0.0,6,6,6.0,0.0,0.650896635,0.216965545,6145369.0,10600000.0,18400000,35,18400000,18400000.0,0.0,18400000,18400000,18400000,18400000.0,0.0,18400000,18400000,0,0,0,0,80,40,0.10848277,0.10848277,0,6,2.4,3.2863352,10.8,0,0,0,1,0,0,0,0,1,3.0,0.0,6.0,0,0,0,0,0,0,2,0,2,12,29200,0,0,40,46.0,0.0,46,46,18400000.0,0.0,18400000,18400000
6,6007810,3,6,18,11595,18,0,6.0,10.392304,4344,0,1932.5,1754.8314,1932.983899,1.498050038,750976.25,2123472.2,6006302,15,6006985,3003492.5,4246614.0,6006302,683,6007687,1201537.4,2686321.8,6006976,15,0,0,0,0,104,200,0.49935,0.9987,0,4344,1161.3,1643.7982,2702072.5,0,0,0,1,0,0,0,0,2,1290.3334,6.0,1932.5,0,0,0,0,0,0,3,18,6,11595,29200,227,1,32,683.0,0.0,683,683,6006302.0,0.0,6006302,6006302
6,533,2,1,8,2,6,2,4.0,2.828427,2,2,2.0,0.0,18761.72608,5628.517824,266.5,307.59146,484,49,533,533.0,0.0,533,533,0,0.0,0.0,0,0,0,0,0,0,44,24,3752.3452,1876.1726,2,6,3.0,2.0,4.0,0,0,0,1,0,0,0,0,0,4.0,4.0,2.0,0,0,0,0,0,0,2,8,1,2,1024,29200,1,20,0.0,0.0,0,0,0.0,0.0,0,0
6,1356,3,1,0,0,0,0,0.0,0.0,0,0,0.0,0.0,0.0,2949.852507,452.0,713.6617,1276,31,1356,678.0,889.54034,1307,49,0,0.0,0.0,0,0,0,0,0,0,104,40,2212.3894,737.46313,0,0,0.0,0.0,0.0,0,0,0,1,0,0,0,0,0,0.0,0.0,0.0,0,0,0,0,0,0,3,0,1,0,29200,28960,0,32,0.0,0.0,0,0,0.0,0.0,0,0
6,629,2,1,8,2,6,2,4.0,2.828427,2,2,2.0,0.0,15898.25119,4769.475358,314.5,415.0717,608,21,629,629.0,0.0,629,629,0,0.0,0.0,0,0,0,0,0,0,44,24,3179.6501,1589.8251,2,6,3.0,2.0,4.0,0,0,0,1,0,0,0,0,0,4.0,4.0,2.0,0,0,0,0,0,0,2,8,1,2,1024,29200,1,20,0.0,0.0,0,0,0.0,0.0,0,0
6,216,1,1,0,6,0,0,0.0,0.0,6,6,6.0,0.0,27777.77778,9259.259259,216.0,0.0,216,216,0,0.0,0.0,0,0,0,0.0,0.0,0,0,0,0,0,0,40,20,4629.6294,4629.6294,0,6,2.0,3.4641016,12.0,0,0,0,1,0,0,0,0,1,3.0,0.0,6.0,0,0,0,0,0,0,1,0,1,6,29200,0,0,40,0.0,0.0,0,0,0.0,0.0,0,0
6,36855582,2,2,0,12,0,0,0.0,0.0,6,6,6.0,0.0,0.325595184,0.108531728,12300000.0,21300000.0,36900000,48,36900000,36900000.0,0.0,36900000,36900000,36900000,36900000.0,0.0,36900000,36900000,0,0,0,0,80,40,0.054265864,0.054265864,0,6,2.4,3.2863352,10.8,0,0,0,1,0,0,0,0,1,3.0,0.0,6.0,0,0,0,0,0,0,2,0,2,12,29200,0,0,40,48.0,0.0,48,48,36900000.0,0.0,36900000,36900000
6,69,1,1,0,6,0,0,0.0,0.0,6,6,6.0,0.0,86956.52174,28985.50725,69.0,0.0,69,69,0,0.0,0.0,0,0,0,0.0,0.0,0,0,0,0,0,0,40,20,14492.754,14492.754,0,6,2.0,3.4641016,12.0,0,0,0,1,0,0,0,0,1,3.0,0.0,6.0,0,0,0,0,0,0,1,0,1,6,29200,0,0,40,0.0,0.0,0,0,0.0,0.0,0,0
6,481,2,1,8,2,6,2,4.0,2.828427,2,2,2.0,0.0,20790.02079,6237.006237,240.5,284.96402,442,39,481,481.0,0.0,481,481,0,0.0,0.0,0,0,0,0,0,0,44,24,4158.0044,2079.0022,2,6,3.0,2.0,4.0,0,0,0,1,0,0,0,0,0,4.0,4.0,2.0,0,0,0,0,0,0,2,8,1,2,1024,29200,1,20,0.0,0.0,0,0,0.0,0.0,0,0
6,131,1,1,2,6,2,2,2.0,0.0,6,6,6.0,0.0,61068.70229,15267.17557,131.0,0.0,131,131,0,0.0,0.0,0,0,0,0.0,0.0,0,0,0,0,0,0,24,20,7633.588,7633.588,2,6,3.3333333,2.309401,5.3333335,0,0,0,1,0,0,0,0,1,5.0,2.0,6.0,0,0,0,0,0,0,1,2,1,6,1024,0,0,24,0.0,0.0,0,0,0.0,0.0,0,0
6,187,1,1,0,6,0,0,0.0,0.0,6,6,6.0,0.0,32085.5615,10695.18717,187.0,0.0,187,187,0,0.0,0.0,0,0,0,0.0,0.0,0,0,0,0,0,0,40,20,5347.5938,5347.5938,0,6,2.0,3.4641016,12.0,0,0,0,1,0,0,0,0,1,3.0,0.0,6.0,0,0,0,0,0,0,1,0,1,6,29200,0,0,40,0.0,0.0,0,0,0.0,0.0,0,0
6,818,3,1,0,0,0,0,0.0,0.0,0,0,0.0,0.0,0.0,4889.97555,272.66666,373.65402,704,48,818,409.0,510.5311,770,48,0,0.0,0.0,0,0,0,0,0,0,104,40,3667.4817,1222.4939,0,0,0.0,0.0,0.0,0,0,0,1,0,0,0,0,0,0.0,0.0,0.0,0,0,0,0,0,0,3,0,1,0,29200,28960,0,32,0.0,0.0,0,0,0.0,0.0,0,0
6,614,2,1,8,2,6,2,4.0,2.828427,2,2,2.0,0.0,16286.64495,4885.993485,307.0,363.45288,564,50,614,614.0,0.0,614,614,0,0.0,0.0,0,0,0,0,0,0,44,24,3257.329,1628.6646,2,6,3.0,2.0,4.0,0,0,0,1,0,0,0,0,0,4.0,4.0,2.0,0,0,0,0,0,0,2,8,1,2,1024,29200,1,20,0.0,0.0,0,0,0.0,0.0,0,0
6,10,1,1,0,6,0,0,0.0,0.0,6,6,6.0,0.0,600000.0,200000.0,10.0,0.0,10,10,0,0.0,0.0,0,0,0,0.0,0.0,0,0,0,0,0,0,40,20,100000.0,100000.0,0,6,2.0,3.4641016,12.0,0,0,0,1,0,0,0,0,1,3.0,0.0,6.0,0,0,0,0,0,0,1,0,1,6,29200,0,0,40,0.0,0.0,0,0,0.0,0.0,0,0
6,18399785,2,2,0,12,0,0,0.0,0.0,6,6,6.0,0.0,0.652181534,0.217393845,6133261.5,10600000.0,18400000,14,18400000,18400000.0,0.0,18400000,18400000,18400000,18400000.0,0.0,18400000,18400000,0,0,0,0,80,40,0.10869692,0.10869692,0,6,2.4,3.2863352,10.8,0,0,0,1,0,0,0,0,1,3.0,0.0,6.0,0,0,0,0,0,0,2,0,2,12,29200,0,0,40,44.0,0.0,44,44,18400000.0,0.0,18400000,18400000
6,18391875,2,2,0,12,0,0,0.0,0.0,6,6,6.0,0.0,0.652462025,0.217487342,6130625.0,10600000.0,18400000,49,18400000,18400000.0,0.0,18400000,18400000,18400000,18400000.0,0.0,18400000,18400000,0,0,0,0,80,40,0.10874367,0.10874367,0,6,2.4,3.2863352,10.8,0,0,0,1,0,0,0,0,1,3.0,0.0,6.0,0,0,0,0,0,0,2,0,2,12,29200,0,0,40,49.0,0.0,49,49,18400000.0,0.0,18400000,18400000
6,56444211,2,2,0,12,0,0,0.0,0.0,6,6,6.0,0.0,0.212599304,0.070866435,18800000.0,32600000.0,56400000,12,56400000,56400000.0,0.0,56400000,56400000,56400000,56400000.0,0.0,56400000,56400000,0,0,0,0,80,40,0.035433218,0.035433218,0,6,2.4,3.2863352,10.8,0,0,0,1,0,0,0,0,1,3.0,0.0,6.0,0,0,0,0,0,0,2,0,2,12,29200,0,0,40,12.0,0.0,12,12,56400000.0,0.0,56400000,56400000
6,359,1,1,0,6,0,0,0.0,0.0,6,6,6.0,0.0,16713.09192,5571.030641,359.0,0.0,359,359,0,0.0,0.0,0,0,0,0.0,0.0,0,0,0,0,0,0,40,20,2785.5154,2785.5154,0,6,2.0,3.4641016,12.0,0,0,0,1,0,0,0,0,1,3.0,0.0,6.0,0,0,0,0,0,0,1,0,1,6,29200,0,0,40,0.0,0.0,0,0,0.0,0.0,0,0
6,15,1,1,0,6,0,0,0.0,0.0,6,6,6.0,0.0,400000.0,133333.3333,15.0,0.0,15,15,0,0.0,0.0,0,0,0,0.0,0.0,0,0,0,0,0,0,40,20,66666.664,66666.664,0,6,2.0,3.4641016,12.0,0,0,0,1,0,0,0,0,1,3.0,0.0,6.0,0,0,0,0,0,0,1,0,1,6,29200,0,0,40,0.0,0.0,0,0,0.0,0.0,0,0
6,56529216,2,2,0,12,0,0,0.0,0.0,6,6,6.0,0.0,0.212279611,0.07075987,18800000.0,32600000.0,56500000,54,56500000,56500000.0,0.0,56500000,56500000,56500000,56500000.0,0.0,56500000,56500000,0,0,0,0,80,40,0.035379935,0.035379935,0,6,2.4,3.2863352,10.8,0,0,0,1,0,0,0,0,1,3.0,0.0,6.0,0,0,0,0,0,0,2,0,2,12,29200,0,0,40,54.0,0.0,54,54,56500000.0,0.0,56500000,56500000
6,74863734,2,2,0,12,0,0,0.0,0.0,6,6,6.0,0.0,0.16029123,0.05343041,25000000.0,43200000.0,74900000,19,74900000,74900000.0,0.0,74900000,74900000,74900000,74900000.0,0.0,74900000,74900000,0,0,0,0,80,40,0.026715204,0.026715204,0,6,2.4,3.2863352,10.8,0,0,0,1,0,0,0,0,1,3.0,0.0,6.0,0,0,0,0,0,0,2,0,2,12,29200,0,0,40,19.0,0.0,19,19,74900000.0,0.0,74900000,74900000
6,44,1,1,0,6,0,0,0.0,0.0,6,6,6.0,0.0,136363.6364,45454.54545,44.0,0.0,44,44,0,0.0,0.0,0,0,0,0.0,0.0,0,0,0,0,0,0,40,20,22727.273,22727.273,0,6,2.0,3.4641016,12.0,0,0,0,1,0,0,0,0,1,3.0,0.0,6.0,0,0,0,0,0,0,1,0,1,6,29200,0,0,40,0.0,0.0,0,0,0.0,0.0,0,0
6,954,3,1,0,0,0,0,0.0,0.0,0,0,0.0,0.0,0.0,4192.872117,318.0,457.28876,846,49,954,477.0,605.2834,905,49,0,0.0,0.0,0,0,0,0,0,0,104,40,3144.654,1048.218,0,0,0.0,0.0,0.0,0,0,0,1,0,0,0,0,0,0.0,0.0,0.0,0,0,0,0,0,0,3,0,1,0,29200,28960,0,32,0.0,0.0,0,0,0.0,0.0,0,0
6,101,1,1,0,0,0,0,0.0,0.0,0,0,0.0,0.0,0.0,19801.9802,101.0,0.0,101,101,0,0.0,0.0,0,0,0,0.0,0.0,0,0,0,0,0,0,32,32,9900.99,9900.99,0,0,0.0,0.0,0.0,0,0,0,0,1,1,0,0,1,0.0,0.0,0.0,0,0,0,0,0,0,1,0,1,0,253,243,0,32,0.0,0.0,0,0,0.0,0.0,0,0
6,634,2,1,8,2,6,2,4.0,2.828427,2,2,2.0,0.0,15772.87066,4731.861199,317.0,380.42346,586,48,634,634.0,0.0,634,634,0,0.0,0.0,0,0,0,0,0,0,44,24,3154.5742,1577.2871,2,6,3.0,2.0,4.0,0,0,0,1,0,0,0,0,0,4.0,4.0,2.0,0,0,0,0,0,0,2,8,1,2,1024,29200,1,20,0.0,0.0,0,0,0.0,0.0,0,0
6,6027958,5,3,168,127,168,0,33.6,75.13188,127,0,42.333332,73.32349,48.93862897,1.32714926,861136.9,2268790.0,6006246,54,6027958,1506989.5,2999515.5,6006246,596,6008580,3004290.0,4246391.0,6006942,1638,0,0,0,0,168,104,0.8294683,0.49768096,0,168,32.77778,65.84409,4335.4443,0,0,0,1,0,0,0,0,0,36.875,33.6,42.333332,0,0,0,0,0,0,5,168,3,127,29200,235,1,32,596.0,0.0,596,596,6006246.0,0.0,6006246,6006246
6,988,3,1,0,0,0,0,0.0,0.0,0,0,0.0,0.0,0.0,4048.582996,329.33334,523.36444,933,3,988,494.0,694.37885,985,3,0,0.0,0.0,0,0,0,0,0,0,104,40,3036.4373,1012.14575,0,0,0.0,0.0,0.0,0,0,0,1,0,0,0,0,0,0.0,0.0,0.0,0,0,0,0,0,0,3,0,1,0,29200,28960,0,32,0.0,0.0,0,0,0.0,0.0,0,0
6,525,3,1,0,0,0,0,0.0,0.0,0,0,0.0,0.0,0.0,7619.047619,175.0,217.87381,420,3,525,262.5,366.98843,522,3,0,0.0,0.0,0,0,0,0,0,0,104,40,5714.2856,1904.762,0,0,0.0,0.0,0.0,0,0,0,1,0,0,0,0,0,0.0,0.0,0.0,0,0,0,0,0,0,3,0,1,0,29200,28960,0,32,0.0,0.0,0,0,0.0,0.0,0,0
6,1268,3,1,0,0,0,0,0.0,0.0,0,0,0.0,0.0,0.0,3154.574132,422.66666,672.3186,1198,1,1268,634.0,895.1972,1267,1,0,0.0,0.0,0,0,0,0,0,0,104,40,2365.9307,788.64355,0,0,0.0,0.0,0.0,0,0,0,1,0,0,0,0,0,0.0,0.0,0.0,0,0,0,0,0,0,3,0,1,0,29200,28960,0,32,0.0,0.0,0,0,0.0,0.0,0,0
6,13,1,1,0,6,0,0,0.0,0.0,6,6,6.0,0.0,461538.4615,153846.1538,13.0,0.0,13,13,0,0.0,0.0,0,0,0,0.0,0.0,0,0,0,0,0,0,40,20,76923.08,76923.08,0,6,2.0,3.4641016,12.0,0,0,0,1,0,0,0,0,1,3.0,0.0,6.0,0,0,0,0,0,0,1,0,1,6,29200,0,0,40,0.0,0.0,0,0,0.0,0.0,0,0
6,6005722,3,6,18,11595,18,0,6.0,10.392304,4344,0,1932.5,1754.8314,1933.655937,1.498570863,750715.25,2122747.5,6004247,17,6004973,3002486.5,4245130.5,6004247,726,6005563,1201112.6,2685424.0,6004945,17,0,0,0,0,104,200,0.4995236,0.9990472,0,4344,1161.3,1643.7982,2702072.5,0,0,0,1,0,0,0,0,2,1290.3334,6.0,1932.5,0,0,0,0,0,0,3,18,6,11595,29200,227,1,32,726.0,0.0,726,726,6004247.0,0.0,6004247,6004247
6,230,1,1,0,6,0,0,0.0,0.0,6,6,6.0,0.0,26086.95652,8695.652174,230.0,0.0,230,230,0,0.0,0.0,0,0,0,0.0,0.0,0,0,0,0,0,0,40,20,4347.826,4347.826,0,6,2.0,3.4641016,12.0,0,0,0,1,0,0,0,0,1,3.0,0.0,6.0,0,0,0,0,0,0,1,0,1,6,29200,0,0,40,0.0,0.0,0,0,0.0,0.0,0,0
6,1256,3,1,0,0,0,0,0.0,0.0,0,0,0.0,0.0,0.0,3184.713376,418.66666,631.63385,1148,50,1256,628.0,817.41547,1206,50,0,0.0,0.0,0,0,0,0,0,0,104,40,2388.535,796.17834,0,0,0.0,0.0,0.0,0,0,0,1,0,0,0,0,0,0.0,0.0,0.0,0,0,0,0,0,0,3,0,1,0,29200,28960,0,32,0.0,0.0,0,0,0.0,0.0,0,0
6,19163,5,0,0,0,0,0,0.0,0.0,0,0,0.0,0.0,0.0,260.9194802,4790.75,8993.965,18281,222,19163,4790.75,8993.965,18281,222,0,0.0,0.0,0,0,0,0,0,0,160,0,260.9195,0.0,0,0,0.0,0.0,0.0,0,0,0,0,1,0,0,0,0,0.0,0.0,0.0,0,0,0,0,0,0,5,0,0,0,251,-1,0,32,0.0,0.0,0,0,0.0,0.0,0,0
6,468,2,1,8,2,6,2,4.0,2.828427,2,2,2.0,0.0,21367.52137,6410.25641,234.0,263.04373,420,48,468,468.0,0.0,468,468,0,0.0,0.0,0,0,0,0,0,0,44,24,4273.5044,2136.7522,2,6,3.0,2.0,4.0,0,0,0,1,0,0,0,0,0,4.0,4.0,2.0,0,0,0,0,0,0,2,8,1,2,1024,29200,1,20,0.0,0.0,0,0,0.0,0.0,0,0
6,979,3,1,0,0,0,0,0.0,0.0,0,0,0.0,0.0,0.0,4085.801839,326.33334,352.195,731,89,979,489.5,467.39758,820,159,0,0.0,0.0,0,0,0,0,0,0,104,40,3064.3513,1021.45044,0,0,0.0,0.0,0.0,0,0,0,1,0,0,0,0,0,0.0,0.0,0.0,0,0,0,0,0,0,3,0,1,0,29200,28960,0,32,0.0,0.0,0,0,0.0,0.0,0,0
6,561,2,1,8,2,6,2,4.0,2.828427,2,2,2.0,0.0,17825.31194,5347.593583,280.5,279.3072,478,83,561,561.0,0.0,561,561,0,0.0,0.0,0,0,0,0,0,0,44,24,3565.0625,1782.5312,2,6,3.0,2.0,4.0,0,0,0,1,0,0,0,0,0,4.0,4.0,2.0,0,0,0,0,0,0,2,8,1,2,1024,29200,1,20,0.0,0.0,0,0,0.0,0.0,0,0
6,60,1,1,0,6,0,0,0.0,0.0,6,6,6.0,0.0,100000.0,33333.33333,60.0,0.0,60,60,0,0.0,0.0,0,0,0,0.0,0.0,0,0,0,0,0,0,40,20,16666.666,16666.666,0,6,2.0,3.4641016,12.0,0,0,0,1,0,0,0,0,1,3.0,0.0,6.0,0,0,0,0,0,0,1,0,1,6,29200,0,0,40,0.0,0.0,0,0,0.0,0.0,0,0
6,12418205,21,32,2008,2745,640,0,95.61905,140.04517,976,0,85.78125,220.24059,382.7445271,4.267927611,238811.64,643934.6,2226598,3,10100000,507451.34,892007.94,2249545,372,12400000,400580.4,798775.1,2226598,3,0,0,0,0,680,1032,1.6910657,2.5768619,0,976,88.01852,189.59027,35944.473,0,0,0,1,0,0,0,0,1,89.679245,95.61905,85.78125,0,0,0,0,0,0,21,2008,32,2745,29200,247,16,32,0.0,0.0,0,0,0.0,0.0,0,0
6,46,1,1,0,0,0,0,0.0,0.0,0,0,0.0,0.0,0.0,43478.26087,46.0,0.0,46,46,0,0.0,0.0,0,0,0,0.0,0.0,0,0,0,0,0,0,32,32,21739.13,21739.13,0,0,0.0,0.0,0.0,0,0,0,0,1,1,0,0,1,0.0,0.0,0.0,0,0,0,0,0,0,1,0,1,0,259,247,0,32,0.0,0.0,0,0,0.0,0.0,0,0
6,12574630,21,32,2008,2745,640,0,95.61905,140.04517,976,0,85.78125,220.24059,377.9832886,4.214835745,241819.81,668326.0,2704289,3,11200000,560018.4,996065.7,2751191,365,12600000,405628.97,831113.75,2704289,3,0,0,0,0,680,1032,1.6700293,2.5448065,0,976,88.01852,189.59027,35944.473,0,0,0,1,0,0,0,0,1,89.679245,95.61905,85.78125,0,0,0,0,0,0,21,2008,32,2745,29200,247,16,32,0.0,0.0,0,0,0.0,0.0,0,0
6,11917264,21,32,2008,2745,640,0,95.61905,140.04517,976,0,85.78125,220.24059,398.833155,4.447329521,229178.16,621660.94,2360133,3,9771974,488598.7,870156.5,2421497,415,11900000,384423.22,771631.8,2360133,3,0,0,0,0,680,1032,1.7621495,2.6851802,0,976,88.01852,189.59027,35944.473,0,0,0,1,0,0,0,0,1,89.679245,95.61905,85.78125,0,0,0,0,0,0,21,2008,32,2745,29200,247,16,32,0.0,0.0,0,0,0.0,0.0,0,0
6,11549737,22,32,2008,2745,640,0,91.27273,138.18214,976,0,85.78125,220.24059,411.5245222,4.675431138,217919.56,587417.44,2132181,17,9538746,454226.0,815860.44,2201203,504,11500000,372568.03,734017.56,2132181,17,0,0,0,0,712,1032,1.9048053,2.7706258,0,976,86.41818,188.2012,35419.69,0,0,0,1,0,0,0,0,1,88.01852,91.27273,85.78125,0,0,0,0,0,0,22,2008,32,2745,29200,247,16,32,0.0,0.0,0,0,0.0,0.0,0,0
6,13385319,21,31,2008,2745,640,0,95.61905,140.04517,976,0,88.548386,223.315,355.0905287,3.884853249,262457.25,700656.75,2462782,3,11000000,549945.06,966230.0,2508873,327,13400000,446173.84,872838.3,2462782,3,0,0,0,0,680,1000,1.5688831,2.3159702,0,976,89.679245,191.00763,36483.914,0,0,0,1,0,0,0,0,1,91.40385,95.61905,88.548386,0,0,0,0,0,0,21,2008,31,2745,29200,247,16,32,0.0,0.0,0,0,0.0,0.0,0,0
6,13114414,19,31,2008,2745,640,0,105.68421,143.7672,976,0,88.548386,223.315,362.4256486,3.81259887,267641.1,700374.06,2492058,3,10600000,587789.75,964245.56,2392543,517,13100000,437142.88,857533.75,2492058,3,0,0,0,0,616,1000,1.4487876,2.3638113,0,976,93.196075,193.9303,37608.96,0,0,0,1,0,0,0,0,1,95.06,105.68421,88.548386,0,0,0,0,0,0,19,2008,31,2745,29200,247,16,32,0.0,0.0,0,0,0.0,0.0,0,0
6,12065987,21,32,2008,2745,640,0,95.61905,140.04517,976,0,85.78125,220.24059,393.9172154,4.392512606,232038.22,631616.1,2575175,1,10100000,504005.66,900383.4,2634891,448,12100000,389223.6,784304.4,2575175,1,0,0,0,0,680,1032,1.7404295,2.6520832,0,976,88.01852,189.59027,35944.473,0,0,0,1,0,0,0,0,1,89.679245,95.61905,85.78125,0,0,0,0,0,0,21,2008,32,2745,29200,247,16,32,0.0,0.0,0,0,0.0,0.0,0,0
6,11580335,22,31,2008,2745,640,0,91.27273,138.18214,976,0,88.548386,223.315,410.4371765,4.576724248,222698.75,600276.75,2448238,3,9723837,463039.84,844490.7,2523261,334,11600000,386007.28,754143.5,2448238,3,0,0,0,0,712,1000,1.8997723,2.676952,0,976,88.01852,189.59027,35944.473,0,0,0,1,0,0,0,0,1,89.679245,91.27273,88.548386,0,0,0,0,0,0,22,2008,31,2745,29200,247,16,32,0.0,0.0,0,0,0.0,0.0,0,0
6,13469673,19,31,2008,2745,640,0,105.68421,143.7672,976,0,88.548386,223.315,352.8667697,3.712042601,274891.28,726980.4,2539562,18,11000000,613655.7,1023846.5,2585622,499,13500000,448985.7,891061.0,2539562,23,0,0,0,0,616,1000,1.4105762,2.3014665,0,976,93.196075,193.9303,37608.96,0,0,0,1,0,0,0,0,1,95.06,105.68421,88.548386,0,0,0,0,0,0,19,2008,31,2745,29200,247,16,32,0.0,0.0,0,0,0.0,0.0,0,0
6,64,1,1,0,0,0,0,0.0,0.0,0,0,0.0,0.0,0.0,31250.0,64.0,0.0,64,64,0,0.0,0.0,0,0,0,0.0,0.0,0,0,0,0,0,0,32,32,15625.0,15625.0,0,0,0.0,0.0,0.0,0,0,0,0,1,1,0,0,1,0.0,0.0,0.0,0,0,0,0,0,0,1,0,1,0,259,247,0,32,0.0,0.0,0,0,0.0,0.0,0,0
6,11826200,24,32,2008,2745,640,0,83.666664,134.5287,976,0,85.78125,220.24059,401.9042465,4.735248854,215021.81,605932.6,2496003,4,9920094,431308.44,847496.94,2565348,16,11800000,381486.9,771627.94,2496003,4,0,0,0,0,776,1032,2.0293925,2.7058566,0,976,83.38596,185.50488,34412.062,0,0,0,1,0,0,0,0,1,84.875,83.666664,85.78125,0,0,0,0,0,0,24,2008,32,2745,29200,247,16,32,0.0,0.0,0,0,0.0,0.0,0,0
6,11331156,21,32,2008,2745,640,0,95.61905,140.04517,976,0,85.78125,220.24059,419.4629392,4.677369193,217906.84,589136.3,2170513,3,9905336,495266.8,873121.06,2219723,519,11300000,365518.0,731010.44,2170513,3,0,0,0,0,680,1032,1.8532972,2.824072,0,976,88.01852,189.59027,35944.473,0,0,0,1,0,0,0,0,1,89.679245,95.61905,85.78125,0,0,0,0,0,0,21,2008,32,2745,29200,247,16,32,0.0,0.0,0,0,0.0,0.0,0,0
6,2244,2,2,0,0,0,0,0.0,0.0,0,0,0.0,0.0,0.0,1782.531194,748.0,903.4091,1754,6,490,490.0,0.0,490,490,2238,2238.0,0.0,2238,2238,0,0,0,0,72,72,891.2656,891.2656,0,0,0.0,0.0,0.0,0,0,0,1,0,0,0,0,1,0.0,0.0,0.0,0,0,0,0,0,0,2,0,2,0,29200,227,0,32,0.0,0.0,0,0,0.0,0.0,0,0
6,11773634,21,33,2008,2745,640,0,95.61905,140.04517,976,0,83.181816,217.28574,403.6986371,4.586519336,222144.03,599582.1,2312744,3,10200000,508060.75,888974.9,2370662,808,11800000,367921.66,740226.06,2312744,3,0,0,0,0,680,1064,1.7836465,2.802873,0,976,86.41818,188.2012,35419.69,0,0,0,1,0,0,0,0,1,88.01852,95.61905,83.181816,0,0,0,0,0,0,21,2008,33,2745,29200,247,16,32,0.0,0.0,0,0,0.0,0.0,0,0
6,12823558,25,32,2008,2745,640,0,80.32,132.755,976,0,85.78125,220.24059,370.6459627,4.444944219,228992.11,648742.9,2571353,3,10300000,430594.22,859261.1,2617523,244,12800000,413659.97,832360.3,2571353,3,0,0,0,0,808,1032,1.9495369,2.4954073,0,976,81.94827,184.19617,33928.227,0,0,0,1,0,0,0,0,1,83.38596,80.32,85.78125,0,0,0,0,0,0,25,2008,32,2745,29200,247,16,32,0.0,0.0,0,0,0.0,0.0,0,0
6,11636023,21,32,2008,2745,640,0,95.61905,140.04517,976,0,85.78125,220.24059,408.4728949,4.554820835,223769.67,605859.56,2460297,16,9708845,485442.25,861302.56,2502259,499,11600000,375351.97,751896.3,2460297,16,0,0,0,0,680,1032,1.8047403,2.7500806,0,976,88.01852,189.59027,35944.473,0,0,0,1,0,0,0,0,1,89.679245,95.61905,85.78125,0,0,0,0,0,0,21,2008,32,2745,29200,247,16,32,0.0,0.0,0,0,0.0,0.0,0,0
6,14048672,25,36,2200,2745,640,0,88.0,129.57365,976,0,76.25,209.06914,351.9905654,4.342047419,234144.53,628559.4,2244331,1,11900000,495111.0,867426.75,2293400,4,14000000,401387.75,785415.3,2244331,1,0,0,0,0,808,1196,1.7795277,2.5625198,0,976,79.758064,178.39418,31824.482,0,0,0,1,0,0,0,0,1,81.065575,88.0,76.25,0,0,0,0,0,0,25,2200,36,2745,29200,247,19,32,0.0,0.0,0,0,0.0,0.0,0,0
6,13792048,21,32,2008,2745,640,0,95.61905,140.04517,976,0,85.78125,220.24059,344.6188702,3.842794051,265231.7,711601.0,2326883,3,11500000,573292.94,1004390.7,2404205,557,13800000,444900.8,882229.75,2326883,3,0,0,0,0,680,1032,1.5226165,2.3201776,0,976,88.01852,189.59027,35944.473,0,0,0,1,0,0,0,0,1,89.679245,95.61905,85.78125,0,0,0,0,0,0,21,2008,32,2745,29200,247,16,32,0.0,0.0,0,0,0.0,0.0,0,0
6,36832,2,0,0,0,0,0,0.0,0.0,0,0,0.0,0.0,0.0,54.30060817,36832.0,0.0,36832,36832,36832,36832.0,0.0,36832,36832,0,0.0,0.0,0,0,0,0,0,0,64,0,54.30061,0.0,0,0,0.0,0.0,0.0,0,0,0,0,1,1,0,0,0,0.0,0.0,0.0,0,0,0,0,0,0,2,0,0,0,247,-1,0,32,0.0,0.0,0,0,0.0,0.0,0,0
6,11025918,19,31,2008,2745,640,0,105.68421,143.7672,976,0,88.548386,223.315,431.0752175,4.534769803,225018.73,589853.06,2022994,4,9410375,522798.62,865795.25,2084879,332,11000000,367527.1,722364.9,2022994,4,0,0,0,0,616,1000,1.7232125,2.8115573,0,976,93.196075,193.9303,37608.96,0,0,0,1,0,0,0,0,1,95.06,105.68421,88.548386,0,0,0,0,0,0,19,2008,31,2745,29200,247,16,32,0.0,0.0,0,0,0.0,0.0,0,0
6,11851715,21,32,2008,2745,640,0,95.61905,140.04517,976,0,85.78125,220.24059,401.0390057,4.471926637,227917.6,623667.25,2481267,3,10400000,521954.1,926352.6,2532565,450,11900000,382308.75,774809.06,2481267,3,0,0,0,0,680,1032,1.7718954,2.7000313,0,976,88.01852,189.59027,35944.473,0,0,0,1,0,0,0,0,1,89.679245,95.61905,85.78125,0,0,0,0,0,0,21,2008,32,2745,29200,247,16,32,0.0,0.0,0,0,0.0,0.0,0,0
6,10248671,19,31,2008,2745,640,0,105.68421,143.7672,976,0,88.548386,223.315,463.7674485,4.878681343,209156.55,546218.9,1993949,3,8526672,473704.0,788884.2,2064245,345,10200000,341618.56,668664.8,1993949,3,0,0,0,0,616,1000,1.8538989,3.0247824,0,976,93.196075,193.9303,37608.96,0,0,0,1,0,0,0,0,1,95.06,105.68421,88.548386,0,0,0,0,0,0,19,2008,31,2745,29200,247,16,32,0.0,0.0,0,0,0.0,0.0,0,0
6,12516082,21,32,2008,2745,640,0,95.61905,140.04517,976,0,85.78125,220.24059,379.751427,4.234551995,240693.89,661211.0,2605351,3,10500000,525848.9,951665.1,2665162,363,12500000,403740.47,821771.0,2605351,3,0,0,0,0,680,1032,1.6778413,2.5567107,0,976,88.01852,189.59027,35944.473,0,0,0,1,0,0,0,0,1,89.679245,95.61905,85.78125,0,0,0,0,0,0,21,2008,32,2745,29200,247,16,32,0.0,0.0,0,0,0.0,0.0,0,0
6,10917588,20,33,2024,2745,640,0,101.2,142.02802,976,0,83.181816,217.28574,436.8180957,4.854552123,209953.61,565616.4,2212380,4,9095762,478724.3,823999.2,2263404,257,10900000,341171.47,693009.7,2212380,4,0,0,0,0,648,1064,1.8319064,3.0226457,0,976,88.31481,189.64096,35963.69,0,0,0,1,0,0,0,0,1,89.98113,101.2,83.181816,0,0,0,0,0,0,20,2024,33,2745,29200,257,16,32,0.0,0.0,0,0,0.0,0.0,0,0
6,11805764,21,32,2008,2745,640,0,95.61905,140.04517,976,0,85.78125,220.24059,402.5999503,4.489332499,227033.92,608874.8,2200215,19,10100000,503624.7,885274.9,2263839,328,11800000,380828.9,754856.56,2200215,19,0,0,0,0,680,1032,1.7787921,2.7105403,0,976,88.01852,189.59027,35944.473,0,0,0,1,0,0,0,0,1,89.679245,95.61905,85.78125,0,0,0,0,0,0,21,2008,32,2745,29200,247,16,32,0.0,0.0,0,0,0.0,0.0,0,0
6,1922051,13,11,1128,2009,640,0,86.76923,183.29855,976,0,182.63637,362.89676,1632.110698,12.48666138,83567.44,337312.22,1628093,19,1922051,160170.92,488445.53,1709354,434,1882898,188289.8,507089.56,1628093,49,0,0,0,0,424,360,6.7636085,5.723053,0,976,125.48,273.1973,74636.76,0,0,0,1,0,0,0,0,0,130.70833,86.76923,182.63637,0,0,0,0,0,0,13,1128,11,2009,29200,247,6,32,0.0,0.0,0,0,0.0,0.0,0,0
6,12392366,21,31,2008,2745,640,0,95.61905,140.04517,976,0,88.548386,223.315,383.5425777,4.196131715,242987.56,646921.7,2468249,4,10200000,510221.84,896372.9,2531520,509,12400000,413076.94,805985.5,2468249,4,0,0,0,0,680,1000,1.6945916,2.50154,0,976,89.679245,191.00763,36483.914,0,0,0,1,0,0,0,0,1,91.40385,95.61905,88.548386,0,0,0,0,0,0,21,2008,31,2745,29200,247,16,32,0.0,0.0,0,0,0.0,0.0,0,0
6,13276253,21,32,2008,2745,640,0,95.61905,140.04517,976,0,85.78125,220.24059,358.0076397,3.992090238,255312.56,690263.3,2544773,4,11200000,559530.25,986999.3,2593058,392,13300000,428261.53,856471.6,2544773,4,0,0,0,0,680,1032,1.5817716,2.4103186,0,976,88.01852,189.59027,35944.473,0,0,0,1,0,0,0,0,1,89.679245,95.61905,85.78125,0,0,0,0,0,0,21,2008,32,2745,29200,247,16,32,0.0,0.0,0,0,0.0,0.0,0,0
6,11890620,21,32,2008,2745,640,0,95.61905,140.04517,976,0,85.78125,220.24059,399.7268435,4.45729491,228665.77,617642.3,2194815,3,10400000,519010.94,911322.75,2264725,245,11900000,383565.3,766296.7,2194815,3,0,0,0,0,680,1032,1.766098,2.691197,0,976,88.01852,189.59027,35944.473,0,0,0,1,0,0,0,0,1,89.679245,95.61905,85.78125,0,0,0,0,0,0,21,2008,32,2745,29200,247,16,32,0.0,0.0,0,0,0.0,0.0,0,0
6,10848349,21,32,2024,2745,640,0,96.38095,140.18219,976,0,85.78125,220.24059,439.6060636,4.885536039,208622.1,571072.94,2292038,2,8903044,445152.2,801104.4,2351775,422,10800000,349944.16,709510.56,2292038,2,0,0,0,0,680,1032,1.9357784,2.9497576,0,976,88.31481,189.64096,35963.69,0,0,0,1,0,0,0,0,1,89.98113,96.38095,85.78125,0,0,0,0,0,0,21,2024,32,2745,29200,257,16,32,0.0,0.0,0,0,0.0,0.0,0,0
6,11910457,25,32,2008,2745,640,0,80.32,132.755,976,0,85.78125,220.24059,399.061094,4.785710573,212686.73,591882.94,2124180,3,10000000,416685.84,821681.4,2200961,314,11900000,384205.44,757870.5,2124180,3,0,0,0,0,808,1032,2.098996,2.6867146,0,976,81.94827,184.19617,33928.227,0,0,0,1,0,0,0,0,1,83.38596,80.32,85.78125,0,0,0,0,0,0,25,2008,32,2745,29200,247,16,32,0.0,0.0,0,0,0.0,0.0,0,0
6,54,1,1,0,0,0,0,0.0,0.0,0,0,0.0,0.0,0.0,37037.03704,54.0,0.0,54,54,0,0.0,0.0,0,0,0,0.0,0.0,0,0,0,0,0,0,32,32,18518.518,18518.518,0,0,0.0,0.0,0.0,0,0,0,0,1,1,0,0,1,0.0,0.0,0.0,0,0,0,0,0,0,1,0,1,0,259,247,0,32,0.0,0.0,0,0,0.0,0.0,0,0
6,12005432,21,32,2008,2745,640,0,95.61905,140.04517,976,0,85.78125,220.24059,395.9041207,4.414668293,230873.69,634219.25,2692187,3,10300000,515456.25,927687.9,2742067,321,12000000,387267.44,788231.25,2692187,3,0,0,0,0,680,1032,1.7492082,2.66546,0,976,88.01852,189.59027,35944.473,0,0,0,1,0,0,0,0,1,89.679245,95.61905,85.78125,0,0,0,0,0,0,21,2008,32,2745,29200,247,16,32,0.0,0.0,0,0,0.0,0.0,0,0
6,13280994,21,32,2008,2745,640,0,95.61905,140.04517,976,0,85.78125,220.24059,357.8798394,3.990665157,255403.73,691386.06,2435076,4,11000000,547805.3,967475.5,2491846,587,13300000,428414.53,857979.44,2435076,4,0,0,0,0,680,1032,1.5812069,2.4094582,0,976,88.01852,189.59027,35944.473,0,0,0,1,0,0,0,0,1,89.679245,95.61905,85.78125,0,0,0,0,0,0,21,2008,32,2745,29200,247,16,32,0.0,0.0,0,0,0.0,0.0,0,0
6,12672742,19,31,2008,2745,640,0,105.68421,143.7672,976,0,88.548386,223.315,375.0569529,3.945476046,258627.39,674766.75,2303359,3,10600000,586956.0,968182.5,2364568,369,12700000,422420.62,825931.6,2303359,3,0,0,0,0,616,1000,1.4992809,2.4461951,0,976,93.196075,193.9303,37608.96,0,0,0,1,0,0,0,0,1,95.06,105.68421,88.548386,0,0,0,0,0,0,19,2008,31,2745,29200,247,16,32,0.0,0.0,0,0,0.0,0.0,0,0
6,11337666,21,32,2008,2745,640,0,95.61905,140.04517,976,0,85.78125,220.24059,419.2220868,4.674683484,218032.03,586829.94,2104134,3,9916876,495843.8,869403.4,2164415,433,11300000,365728.9,727856.1,2104134,3,0,0,0,0,680,1032,1.852233,2.8224504,0,976,88.01852,189.59027,35944.473,0,0,0,1,0,0,0,0,1,89.679245,95.61905,85.78125,0,0,0,0,0,0,21,2008,32,2745,29200,247,16,32,0.0,0.0,0,0,0.0,0.0,0,0
6,11577411,19,31,2008,2745,640,0,105.68421,143.7672,976,0,88.548386,223.315,410.5408368,4.318754858,236273.69,622430.8,2446782,3,9811057,545058.75,916035.5,2501482,237,11600000,385910.22,762633.8,2446782,3,0,0,0,0,616,1000,1.6411269,2.677628,0,976,93.196075,193.9303,37608.96,0,0,0,1,0,0,0,0,1,95.06,105.68421,88.548386,0,0,0,0,0,0,19,2008,31,2745,29200,247,16,32,0.0,0.0,0,0,0.0,0.0,0,0
6,11054336,21,32,2008,2745,640,0,95.61905,140.04517,976,0,85.78125,220.24059,429.9670283,4.794498738,212583.39,578812.5,2220270,3,8831601,441580.06,785808.56,2263996,353,11100000,356587.03,718728.2,2220270,3,0,0,0,0,680,1032,1.8997071,2.8947916,0,976,88.01852,189.59027,35944.473,0,0,0,1,0,0,0,0,1,89.679245,95.61905,85.78125,0,0,0,0,0,0,21,2008,32,2745,29200,247,16,32,0.0,0.0,0,0,0.0,0.0,0,0
6,11848875,21,32,2008,2745,640,0,95.61905,140.04517,976,0,85.78125,220.24059,401.1351289,4.472998491,227862.98,614987.25,2381526,3,10100000,502913.6,885637.94,2428242,608,11800000,382219.78,762948.06,2381526,3,0,0,0,0,680,1032,1.7723202,2.7006783,0,976,88.01852,189.59027,35944.473,0,0,0,1,0,0,0,0,1,89.679245,95.61905,85.78125,0,0,0,0,0,0,21,2008,32,2745,29200,247,16,32,0.0,0.0,0,0,0.0,0.0,0,0
6,12819650,21,32,2008,2745,640,0,95.61905,140.04517,976,0,85.78125,220.24059,370.7589521,4.134278237,246531.73,664771.8,2364169,3,10600000,532249.3,939498.06,2408342,331,12800000,413532.47,824619.06,2364169,3,0,0,0,0,680,1032,1.6381103,2.496168,0,976,88.01852,189.59027,35944.473,0,0,0,1,0,0,0,0,1,89.679245,95.61905,85.78125,0,0,0,0,0,0,21,2008,32,2745,29200,247,16,32,0.0,0.0,0,0,0.0,0.0,0,0
6,12993878,19,33,2008,2745,640,0,105.68421,143.7672,976,0,83.181816,217.28574,365.7876425,4.00188458,254781.92,679890.7,2275211,17,10700000,593091.2,970748.06,2309081,683,13000000,406053.6,825989.3,2275211,17,0,0,0,0,616,1064,1.4622271,2.5396576,0,976,89.679245,191.00763,36483.914,0,0,0,1,0,0,0,0,1,91.40385,105.68421,83.181816,0,0,0,0,0,0,19,2008,33,2745,29200,247,16,32,0.0,0.0,0,0,0.0,0.0,0,0
6,13919544,21,32,2008,2745,640,0,95.61905,140.04517,976,0,85.78125,220.24059,341.4623353,3.807595996,267683.53,726205.06,2556171,3,11500000,574134.1,1015768.0,2610272,428,13900000,449012.47,901383.94,2556171,3,0,0,0,0,680,1032,1.5086701,2.2989259,0,976,88.01852,189.59027,35944.473,0,0,0,1,0,0,0,0,1,89.679245,95.61905,85.78125,0,0,0,0,0,0,21,2008,32,2745,29200,247,16,32,0.0,0.0,0,0,0.0,0.0,0,0
6,12978271,21,32,2008,2745,640,0,95.61905,140.04517,976,0,85.78125,220.24059,366.2275198,4.083748906,249582.14,673118.3,2416292,3,10800000,538758.0,948435.06,2464865,545,13000000,418650.0,835000.3,2416292,3,0,0,0,0,680,1032,1.6180892,2.4656596,0,976,88.01852,189.59027,35944.473,0,0,0,1,0,0,0,0,1,89.679245,95.61905,85.78125,0,0,0,0,0,0,21,2008,32,2745,29200,247,16,32,0.0,0.0,0,0,0.0,0.0,0,0
6,12815237,22,32,2024,2745,640,0,92.0,138.33844,976,0,85.78125,220.24059,372.1351388,4.213734011,241796.92,658128.06,2532388,3,10700000,511292.25,926644.5,2575998,453,12800000,413390.16,823170.8,2532388,3,0,0,0,0,712,1032,1.7167064,2.4970276,0,976,86.70909,188.25383,35439.508,0,0,0,1,0,0,0,0,1,88.31481,92.0,85.78125,0,0,0,0,0,0,22,2024,32,2745,29200,257,16,32,0.0,0.0,0,0,0.0,0.0,0,0
6,69,1,1,0,0,0,0,0.0,0.0,0,0,0.0,0.0,0.0,28985.50725,69.0,0.0,69,69,0,0.0,0.0,0,0,0,0.0,0.0,0,0,0,0,0,0,32,32,14492.754,14492.754,0,0,0.0,0.0,0.0,0,0,0,0,1,1,0,0,1,0.0,0.0,0.0,0,0,0,0,0,0,1,0,1,0,259,257,0,32,0.0,0.0,0,0,0.0,0.0,0,0
6,12338731,21,32,2008,2745,640,0,95.61905,140.04517,976,0,85.78125,220.24059,385.2097918,4.295417414,237283.28,648963.8,2499036,3,9798063,489903.16,874200.75,2401236,556,12300000,398020.56,806192.1,2499036,3,0,0,0,0,680,1032,1.7019578,2.5934596,0,976,88.01852,189.59027,35944.473,0,0,0,1,0,0,0,0,1,89.679245,95.61905,85.78125,0,0,0,0,0,0,21,2008,32,2745,29200,247,16,32,0.0,0.0,0,0,0.0,0.0,0,0
6,11593888,19,31,2008,2745,640,0,105.68421,143.7672,976,0,88.548386,223.315,409.9573844,4.312617131,236609.95,619918.06,2317278,3,9962701,553483.4,919424.1,2392897,3,11600000,386451.66,759154.25,2317278,29,0,0,0,0,616,1000,1.6387945,2.6738226,0,976,93.196075,193.9303,37608.96,0,0,0,1,0,0,0,0,1,95.06,105.68421,88.548386,0,0,0,0,0,0,19,2008,31,2745,29200,247,16,32,0.0,0.0,0,0,0.0,0.0,0,0
6,14061837,21,32,2008,2745,640,0,95.61905,140.04517,976,0,85.78125,220.24059,338.007047,3.769066588,270419.94,733857.56,2704226,3,11300000,565759.56,992585.56,2439572,344,14100000,453603.53,910909.8,2704226,3,0,0,0,0,680,1032,1.4934038,2.275663,0,976,88.01852,189.59027,35944.473,0,0,0,1,0,0,0,0,1,89.679245,95.61905,85.78125,0,0,0,0,0,0,21,2008,32,2745,29200,247,16,32,0.0,0.0,0,0,0.0,0.0,0,0
6,13190466,21,32,2008,2745,640,0,95.61905,140.04517,976,0,85.78125,220.24059,360.3360185,4.018053646,253662.81,689222.6,2515374,3,10800000,539785.4,959631.8,2588451,321,13200000,425494.6,855621.06,2515374,3,0,0,0,0,680,1032,1.592059,2.4259946,0,976,88.01852,189.59027,35944.473,0,0,0,1,0,0,0,0,1,89.679245,95.61905,85.78125,0,0,0,0,0,0,21,2008,32,2745,29200,247,16,32,0.0,0.0,0,0,0.0,0.0,0,0
6,42,2,1,0,0,0,0,0.0,0.0,0,0,0.0,0.0,0.0,71428.57143,21.0,24.04163,38,4,4,4.0,0.0,4,4,0,0.0,0.0,0,0,0,0,0,0,64,32,47619.047,23809.523,0,0,0.0,0.0,0.0,0,0,0,0,1,1,0,0,0,0.0,0.0,0.0,0,0,0,0,0,0,2,0,1,0,259,247,0,32,0.0,0.0,0,0,0.0,0.0,0,0
6,13,1,1,0,0,0,0,0.0,0.0,0,0,0.0,0.0,0.0,153846.1538,13.0,0.0,13,13,0,0.0,0.0,0,0,0,0.0,0.0,0,0,0,0,0,0,32,32,76923.08,76923.08,0,0,0.0,0.0,0.0,0,0,0,0,1,1,0,0,1,0.0,0.0,0.0,0,0,0,0,0,0,1,0,1,0,259,247,0,32,0.0,0.0,0,0,0.0,0.0,0,0
6,11391270,21,32,2008,2745,640,0,95.61905,140.04517,976,0,85.78125,220.24059,417.2493497,4.652685785,219062.89,597526.4,2500061,4,9649396,482469.8,867388.7,2554276,404,11400000,367457.75,742095.94,2500061,4,0,0,0,0,680,1032,1.8435171,2.8091688,0,976,88.01852,189.59027,35944.473,0,0,0,1,0,0,0,0,1,89.679245,95.61905,85.78125,0,0,0,0,0,0,21,2008,32,2745,29200,247,16,32,0.0,0.0,0,0,0.0,0.0,0,0
6,12856639,21,32,2008,2745,640,0,95.61905,140.04517,976,0,85.78125,220.24059,369.6922656,4.122383774,247243.06,665615.3,2218664,13,10700000,533716.1,934327.44,2264278,500,12900000,414726.8,825522.3,2218664,17,0,0,0,0,680,1032,1.6333973,2.4889865,0,976,88.01852,189.59027,35944.473,0,0,0,1,0,0,0,0,1,89.679245,95.61905,85.78125,0,0,0,0,0,0,21,2008,32,2745,29200,247,16,32,0.0,0.0,0,0,0.0,0.0,0,0
6,13068557,21,32,2008,2745,640,0,95.61905,140.04517,976,0,85.78125,220.24059,363.6973845,4.055535741,251318.4,688518.06,2616231,3,10500000,523485.8,933986.44,2663986,19,13100000,421561.97,855536.1,2616231,3,0,0,0,0,680,1032,1.6069103,2.4486253,0,976,88.01852,189.59027,35944.473,0,0,0,1,0,0,0,0,1,89.679245,95.61905,85.78125,0,0,0,0,0,0,21,2008,32,2745,29200,247,16,32,0.0,0.0,0,0,0.0,0.0,0,0
6,12457618,21,32,2008,2745,640,0,95.61905,140.04517,976,0,85.78125,220.24059,381.5336126,4.254424883,239569.58,653359.2,2710430,3,10700000,533567.4,948346.94,2762422,509,12500000,401855.1,811413.1,2710430,3,0,0,0,0,680,1032,1.6857156,2.5687094,0,976,88.01852,189.59027,35944.473,0,0,0,1,0,0,0,0,1,89.679245,95.61905,85.78125,0,0,0,0,0,0,21,2008,32,2745,29200,247,16,32,0.0,0.0,0,0,0.0,0.0,0,0
6,11677046,21,33,2008,2745,640,0,95.61905,140.04517,976,0,83.181816,217.28574,407.0378758,4.624457247,220321.62,597167.56,2244255,3,10200000,508839.34,886332.2,2298563,840,11700000,364903.28,737738.0,2244255,3,0,0,0,0,680,1064,1.7984,2.8260572,0,976,86.41818,188.2012,35419.69,0,0,0,1,0,0,0,0,1,88.01852,95.61905,83.181816,0,0,0,0,0,0,21,2008,33,2745,29200,247,16,32,0.0,0.0,0,0,0.0,0.0,0,0
6,13489917,20,33,2008,2745,640,0,100.4,141.91414,976,0,83.181816,217.28574,352.3372308,3.928860348,259421.48,701783.44,2460174,3,11200000,587908.25,1000464.6,2515336,531,13500000,421556.0,860133.6,2460174,3,0,0,0,0,648,1064,1.4825888,2.4462714,0,976,88.01852,189.59027,35944.473,0,0,0,1,0,0,0,0,1,89.679245,100.4,83.181816,0,0,0,0,0,0,20,2008,33,2745,29200,247,16,32,0.0,0.0,0,0,0.0,0.0,0,0
6,13570068,22,33,2008,2745,640,0,91.27273,138.18214,976,0,83.181816,217.28574,350.2561667,4.053037907,251297.56,663250.25,2844079,2,10700000,508786.25,844784.0,2301378,422,13600000,424064.1,825695.0,2844079,2,0,0,0,0,712,1064,1.6212151,2.4318228,0,976,84.875,186.83966,34909.06,0,0,0,1,0,0,0,0,1,86.41818,91.27273,83.181816,0,0,0,0,0,0,22,2008,33,2745,29200,247,16,32,0.0,0.0,0,0,0.0,0.0,0,0
6,12870678,21,32,2008,2745,640,0,95.61905,140.04517,976,0,85.78125,220.24059,369.2890149,4.117887185,247513.03,675918.7,2459074,4,10700000,534333.8,953081.8,2503850,954,12900000,415182.0,839577.5,2459074,4,0,0,0,0,680,1032,1.6316156,2.4862716,0,976,88.01852,189.59027,35944.473,0,0,0,1,0,0,0,0,1,89.679245,95.61905,85.78125,0,0,0,0,0,0,21,2008,32,2745,29200,247,16,32,0.0,0.0,0,0,0.0,0.0,0,0
6,11918136,23,32,2008,2745,640,0,87.304344,136.33997,976,0,85.78125,220.24059,398.803974,4.614815605,220706.22,603855.4,2317616,3,9794329,445196.78,828069.0,2364689,414,11900000,384453.06,761114.7,2317616,3,0,0,0,0,744,1032,1.929832,2.6849837,0,976,84.875,186.83966,34909.06,0,0,0,1,0,0,0,0,1,86.41818,87.304344,85.78125,0,0,0,0,0,0,23,2008,32,2745,29200,247,16,32,0.0,0.0,0,0,0.0,0.0,0,0
6,12967986,21,31,2008,2745,640,0,95.61905,140.04517,976,0,88.548386,223.315,366.5179774,4.009874779,254274.23,681228.2,2433781,3,11100000,554075.1,978383.56,2500797,372,13000000,432263.5,848949.4,2433781,3,0,0,0,0,680,1000,1.6193725,2.3905022,0,976,89.679245,191.00763,36483.914,0,0,0,1,0,0,0,0,1,91.40385,95.61905,88.548386,0,0,0,0,0,0,21,2008,31,2745,29200,247,16,32,0.0,0.0,0,0,0.0,0.0,0,0
6,12394116,22,33,2008,2745,640,0,91.27273,138.18214,976,0,83.181816,217.28574,383.4884231,4.437589579,229520.67,635555.5,2316207,18,10100000,479777.9,871130.25,2361942,390,12400000,387313.34,792169.56,2316207,18,0,0,0,0,712,1064,1.7750359,2.6625538,0,976,84.875,186.83966,34909.06,0,0,0,1,0,0,0,0,1,86.41818,91.27273,83.181816,0,0,0,0,0,0,22,2008,33,2745,29200,247,16,32,0.0,0.0,0,0,0.0,0.0,0,0
6,14003899,25,35,2200,2745,640,0,88.0,129.57365,976,0,78.42857,211.7064,353.1159429,4.284521047,237354.22,630698.6,2248319,3,11800000,492982.22,867468.44,2293962,3,14000000,411877.06,790757.0,2248319,3,0,0,0,0,808,1164,1.785217,2.499304,0,976,81.065575,179.57486,32247.129,0,0,0,1,0,0,0,0,1,82.416664,88.0,78.42857,0,0,0,0,0,0,25,2200,35,2745,29200,247,19,32,0.0,0.0,0,0,0.0,0.0,0,0
6,11691762,21,32,2008,2745,640,0,95.61905,140.04517,976,0,85.78125,220.24059,406.5255519,4.533106302,224841.58,612486.7,2444147,3,9706915,485345.75,869940.0,2501175,555,11700000,377149.75,760632.4,2444147,3,0,0,0,0,680,1032,1.7961365,2.73697,0,976,88.01852,189.59027,35944.473,0,0,0,1,0,0,0,0,1,89.679245,95.61905,85.78125,0,0,0,0,0,0,21,2008,32,2745,29200,247,16,32,0.0,0.0,0,0,0.0,0.0,0,0
6,11785356,21,32,2008,2745,640,0,95.61905,140.04517,976,0,85.78125,220.24059,403.2971087,4.497106409,226641.47,609887.94,2219799,3,9913543,495677.16,871484.4,2263830,562,11800000,380168.44,756384.7,2219799,3,0,0,0,0,680,1032,1.7818724,2.715234,0,976,88.01852,189.59027,35944.473,0,0,0,1,0,0,0,0,1,89.679245,95.61905,85.78125,0,0,0,0,0,0,21,2008,32,2745,29200,247,16,32,0.0,0.0,0,0,0.0,0.0,0,0
6,10267491,21,32,2008,2745,640,0,95.61905,140.04517,976,0,85.78125,220.24059,462.9173768,5.1619232,197451.75,532821.2,2036045,3,8760903,438045.16,774739.9,2089712,231,10300000,331206.03,661012.56,2036045,3,0,0,0,0,680,1032,2.0452902,3.116633,0,976,88.01852,189.59027,35944.473,0,0,0,1,0,0,0,0,1,89.679245,95.61905,85.78125,0,0,0,0,0,0,21,2008,32,2745,29200,247,16,32,0.0,0.0,0,0,0.0,0.0,0,0
6,13533989,21,32,2008,2745,640,0,95.61905,140.04517,976,0,85.78125,220.24059,351.189882,3.916066431,260269.02,702248.7,2344246,4,11300000,565030.6,992839.8,2392293,434,13500000,436577.38,871155.94,2344246,4,0,0,0,0,680,1032,1.551649,2.3644176,0,976,88.01852,189.59027,35944.473,0,0,0,1,0,0,0,0,1,89.679245,95.61905,85.78125,0,0,0,0,0,0,21,2008,32,2745,29200,247,16,32,0.0,0.0,0,0,0.0,0.0,0,0
6,13295997,19,31,2008,2745,640,0,105.68421,143.7672,976,0,88.548386,223.315,357.4760133,3.760530331,271346.88,711360.8,2599800,3,11100000,616277.75,1017558.0,2665250,337,13300000,443196.38,871136.75,2599800,3,0,0,0,0,616,1000,1.4290016,2.331529,0,976,93.196075,193.9303,37608.96,0,0,0,1,0,0,0,0,1,95.06,105.68421,88.548386,0,0,0,0,0,0,19,2008,31,2745,29200,247,16,32,0.0,0.0,0,0,0.0,0.0,0,0
6,11502932,19,31,2008,2745,640,0,105.68421,143.7672,976,0,88.548386,223.315,413.199,4.346717863,234753.72,611564.9,2168202,3,9536002,529777.9,870303.5,2219798,314,11500000,383427.16,748469.94,2168202,3,0,0,0,0,616,1000,1.6517528,2.6949651,0,976,93.196075,193.9303,37608.96,0,0,0,1,0,0,0,0,1,95.06,105.68421,88.548386,0,0,0,0,0,0,19,2008,31,2745,29200,247,16,32,0.0,0.0,0,0,0.0,0.0,0,0
6,11048963,21,33,2008,2745,640,0,95.61905,140.04517,976,0,83.181816,217.28574,430.176117,4.887336486,208471.0,565203.3,2304364,3,9153927,457696.34,803910.0,2360955,701,11000000,345276.72,698102.56,2304364,3,0,0,0,0,680,1064,1.9006308,2.9867055,0,976,86.41818,188.2012,35419.69,0,0,0,1,0,0,0,0,1,88.01852,95.61905,83.181816,0,0,0,0,0,0,21,2008,33,2745,29200,247,16,32,0.0,0.0,0,0,0.0,0.0,0,0
6,11312428,21,32,2008,2745,640,0,95.61905,140.04517,976,0,85.78125,220.24059,420.1573703,4.685112692,217546.69,590685.7,2256205,3,9800165,490008.25,869604.7,2305545,328,11300000,364912.66,733257.94,2256205,3,0,0,0,0,680,1032,1.8563654,2.8287473,0,976,88.01852,189.59027,35944.473,0,0,0,1,0,0,0,0,1,89.679245,95.61905,85.78125,0,0,0,0,0,0,21,2008,32,2745,29200,247,16,32,0.0,0.0,0,0,0.0,0.0,0,0
6,13275933,20,33,2008,2745,640,0,100.4,141.91414,976,0,83.181816,217.28574,358.016269,3.992186463,255306.4,697758.8,2616273,4,10600000,558875.4,959709.1,2489730,272,13300000,414869.9,856028.44,2616273,4,0,0,0,0,648,1064,1.5064855,2.485701,0,976,88.01852,189.59027,35944.473,0,0,0,1,0,0,0,0,1,89.679245,100.4,83.181816,0,0,0,0,0,0,20,2008,33,2745,29200,247,16,32,0.0,0.0,0,0,0.0,0.0,0,0
6,11621575,21,32,2008,2745,640,0,95.61905,140.04517,976,0,85.78125,220.24059,408.9807104,4.560483411,223491.83,600902.94,2302938,3,9789726,489486.3,866863.8,2364754,747,11600000,374885.38,745196.06,2302938,3,0,0,0,0,680,1032,1.806984,2.7534995,0,976,88.01852,189.59027,35944.473,0,0,0,1,0,0,0,0,1,89.679245,95.61905,85.78125,0,0,0,0,0,0,21,2008,32,2745,29200,247,16,32,0.0,0.0,0,0,0.0,0.0,0,0
6,13090623,19,31,2008,2745,640,0,105.68421,143.7672,976,0,88.548386,223.315,363.0843238,3.819527917,267155.56,701385.1,2458857,3,11100000,616746.0,1019630.44,2504439,432,13100000,436350.6,859052.94,2458857,3,0,0,0,0,616,1000,1.4514207,2.3681073,0,976,93.196075,193.9303,37608.96,0,0,0,1,0,0,0,0,1,95.06,105.68421,88.548386,0,0,0,0,0,0,19,2008,31,2745,29200,247,16,32,0.0,0.0,0,0,0.0,0.0,0,0
6,12422677,21,31,2008,2745,640,0,95.61905,140.04517,976,0,88.548386,223.315,382.6067441,4.185893266,243581.9,650688.3,2322084,3,10100000,502943.25,885203.06,2300175,911,12400000,414085.1,810686.0,2322084,3,0,0,0,0,680,1000,1.6904569,2.4954364,0,976,89.679245,191.00763,36483.914,0,0,0,1,0,0,0,0,1,91.40385,95.61905,88.548386,0,0,0,0,0,0,21,2008,31,2745,29200,247,16,32,0.0,0.0,0,0,0.0,0.0,0,0
6,516,3,1,24,0,24,0,8.0,13.856406,0,0,0.0,0.0,46511.62791,7751.937984,172.0,259.8384,472,18,516,258.0,339.41125,498,18,0,0.0,0.0,0,0,1,0,0,0,96,20,5813.9536,1937.9845,0,24,9.6,13.145341,172.8,0,1,0,0,1,0,0,0,0,12.0,8.0,0.0,0,0,0,0,0,0,3,24,1,0,229,0,0,32,0.0,0.0,0,0,0.0,0.0,0,0
6,56,1,1,0,0,0,0,0.0,0.0,0,0,0.0,0.0,0.0,35714.28571,56.0,0.0,56,56,0,0.0,0.0,0,0,0,0.0,0.0,0,0,0,0,0,0,32,32,17857.143,17857.143,0,0,0.0,0.0,0.0,0,0,0,0,1,1,0,0,1,0.0,0.0,0.0,0,0,0,0,0,0,1,0,1,0,259,247,0,32,0.0,0.0,0,0,0.0,0.0,0,0
6,13274397,21,32,2008,2745,640,0,95.61905,140.04517,976,0,85.78125,220.24059,358.0576956,3.992648404,255276.86,692076.75,2543197,3,10700000,534505.1,942951.75,2430151,432,13300000,428202.0,858968.7,2543197,3,0,0,0,0,680,1032,1.5819927,2.4106557,0,976,88.01852,189.59027,35944.473,0,0,0,1,0,0,0,0,1,89.679245,95.61905,85.78125,0,0,0,0,0,0,21,2008,32,2745,29200,247,16,32,0.0,0.0,0,0,0.0,0.0,0,0
6,11664247,21,32,2008,2745,640,0,95.61905,140.04517,976,0,85.78125,220.24059,407.4845123,4.543799527,224312.44,610795.5,2224164,3,10300000,514720.8,910621.6,2306108,468,11700000,376261.94,758441.6,2224164,3,0,0,0,0,680,1032,1.8003734,2.743426,0,976,88.01852,189.59027,35944.473,0,0,0,1,0,0,0,0,1,89.679245,95.61905,85.78125,0,0,0,0,0,0,21,2008,32,2745,29200,247,16,32,0.0,0.0,0,0,0.0,0.0,0,0
6,14717908,22,32,2008,2745,640,0,91.27273,138.18214,976,0,85.78125,220.24059,322.9399178,3.668999698,277696.38,768341.1,2864273,21,11800000,563645.25,1030707.7,2911147,313,14700000,474768.47,962679.06,2864273,42,0,0,0,0,712,1032,1.4947777,2.174222,0,976,86.41818,188.2012,35419.69,0,0,0,1,0,0,0,0,1,88.01852,91.27273,85.78125,0,0,0,0,0,0,22,2008,32,2745,29200,247,16,32,0.0,0.0,0,0,0.0,0.0,0,0
6,12227720,20,33,2008,2745,640,0,100.4,141.91414,976,0,83.181816,217.28574,388.7069707,4.334413938,235148.47,637372.3,2444376,3,9806730,516143.7,882013.9,2500891,3,12200000,382113.34,781392.9,2444376,4,0,0,0,0,648,1064,1.6356279,2.698786,0,976,88.01852,189.59027,35944.473,0,0,0,1,0,0,0,0,1,89.679245,100.4,83.181816,0,0,0,0,0,0,20,2008,33,2745,29200,247,16,32,0.0,0.0,0,0,0.0,0.0,0,0
6,12551963,22,33,2008,2745,640,0,91.27273,138.18214,976,0,83.181816,217.28574,378.6658708,4.381784746,232443.77,634896.44,2314290,4,10200000,486590.8,869720.9,2361939,594,12600000,392247.06,790498.94,2314290,4,0,0,0,0,712,1064,1.7527139,2.6290708,0,976,84.875,186.83966,34909.06,0,0,0,1,0,0,0,0,1,86.41818,91.27273,83.181816,0,0,0,0,0,0,22,2008,33,2745,29200,247,16,32,0.0,0.0,0,0,0.0,0.0,0,0
6,249,2,1,0,0,0,0,0.0,0.0,0,0,0.0,0.0,0.0,12048.19277,124.5,74.246216,177,72,249,249.0,0.0,249,249,0,0.0,0.0,0,0,0,0,0,0,64,32,8032.1284,4016.0642,0,0,0.0,0.0,0.0,0,0,0,0,1,1,0,0,0,0.0,0.0,0.0,0,0,0,0,0,0,2,0,1,0,259,247,0,32,0.0,0.0,0,0,0.0,0.0,0,0
6,10965074,21,32,2008,2745,640,0,95.61905,140.04517,976,0,85.78125,220.24059,433.4672069,4.833528711,210866.81,571616.06,2091856,38,8832254,441612.7,783098.94,2043624,479,11000000,353708.25,709469.1,2091856,47,0,0,0,0,680,1032,1.9151717,2.918357,0,976,88.01852,189.59027,35944.473,0,0,0,1,0,0,0,0,1,89.679245,95.61905,85.78125,0,0,0,0,0,0,21,2008,32,2745,29200,247,16,32,0.0,0.0,0,0,0.0,0.0,0,0
6,12484210,22,32,2008,2745,640,0,91.27273,138.18214,976,0,85.78125,220.24059,380.7209267,4.325463926,235551.12,650945.06,2716257,3,9726070,463146.2,843363.9,2332364,3,12500000,402713.12,815500.6,2716257,3,0,0,0,0,712,1032,1.762226,2.563238,0,976,86.41818,188.2012,35419.69,0,0,0,1,0,0,0,0,1,88.01852,91.27273,85.78125,0,0,0,0,0,0,22,2008,32,2745,29200,247,16,32,0.0,0.0,0,0,0.0,0.0,0,0
6,50,1,1,0,0,0,0,0.0,0.0,0,0,0.0,0.0,0.0,40000.0,50.0,0.0,50,50,0,0.0,0.0,0,0,0,0.0,0.0,0,0,0,0,0,0,32,32,20000.0,20000.0,0,0,0.0,0.0,0.0,0,0,0,0,1,1,0,0,1,0.0,0.0,0.0,0,0,0,0,0,0,1,0,1,0,259,247,0,32,0.0,0.0,0,0,0.0,0.0,0,0
6,8589122,19,22,1656,2441,640,0,87.1579,150.30386,976,0,110.954544,262.27075,476.9986967,4.773479757,214728.05,619891.0,2428554,47,8589122,477173.44,896927.9,2471781,499,8487927,404187.0,818584.5,2428554,48,0,0,0,0,616,712,2.2121003,2.5613794,0,976,97.54762,213.37408,45528.496,0,0,0,1,0,0,0,0,1,99.92683,87.1579,110.954544,0,0,0,0,0,0,19,1656,22,2441,29200,247,12,32,0.0,0.0,0,0,0.0,0.0,0,0
6,15257424,31,41,2200,3145,640,0,70.96774,121.16311,976,0,76.70731,195.57022,350.32126,4.719014166,214893.3,545838.9,2183218,0,13200000,439176.47,1072068.5,4978855,1,15300000,381433.7,685520.06,2183218,18,0,0,0,0,1060,1356,2.0317976,2.6872163,0,976,73.21918,165.67792,27449.174,0,0,0,1,0,0,0,0,1,74.236115,70.96774,76.70731,0,0,0,0,0,0,31,2200,41,3145,29200,247,19,32,0.0,0.0,0,0,0.0,0.0,0,0
6,12139535,23,32,2008,2745,640,0,87.304344,136.33997,976,0,85.78125,220.24059,391.5306476,4.530651298,224806.2,626586.1,2672253,0,10300000,467174.47,888617.44,2715434,339,12100000,391595.16,791333.94,2672253,0,0,0,0,0,744,1032,1.894636,2.6360154,0,976,84.875,186.83966,34909.06,0,0,0,1,0,0,0,0,1,86.41818,87.304344,85.78125,0,0,0,0,0,0,23,2008,32,2745,29200,247,16,32,0.0,0.0,0,0,0.0,0.0,0,0
6,12647131,21,32,2008,2745,640,0,95.61905,140.04517,976,0,85.78125,220.24059,375.8164599,4.190673758,243214.06,656759.75,2560408,14,10800000,540734.1,956189.5,2632450,436,12600000,407967.9,814803.6,2560408,14,0,0,0,0,680,1032,1.6604556,2.5302181,0,976,88.01852,189.59027,35944.473,0,0,0,1,0,0,0,0,1,89.679245,95.61905,85.78125,0,0,0,0,0,0,21,2008,32,2745,29200,247,16,32,0.0,0.0,0,0,0.0,0.0,0,0
6,85,1,1,0,0,0,0,0.0,0.0,0,0,0.0,0.0,0.0,23529.41176,85.0,0.0,85,85,0,0.0,0.0,0,0,0,0.0,0.0,0,0,0,0,0,0,32,32,11764.706,11764.706,0,0,0.0,0.0,0.0,0,0,0,0,1,1,0,0,1,0.0,0.0,0.0,0,0,0,0,0,0,1,0,1,0,259,247,0,32,0.0,0.0,0,0,0.0,0.0,0,0
6,12285135,22,32,2008,2745,640,0,91.27273,138.18214,976,0,85.78125,220.24059,386.8903354,4.395556093,231795.0,635613.3,2536428,3,10300000,489600.72,897648.6,2605836,411,12300000,396289.25,795644.44,2536428,3,0,0,0,0,712,1032,1.7907821,2.604774,0,976,86.41818,188.2012,35419.69,0,0,0,1,0,0,0,0,1,88.01852,91.27273,85.78125,0,0,0,0,0,0,22,2008,32,2745,29200,247,16,32,0.0,0.0,0,0,0.0,0.0,0,0
6,11701279,21,32,2008,2745,640,0,95.61905,140.04517,976,0,85.78125,220.24059,406.1949125,4.529419391,225024.6,610792.3,2332374,16,9786206,489310.3,871745.1,2383717,558,11700000,377456.22,758198.94,2332374,16,0,0,0,0,680,1032,1.7946756,2.7347438,0,976,88.01852,189.59027,35944.473,0,0,0,1,0,0,0,0,1,89.679245,95.61905,85.78125,0,0,0,0,0,0,21,2008,32,2745,29200,247,16,32,0.0,0.0,0,0,0.0,0.0,0,0
6,11531242,22,32,2008,2745,640,0,91.27273,138.18214,976,0,85.78125,220.24059,412.1845678,4.682930078,217570.61,595195.3,2360288,3,10200000,485013.06,878531.75,2408348,327,11500000,371973.44,744868.8,2360288,3,0,0,0,0,712,1032,1.9078604,2.7750697,0,976,86.41818,188.2012,35419.69,0,0,0,1,0,0,0,0,1,88.01852,91.27273,85.78125,0,0,0,0,0,0,22,2008,32,2745,29200,247,16,32,0.0,0.0,0,0,0.0,0.0,0,0
6,12245681,21,32,2008,2745,640,0,95.61905,140.04517,976,0,85.78125,220.24059,388.136846,4.328056561,235493.86,645401.75,2629643,3,10300000,517464.06,928702.94,2674202,435,12200000,395018.44,801952.5,2629643,3,0,0,0,0,680,1032,1.7148904,2.6131663,0,976,88.01852,189.59027,35944.473,0,0,0,1,0,0,0,0,1,89.679245,95.61905,85.78125,0,0,0,0,0,0,21,2008,32,2745,29200,247,16,32,0.0,0.0,0,0,0.0,0.0,0,0
6,12000175,21,32,2008,2745,640,0,95.61905,140.04517,976,0,85.78125,220.24059,396.0775572,4.416602258,230772.6,624173.6,2219021,3,9737477,486873.84,859637.9,2240073,322,12000000,387098.34,774510.94,2219021,3,0,0,0,0,680,1032,1.7499745,2.666628,0,976,88.01852,189.59027,35944.473,0,0,0,1,0,0,0,0,1,89.679245,95.61905,85.78125,0,0,0,0,0,0,21,2008,32,2745,29200,247,16,32,0.0,0.0,0,0,0.0,0.0,0,0
6,13161097,20,33,2008,2745,640,0,100.4,141.91414,976,0,83.181816,217.28574,361.1401086,4.027019936,253098.02,679964.3,2391944,3,11000000,577807.8,983892.25,2464581,229,13200000,411280.72,832838.7,2391944,3,0,0,0,0,648,1064,1.5196302,2.5073898,0,976,88.01852,189.59027,35944.473,0,0,0,1,0,0,0,0,1,89.679245,100.4,83.181816,0,0,0,0,0,0,20,2008,33,2745,29200,247,16,32,0.0,0.0,0,0,0.0,0.0,0,0
6,11437534,21,32,2008,2745,640,0,95.61905,140.04517,976,0,85.78125,220.24059,415.5616062,4.633866006,219952.58,593351.3,2185037,3,9209607,460480.34,808817.75,2101441,488,11400000,368949.75,736069.94,2185037,3,0,0,0,0,680,1032,1.8360602,2.7978058,0,976,88.01852,189.59027,35944.473,0,0,0,1,0,0,0,0,1,89.679245,95.61905,85.78125,0,0,0,0,0,0,21,2008,32,2745,29200,247,16,32,0.0,0.0,0,0,0.0,0.0,0,0
6,13653780,22,33,2008,2745,640,0,91.27273,138.18214,976,0,83.181816,217.28574,348.1087289,4.028188531,252847.78,635320.44,2179059,4,11600000,550847.5,875265.1,2232712,393,13700000,426678.16,788277.5,2179059,4,0,0,0,0,712,1064,1.6112754,2.416913,0,976,84.875,186.83966,34909.06,0,0,0,1,0,0,0,0,1,86.41818,91.27273,83.181816,0,0,0,0,0,0,22,2008,33,2745,29200,247,16,32,0.0,0.0,0,0,0.0,0.0,0,0
6,11985529,24,33,2008,2745,640,0,83.666664,134.5287,976,0,83.181816,217.28574,396.5615535,4.75573502,214027.3,595904.5,2067135,3,10000000,435132.97,829557.0,2116145,330,12000000,374544.72,753767.1,2067135,3,0,0,0,0,776,1064,2.0024147,2.7533202,0,976,81.94827,184.19617,33928.227,0,0,0,1,0,0,0,0,1,83.38596,83.666664,83.181816,0,0,0,0,0,0,24,2008,33,2745,29200,247,16,32,0.0,0.0,0,0,0.0,0.0,0,0
6,11486644,21,32,2008,2745,640,0,95.61905,140.04517,976,0,85.78125,220.24059,413.784914,4.614054375,220897.0,597941.1,2372296,4,9649894,482494.7,856789.1,2416396,345,11500000,370532.84,742030.1,2372296,4,0,0,0,0,680,1032,1.8282102,2.785844,0,976,88.01852,189.59027,35944.473,0,0,0,1,0,0,0,0,1,89.679245,95.61905,85.78125,0,0,0,0,0,0,21,2008,32,2745,29200,247,16,32,0.0,0.0,0,0,0.0,0.0,0,0
6,15018425,22,33,2008,2745,640,0,91.27273,138.18214,976,0,83.181816,217.28574,316.4779263,3.662168303,278118.97,708592.75,2535411,3,12800000,610430.3,990901.5,2597756,4,15000000,469320.75,879074.25,2535411,3,0,0,0,0,712,1064,1.4648674,2.197301,0,976,84.875,186.83966,34909.06,0,0,0,1,0,0,0,0,1,86.41818,91.27273,83.181816,0,0,0,0,0,0,22,2008,33,2745,29200,247,16,32,0.0,0.0,0,0,0.0,0.0,0,0
6,10921811,22,32,2008,2745,640,0,91.27273,138.18214,976,0,85.78125,220.24059,435.1842382,4.944234981,206071.9,557474.75,2000599,3,9631722,458653.44,826100.1,2074964,460,10900000,352312.28,696880.4,2000599,3,0,0,0,0,712,1032,2.014318,2.929917,0,976,86.41818,188.2012,35419.69,0,0,0,1,0,0,0,0,1,88.01852,91.27273,85.78125,0,0,0,0,0,0,22,2008,32,2745,29200,247,16,32,0.0,0.0,0,0,0.0,0.0,0,0
6,11318288,21,32,2008,2745,640,0,95.61905,140.04517,976,0,85.78125,220.24059,419.9398354,4.682686993,217659.39,588047.94,2225106,4,9950418,497520.9,874311.44,2301837,551,11300000,365101.78,729604.3,2225106,4,0,0,0,0,680,1032,1.8554043,2.8272827,0,976,88.01852,189.59027,35944.473,0,0,0,1,0,0,0,0,1,89.679245,95.61905,85.78125,0,0,0,0,0,0,21,2008,32,2745,29200,247,16,32,0.0,0.0,0,0,0.0,0.0,0,0
6,13092580,21,32,2008,2745,640,0,95.61905,140.04517,976,0,85.78125,220.24059,363.0300521,4.048094417,251780.39,681694.94,2399987,3,10600000,532443.56,940558.06,2409050,272,13100000,422337.75,845968.9,2399987,3,0,0,0,0,680,1032,1.603962,2.4441326,0,976,88.01852,189.59027,35944.473,0,0,0,1,0,0,0,0,1,89.679245,95.61905,85.78125,0,0,0,0,0,0,21,2008,32,2745,29200,247,16,32,0.0,0.0,0,0,0.0,0.0,0,0
6,11550018,19,31,2024,2745,640,0,106.52631,143.85307,976,0,88.548386,223.315,412.8997894,4.328997583,235714.66,612299.0,2132111,16,9551674,530648.56,867476.8,2181916,243,11500000,384997.84,749191.94,2132111,16,0,0,0,0,616,1000,1.645019,2.6839786,0,976,93.5098,193.97426,37626.016,0,0,0,1,0,0,0,0,1,95.38,106.52631,88.548386,0,0,0,0,0,0,19,2024,31,2745,29200,257,16,32,0.0,0.0,0,0,0.0,0.0,0,0
6,12024933,20,33,2008,2745,640,0,100.4,141.91414,976,0,83.181816,217.28574,395.2620776,4.407508965,231248.72,625595.2,2372198,3,10100000,532540.9,911517.9,2432126,441,12000000,375776.75,766762.75,2372198,3,0,0,0,0,648,1064,1.663211,2.744298,0,976,88.01852,189.59027,35944.473,0,0,0,1,0,0,0,0,1,89.679245,100.4,83.181816,0,0,0,0,0,0,20,2008,33,2745,29200,247,16,32,0.0,0.0,0,0,0.0,0.0,0,0
6,12946131,21,32,2008,2745,640,0,95.61905,140.04517,976,0,85.78125,220.24059,367.1367144,4.093887201,248964.06,679100.94,2585295,3,11200000,562463.9,999567.06,2633113,329,12900000,417611.84,843397.7,2585295,3,0,0,0,0,680,1032,1.6221062,2.471781,0,976,88.01852,189.59027,35944.473,0,0,0,1,0,0,0,0,1,89.679245,95.61905,85.78125,0,0,0,0,0,0,21,2008,32,2745,29200,247,16,32,0.0,0.0,0,0,0.0,0.0,0,0
6,11864172,21,32,2008,2745,640,0,95.61905,140.04517,976,0,85.78125,220.24059,400.6179277,4.467231257,228157.16,618354.25,2263110,3,9557387,477869.34,844056.8,2149488,369,11900000,382711.06,767453.44,2263110,3,0,0,0,0,680,1032,1.770035,2.6971962,0,976,88.01852,189.59027,35944.473,0,0,0,1,0,0,0,0,1,89.679245,95.61905,85.78125,0,0,0,0,0,0,21,2008,32,2745,29200,247,16,32,0.0,0.0,0,0,0.0,0.0,0,0
6,12082199,22,32,2008,2745,640,0,91.27273,138.18214,976,0,85.78125,220.24059,393.3886538,4.469385085,227966.02,622953.3,2380128,3,10100000,480945.94,876253.44,2432926,273,12100000,389744.34,779519.94,2380128,3,0,0,0,0,712,1032,1.8208606,2.6485245,0,976,86.41818,188.2012,35419.69,0,0,0,1,0,0,0,0,1,88.01852,91.27273,85.78125,0,0,0,0,0,0,22,2008,32,2745,29200,247,16,32,0.0,0.0,0,0,0.0,0.0,0,0
6,12282732,21,32,2008,2745,640,0,95.61905,140.04517,976,0,85.78125,220.24059,386.9660268,4.31500093,236206.39,645248.56,2696115,25,10800000,540111.44,961479.56,2765137,532,12300000,396213.34,801480.3,2696115,25,0,0,0,0,680,1032,1.7097174,2.6052835,0,976,88.01852,189.59027,35944.473,0,0,0,1,0,0,0,0,1,89.679245,95.61905,85.78125,0,0,0,0,0,0,21,2008,32,2745,29200,247,16,32,0.0,0.0,0,0,0.0,0.0,0,0
6,11198216,21,33,2008,2745,640,0,95.61905,140.04517,976,0,83.181816,217.28574,424.4426076,4.822196678,211287.1,577905.2,2261876,17,8893783,444689.16,781318.4,2097765,54,11200000,349939.38,714312.25,2261876,17,0,0,0,0,680,1064,1.8752987,2.946898,0,976,86.41818,188.2012,35419.69,0,0,0,1,0,0,0,0,1,88.01852,95.61905,83.181816,0,0,0,0,0,0,21,2008,33,2745,29200,247,16,32,0.0,0.0,0,0,0.0,0.0,0,0
6,11534598,20,33,2008,2745,640,0,100.4,141.91414,976,0,83.181816,217.28574,412.0646424,4.59487188,221819.19,601065.7,2461042,3,9027898,475152.53,803048.9,2208495,690,11500000,360451.94,736874.06,2461042,3,0,0,0,0,648,1064,1.7339139,2.8609579,0,976,88.01852,189.59027,35944.473,0,0,0,1,0,0,0,0,1,89.679245,100.4,83.181816,0,0,0,0,0,0,20,2008,33,2745,29200,247,16,32,0.0,0.0,0,0,0.0,0.0,0,0
6,12184419,21,32,2008,2745,640,0,95.61905,140.04517,976,0,85.78125,220.24059,390.0883579,4.349817583,234315.75,644173.3,2526852,3,9615290,480764.5,860290.25,2364676,464,12200000,393041.84,800661.1,2526852,3,0,0,0,0,680,1032,1.7235126,2.6263049,0,976,88.01852,189.59027,35944.473,0,0,0,1,0,0,0,0,1,89.679245,95.61905,85.78125,0,0,0,0,0,0,21,2008,32,2745,29200,247,16,32,0.0,0.0,0,0,0.0,0.0,0,0
6,10917095,21,32,2008,2745,640,0,95.61905,140.04517,976,0,85.78125,220.24059,435.3722304,4.854771347,209944.14,568499.94,1988134,3,8955103,447755.16,792256.75,2032606,419,10900000,352161.2,705521.9,1988134,3,0,0,0,0,680,1032,1.9235886,2.9311826,0,976,88.01852,189.59027,35944.473,0,0,0,1,0,0,0,0,1,89.679245,95.61905,85.78125,0,0,0,0,0,0,21,2008,32,2745,29200,247,16,32,0.0,0.0,0,0,0.0,0.0,0,0
6,67,1,1,0,0,0,0,0.0,0.0,0,0,0.0,0.0,0.0,29850.74627,67.0,0.0,67,67,0,0.0,0.0,0,0,0,0.0,0.0,0,0,0,0,0,0,32,32,14925.373,14925.373,0,0,0.0,0.0,0.0,0,0,0,0,1,1,0,0,1,0.0,0.0,0.0,0,0,0,0,0,0,1,0,1,0,259,257,0,32,0.0,0.0,0,0,0.0,0.0,0,0
6,11515773,21,31,2008,2745,640,0,95.61905,140.04517,976,0,88.548386,223.315,412.7382504,4.515545765,225799.47,606210.3,2407053,3,10100000,506175.5,894921.25,2464405,412,11500000,383854.06,755637.3,2407053,3,0,0,0,0,680,1000,1.8235857,2.6919599,0,976,89.679245,191.00763,36483.914,0,0,0,1,0,0,0,0,1,91.40385,95.61905,88.548386,0,0,0,0,0,0,21,2008,31,2745,29200,247,16,32,0.0,0.0,0,0,0.0,0.0,0,0
6,11315696,21,32,2008,2745,640,0,95.61905,140.04517,976,0,85.78125,220.24059,420.0360278,4.68375962,217609.53,586153.6,2224351,13,9950807,497540.34,873305.3,2301461,526,11300000,365018.3,727034.2,2224351,21,0,0,0,0,680,1032,1.8558292,2.8279305,0,976,88.01852,189.59027,35944.473,0,0,0,1,0,0,0,0,1,89.679245,95.61905,85.78125,0,0,0,0,0,0,21,2008,32,2745,29200,247,16,32,0.0,0.0,0,0,0.0,0.0,0,0
6,11201343,21,32,2008,2745,640,0,95.61905,140.04517,976,0,85.78125,220.24059,424.324119,4.731575491,215410.44,580974.0,2079771,3,9256000,462800.0,814185.56,2125273,323,11200000,361330.66,720711.1,2079771,3,0,0,0,0,680,1032,1.8747752,2.8568003,0,976,88.01852,189.59027,35944.473,0,0,0,1,0,0,0,0,1,89.679245,95.61905,85.78125,0,0,0,0,0,0,21,2008,32,2745,29200,247,16,32,0.0,0.0,0,0,0.0,0.0,0,0
6,12927093,23,32,2008,2745,640,0,87.304344,136.33997,976,0,85.78125,220.24059,367.6774043,4.254630179,239390.61,661259.25,2436182,21,10600000,482811.1,907477.06,2516384,303,12900000,416998.75,834301.9,2436182,48,0,0,0,0,744,1032,1.779209,2.4754212,0,976,84.875,186.83966,34909.06,0,0,0,1,0,0,0,0,1,86.41818,87.304344,85.78125,0,0,0,0,0,0,23,2008,32,2745,29200,247,16,32,0.0,0.0,0,0,0.0,0.0,0,0
6,11805824,23,32,2008,2745,640,0,87.304344,136.33997,976,0,85.78125,220.24059,402.5979042,4.658717596,218626.38,612929.4,2244211,4,9635643,437983.78,843680.06,2304157,399,11800000,380830.78,774599.8,2244211,4,0,0,0,0,744,1032,1.948191,2.7105267,0,976,84.875,186.83966,34909.06,0,0,0,1,0,0,0,0,1,86.41818,87.304344,85.78125,0,0,0,0,0,0,23,2008,32,2745,29200,247,16,32,0.0,0.0,0,0,0.0,0.0,0,0
6,11540220,22,33,2024,2745,640,0,92.0,138.33844,976,0,83.181816,217.28574,413.250354,4.765940337,213707.78,587365.5,2091364,3,9521130,453387.16,819150.06,2140026,523,11500000,360630.5,731695.75,2091364,3,0,0,0,0,712,1064,1.9063761,2.8595643,0,976,85.16071,186.89412,34929.41,0,0,0,1,0,0,0,0,1,86.70909,92.0,83.181816,0,0,0,0,0,0,22,2024,33,2745,29200,257,16,32,0.0,0.0,0,0,0.0,0.0,0,0
6,14670828,29,38,2136,3065,640,0,73.655174,124.659615,976,0,80.6579,202.52037,354.5130513,4.566886068,222285.27,544416.06,2164919,1,12900000,461707.1,1086115.2,4833909,1,14700000,396506.1,681376.6,2164919,24,0,0,0,0,984,1248,1.9767119,2.5901742,0,976,76.48529,171.01108,29244.791,0,0,0,1,0,0,0,0,1,77.62687,73.655174,80.6579,0,0,0,0,0,0,29,2136,38,3065,29200,247,18,32,0.0,0.0,0,0,0.0,0.0,0,0
6,10632496,21,32,2008,2745,640,0,95.61905,140.04517,976,0,85.78125,220.24059,447.0257971,4.984718546,204471.08,555518.1,2014467,4,9084113,454205.66,807220.5,2078583,501,10600000,342980.56,689653.06,2014467,4,0,0,0,0,680,1032,1.9750772,3.0096414,0,976,88.01852,189.59027,35944.473,0,0,0,1,0,0,0,0,1,89.679245,95.61905,85.78125,0,0,0,0,0,0,21,2008,32,2745,29200,247,16,32,0.0,0.0,0,0,0.0,0.0,0,0
6,12015337,21,32,2008,2745,640,0,95.61905,140.04517,976,0,85.78125,220.24059,395.577752,4.411029004,231064.17,625906.25,2375708,4,10100000,505447.1,896160.75,2432448,393,12000000,387588.47,776779.44,2375708,4,0,0,0,0,680,1032,1.7477663,2.6632628,0,976,88.01852,189.59027,35944.473,0,0,0,1,0,0,0,0,1,89.679245,95.61905,85.78125,0,0,0,0,0,0,21,2008,32,2745,29200,247,16,32,0.0,0.0,0,0,0.0,0.0,0,0
6,13442339,22,32,2008,2745,640,0,91.27273,138.18214,976,0,85.78125,220.24059,353.5842981,4.017158026,253629.03,689069.2,2668026,3,10700000,511152.53,912952.0,2301303,404,13400000,433623.66,861853.0,2668026,3,0,0,0,0,712,1032,1.6366199,2.380538,0,976,86.41818,188.2012,35419.69,0,0,0,1,0,0,0,0,1,88.01852,91.27273,85.78125,0,0,0,0,0,0,22,2008,32,2745,29200,247,16,32,0.0,0.0,0,0,0.0,0.0,0,0
6,10851469,21,31,2008,2745,640,0,95.61905,140.04517,976,0,88.548386,223.315,438.0052139,4.791977934,212773.9,571926.44,2128251,3,8681927,434096.34,766140.2,2064915,372,10900000,361712.72,713065.25,2128251,3,0,0,0,0,680,1000,1.9352219,2.856756,0,976,89.679245,191.00763,36483.914,0,0,0,1,0,0,0,0,1,91.40385,95.61905,88.548386,0,0,0,0,0,0,21,2008,31,2745,29200,247,16,32,0.0,0.0,0,0,0.0,0.0,0,0
6,12701800,19,33,2008,2745,640,0,105.68421,143.7672,976,0,83.181816,217.28574,374.1989324,4.09390795,249054.9,666657.8,2452392,4,10700000,594258.8,986849.6,2522424,487,12700000,396929.66,810134.06,2452392,4,0,0,0,0,616,1064,1.495851,2.598057,0,976,89.679245,191.00763,36483.914,0,0,0,1,0,0,0,0,1,91.40385,105.68421,83.181816,0,0,0,0,0,0,19,2008,33,2745,29200,247,16,32,0.0,0.0,0,0,0.0,0.0,0,0
6,13372500,21,32,2008,2745,640,0,95.61905,140.04517,976,0,85.78125,220.24059,355.4309217,3.963357637,257163.47,691412.5,2320188,14,11300000,563278.94,986106.75,2376064,473,13400000,431367.75,857394.56,2320188,18,0,0,0,0,680,1032,1.570387,2.3929706,0,976,88.01852,189.59027,35944.473,0,0,0,1,0,0,0,0,1,89.679245,95.61905,85.78125,0,0,0,0,0,0,21,2008,32,2745,29200,247,16,32,0.0,0.0,0,0,0.0,0.0,0,0
6,11816975,21,31,2008,2745,640,0,95.61905,140.04517,976,0,88.548386,223.315,402.2179957,4.400449354,231705.39,628813.25,2579531,3,9821516,491075.8,883001.1,2628497,371,11800000,393895.62,784697.3,2579531,3,0,0,0,0,680,1000,1.7771045,2.623345,0,976,89.679245,191.00763,36483.914,0,0,0,1,0,0,0,0,1,91.40385,95.61905,88.548386,0,0,0,0,0,0,21,2008,31,2745,29200,247,16,32,0.0,0.0,0,0,0.0,0.0,0,0
6,22989,2,1,24,0,24,0,12.0,16.970562,0,0,0.0,0.0,1043.977554,130.4971943,11494.5,16227.394,22969,20,22969,22969.0,0.0,22969,22969,0,0.0,0.0,0,0,0,0,0,0,64,20,86.99813,43.499065,0,24,6.0,12.0,144.0,0,0,0,0,1,0,0,0,0,8.0,12.0,0.0,0,0,0,0,0,0,2,24,1,0,229,0,1,32,0.0,0.0,0,0,0.0,0.0,0,0
6,13047050,22,32,2008,2745,640,0,91.27273,138.18214,976,0,85.78125,220.24059,364.29691,4.13886664,246170.75,668884.4,2376166,3,11500000,546285.3,977533.2,2445975,3,13000000,420868.7,836667.56,2376166,3,0,0,0,0,712,1032,1.6862049,2.4526618,0,976,86.41818,188.2012,35419.69,0,0,0,1,0,0,0,0,1,88.01852,91.27273,85.78125,0,0,0,0,0,0,22,2008,32,2745,29200,247,16,32,0.0,0.0,0,0,0.0,0.0,0,0
6,11875305,23,31,2008,2745,640,0,87.304344,136.33997,976,0,88.548386,223.315,400.2423517,4.547251628,224062.36,607367.7,2214778,4,10200000,463293.2,866970.25,2294048,228,11900000,395839.56,768936.56,2214778,4,0,0,0,0,744,1000,1.9367924,2.6104593,0,976,86.41818,188.2012,35419.69,0,0,0,1,0,0,0,0,1,88.01852,87.304344,88.548386,0,0,0,0,0,0,23,2008,31,2745,29200,247,16,32,0.0,0.0,0,0,0.0,0.0,0,0
6,11865754,21,32,2008,2745,640,0,95.61905,140.04517,976,0,85.78125,220.24059,400.5645153,4.466635664,228187.58,614400.3,2252210,3,10000000,501451.7,883303.0,2312063,439,11900000,382761.3,762022.8,2252210,3,0,0,0,0,680,1032,1.769799,2.6968367,0,976,88.01852,189.59027,35944.473,0,0,0,1,0,0,0,0,1,89.679245,95.61905,85.78125,0,0,0,0,0,0,21,2008,32,2745,29200,247,16,32,0.0,0.0,0,0,0.0,0.0,0,0
6,11576335,21,32,2008,2745,640,0,95.61905,140.04517,976,0,85.78125,220.24059,410.5789959,4.578305655,222621.83,603637.5,2184216,3,9603251,480162.56,849343.8,2232680,397,11600000,373426.53,749236.8,2184216,3,0,0,0,0,680,1032,1.8140457,2.76426,0,976,88.01852,189.59027,35944.473,0,0,0,1,0,0,0,0,1,89.679245,95.61905,85.78125,0,0,0,0,0,0,21,2008,32,2745,29200,247,16,32,0.0,0.0,0,0,0.0,0.0,0,0
6,11177980,21,32,2008,2745,640,0,95.61905,140.04517,976,0,85.78125,220.24059,425.2109952,4.741464916,214961.16,584034.8,2303834,3,9259016,462950.8,825788.3,2351037,288,11200000,360575.47,725054.0,2303834,3,0,0,0,0,680,1032,1.8786937,2.8627713,0,976,88.01852,189.59027,35944.473,0,0,0,1,0,0,0,0,1,89.679245,95.61905,85.78125,0,0,0,0,0,0,21,2008,32,2745,29200,247,16,32,0.0,0.0,0,0,0.0,0.0,0,0
6,13942497,22,33,2008,2745,640,0,91.27273,138.18214,976,0,83.181816,217.28574,340.9001989,3.944774024,258194.39,705446.7,2488226,3,11700000,555429.3,995380.25,2564828,646,13900000,435699.53,878448.4,2488226,3,0,0,0,0,712,1064,1.5779096,2.3668644,0,976,84.875,186.83966,34909.06,0,0,0,1,0,0,0,0,1,86.41818,91.27273,83.181816,0,0,0,0,0,0,22,2008,33,2745,29200,247,16,32,0.0,0.0,0,0,0.0,0.0,0,0
6,34,1,1,0,0,0,0,0.0,0.0,0,0,0.0,0.0,0.0,58823.52941,34.0,0.0,34,34,0,0.0,0.0,0,0,0,0.0,0.0,0,0,0,0,0,0,32,32,29411.766,29411.766,0,0,0.0,0.0,0.0,0,0,0,0,1,1,0,0,1,0.0,0.0,0.0,0,0,0,0,0,0,1,0,1,0,259,247,0,32,0.0,0.0,0,0,0.0,0.0,0,0
6,13407993,21,32,2008,2745,640,0,95.61905,140.04517,976,0,85.78125,220.24059,354.4900419,3.952866026,257846.02,694021.1,2237249,3,11300000,565529.44,990587.06,2301503,211,13400000,432513.44,860725.75,2237249,3,0,0,0,0,680,1032,1.5662299,2.386636,0,976,88.01852,189.59027,35944.473,0,0,0,1,0,0,0,0,1,89.679245,95.61905,85.78125,0,0,0,0,0,0,21,2008,32,2745,29200,247,16,32,0.0,0.0,0,0,0.0,0.0,0,0
6,12609663,21,33,2008,2745,640,0,95.61905,140.04517,976,0,83.181816,217.28574,376.9331504,4.28243007,237918.17,650164.9,2488166,14,11000000,549452.1,967059.56,2558648,638,12600000,394049.03,803692.0,2488166,17,0,0,0,0,680,1064,1.6653894,2.6170406,0,976,86.41818,188.2012,35419.69,0,0,0,1,0,0,0,0,1,88.01852,95.61905,83.181816,0,0,0,0,0,0,21,2008,33,2745,29200,247,16,32,0.0,0.0,0,0,0.0,0.0,0,0
6,10730809,22,32,2008,2745,640,0,91.27273,138.18214,976,0,85.78125,220.24059,442.9302581,5.032239415,202468.1,547958.56,2022822,3,8665310,412633.8,743516.2,1846778,558,10700000,346152.47,685010.5,2022822,3,0,0,0,0,712,1032,2.0501716,2.9820678,0,976,86.41818,188.2012,35419.69,0,0,0,1,0,0,0,0,1,88.01852,91.27273,85.78125,0,0,0,0,0,0,22,2008,32,2745,29200,247,16,32,0.0,0.0,0,0,0.0,0.0,0,0
6,12419047,21,31,2008,2745,640,0,95.61905,140.04517,976,0,88.548386,223.315,382.7185774,4.187116773,243510.72,655151.1,2531758,3,10200000,510876.6,907977.5,2578337,404,12400000,413964.5,816825.3,2531758,3,0,0,0,0,680,1000,1.690951,2.4961658,0,976,89.679245,191.00763,36483.914,0,0,0,1,0,0,0,0,1,91.40385,95.61905,88.548386,0,0,0,0,0,0,21,2008,31,2745,29200,247,16,32,0.0,0.0,0,0,0.0,0.0,0,0
6,11669595,21,32,2008,2745,640,0,95.61905,140.04517,976,0,85.78125,220.24059,407.2977683,4.541717172,224415.28,607415.2,2233386,4,10200000,509411.5,898594.94,2301167,270,11700000,376436.1,753774.06,2233386,4,0,0,0,0,680,1032,1.7995483,2.742169,0,976,88.01852,189.59027,35944.473,0,0,0,1,0,0,0,0,1,89.679245,95.61905,85.78125,0,0,0,0,0,0,21,2008,32,2745,29200,247,16,32,0.0,0.0,0,0,0.0,0.0,0,0
6,12389018,21,32,2008,2745,640,0,95.61905,140.04517,976,0,85.78125,220.24059,383.646226,4.277982323,238250.34,645915.75,2416011,3,10400000,518231.9,923190.4,2481873,60,12400000,399641.53,801710.75,2416011,3,0,0,0,0,680,1032,1.6950496,2.5829327,0,976,88.01852,189.59027,35944.473,0,0,0,1,0,0,0,0,1,89.679245,95.61905,85.78125,0,0,0,0,0,0,21,2008,32,2745,29200,247,16,32,0.0,0.0,0,0,0.0,0.0,0,0
6,13286982,21,32,2008,2745,640,0,95.61905,140.04517,976,0,85.78125,220.24059,357.7185549,3.988866697,255518.89,688742.75,2414258,4,11300000,566135.0,991368.1,2462306,778,13300000,428609.22,854327.44,2414258,4,0,0,0,0,680,1032,1.5804944,2.4083724,0,976,88.01852,189.59027,35944.473,0,0,0,1,0,0,0,0,1,89.679245,95.61905,85.78125,0,0,0,0,0,0,21,2008,32,2745,29200,247,16,32,0.0,0.0,0,0,0.0,0.0,0,0
6,13149110,22,32,2008,2745,640,0,91.27273,138.18214,976,0,85.78125,220.24059,361.4693314,4.106741825,248096.42,683570.6,2580223,3,11500000,545548.3,996570.0,2633627,228,13100000,424160.88,856111.9,2580223,3,0,0,0,0,712,1032,1.673117,2.4336247,0,976,86.41818,188.2012,35419.69,0,0,0,1,0,0,0,0,1,88.01852,91.27273,85.78125,0,0,0,0,0,0,22,2008,32,2745,29200,247,16,32,0.0,0.0,0,0,0.0,0.0,0,0
6,81,1,1,0,0,0,0,0.0,0.0,0,0,0.0,0.0,0.0,24691.35802,81.0,0.0,81,81,0,0.0,0.0,0,0,0,0.0,0.0,0,0,0,0,0,0,32,32,12345.679,12345.679,0,0,0.0,0.0,0.0,0,0,0,0,1,1,0,0,1,0.0,0.0,0.0,0,0,0,0,0,0,1,0,1,0,259,247,0,32,0.0,0.0,0,0,0.0,0.0,0,0
6,13701720,21,31,2008,2745,640,0,95.61905,140.04517,976,0,88.548386,223.315,346.8907553,3.795143967,268661.2,714970.1,2431501,3,11200000,562287.4,983536.2,2481881,274,13700000,456720.4,890335.9,2431501,3,0,0,0,0,680,1000,1.5326543,2.2624896,0,976,89.679245,191.00763,36483.914,0,0,0,1,0,0,0,0,1,91.40385,95.61905,88.548386,0,0,0,0,0,0,21,2008,31,2745,29200,247,16,32,0.0,0.0,0,0,0.0,0.0,0,0
6,11672763,20,33,2008,2745,640,0,100.4,141.91414,976,0,83.181816,217.28574,407.1872272,4.540484545,224476.22,603410.2,2219931,11,9976706,525089.8,894710.9,2298001,970,11700000,364771.72,739155.25,2219931,48,0,0,0,0,648,1064,1.7133904,2.827094,0,976,88.01852,189.59027,35944.473,0,0,0,1,0,0,0,0,1,89.679245,100.4,83.181816,0,0,0,0,0,0,20,2008,33,2745,29200,247,16,32,0.0,0.0,0,0,0.0,0.0,0,0
6,88,1,1,0,0,0,0,0.0,0.0,0,0,0.0,0.0,0.0,22727.27273,88.0,0.0,88,88,0,0.0,0.0,0,0,0,0.0,0.0,0,0,0,0,0,0,32,32,11363.637,11363.637,0,0,0.0,0.0,0.0,0,0,0,0,1,1,0,0,1,0.0,0.0,0.0,0,0,0,0,0,0,1,0,1,0,259,247,0,32,0.0,0.0,0,0,0.0,0.0,0,0
6,11965526,19,31,2008,2745,640,0,105.68421,143.7672,976,0,88.548386,223.315,397.2244931,4.178671293,244194.4,645100.25,2524528,19,10100000,558754.3,939738.44,2600443,273,12000000,398848.0,790626.7,2524528,43,0,0,0,0,616,1000,1.587895,2.5907762,0,976,93.196075,193.9303,37608.96,0,0,0,1,0,0,0,0,1,95.06,105.68421,88.548386,0,0,0,0,0,0,19,2008,31,2745,29200,247,16,32,0.0,0.0,0,0,0.0,0.0,0,0
6,11741901,21,33,2008,2745,640,0,95.61905,140.04517,976,0,83.181816,217.28574,404.7896503,4.598914605,221545.3,596259.25,2128052,3,9742583,487129.16,847043.9,2186868,3,11700000,366931.25,735885.0,2128052,3,0,0,0,0,680,1064,1.7884668,2.810448,0,976,86.41818,188.2012,35419.69,0,0,0,1,0,0,0,0,1,88.01852,95.61905,83.181816,0,0,0,0,0,0,21,2008,33,2745,29200,247,16,32,0.0,0.0,0,0,0.0,0.0,0,0
6,12531389,21,32,2008,2745,640,0,95.61905,140.04517,976,0,85.78125,220.24059,379.2875634,4.22937952,240988.25,654632.3,2544663,3,9945313,497265.66,869448.7,2101281,511,12500000,404231.72,812666.25,2544663,3,0,0,0,0,680,1032,1.6757919,2.5535877,0,976,88.01852,189.59027,35944.473,0,0,0,1,0,0,0,0,1,89.679245,95.61905,85.78125,0,0,0,0,0,0,21,2008,32,2745,29200,247,16,32,0.0,0.0,0,0,0.0,0.0,0,0
6,10520193,21,32,2008,2745,640,0,95.61905,140.04517,976,0,85.78125,220.24059,451.797795,5.037930388,202311.4,550966.44,2182862,3,9072873,453643.66,808467.7,2246700,564,10500000,339356.44,684177.44,2182862,3,0,0,0,0,680,1032,1.9961611,3.0417693,0,976,88.01852,189.59027,35944.473,0,0,0,1,0,0,0,0,1,89.679245,95.61905,85.78125,0,0,0,0,0,0,21,2008,32,2745,29200,247,16,32,0.0,0.0,0,0,0.0,0.0,0,0
6,12362078,21,32,2008,2745,640,0,95.61905,140.04517,976,0,85.78125,220.24059,384.4822853,4.287305095,237732.27,647153.7,2421836,3,11000000,549860.0,966731.94,2480657,260,12400000,398774.03,803558.4,2421836,3,0,0,0,0,680,1032,1.6987436,2.5885615,0,976,88.01852,189.59027,35944.473,0,0,0,1,0,0,0,0,1,89.679245,95.61905,85.78125,0,0,0,0,0,0,21,2008,32,2745,29200,247,16,32,0.0,0.0,0,0,0.0,0.0,0,0
6,13551368,21,32,2008,2745,640,0,95.61905,140.04517,976,0,85.78125,220.24059,350.7394973,3.911044258,260603.23,704195.56,2490618,19,11400000,569510.8,1006634.1,2564425,479,13600000,437136.9,873706.25,2490618,19,0,0,0,0,680,1032,1.549659,2.361385,0,976,88.01852,189.59027,35944.473,0,0,0,1,0,0,0,0,1,89.679245,95.61905,85.78125,0,0,0,0,0,0,21,2008,32,2745,29200,247,16,32,0.0,0.0,0,0,0.0,0.0,0,0
6,13709484,21,32,2008,2745,640,0,95.61905,140.04517,976,0,85.78125,220.24059,346.694303,3.865936894,263643.94,710644.0,2519868,2,11300000,564576.56,992627.94,2589962,602,13700000,442238.44,881537.4,2519868,2,0,0,0,0,680,1032,1.5317863,2.3341506,0,976,88.01852,189.59027,35944.473,0,0,0,1,0,0,0,0,1,89.679245,95.61905,85.78125,0,0,0,0,0,0,21,2008,32,2745,29200,247,16,32,0.0,0.0,0,0,0.0,0.0,0,0
6,12596919,25,32,2008,2745,640,0,80.32,132.755,976,0,85.78125,220.24059,377.3144846,4.524915974,224944.98,629128.94,2313294,16,10300000,427520.6,836607.2,2397910,16,12600000,406349.12,806092.5,2313294,34,0,0,0,0,808,1032,1.9846122,2.5403037,0,976,81.94827,184.19617,33928.227,0,0,0,1,0,0,0,0,1,83.38596,80.32,85.78125,0,0,0,0,0,0,25,2008,32,2745,29200,247,16,32,0.0,0.0,0,0,0.0,0.0,0,0
6,13184401,23,31,2008,2745,640,0,87.304344,136.33997,976,0,88.548386,223.315,360.5017778,4.095749212,248762.28,688411.3,2796203,1,11400000,517559.0,981243.25,2864730,236,13200000,439476.7,873645.3,2796203,1,0,0,0,0,744,1000,1.7444857,2.3512635,0,976,86.41818,188.2012,35419.69,0,0,0,1,0,0,0,0,1,88.01852,87.304344,88.548386,0,0,0,0,0,0,23,2008,31,2745,29200,247,16,32,0.0,0.0,0,0,0.0,0.0,0,0
6,11634161,22,32,2008,2745,640,0,91.27273,138.18214,976,0,85.78125,220.24059,408.5382693,4.641503586,219512.47,601961.44,2232292,4,9985365,475493.56,867702.6,2301317,427,11600000,375292.28,753545.5,2232292,4,0,0,0,0,712,1032,1.890983,2.7505207,0,976,86.41818,188.2012,35419.69,0,0,0,1,0,0,0,0,1,88.01852,91.27273,85.78125,0,0,0,0,0,0,22,2008,32,2745,29200,247,16,32,0.0,0.0,0,0,0.0,0.0,0,0
6,13285940,22,32,2008,2745,640,0,91.27273,138.18214,976,0,85.78125,220.24059,357.7466103,4.064447077,250678.11,675857.7,2305174,3,11100000,528181.8,946804.25,2372884,539,13300000,428574.97,844525.9,2305174,3,0,0,0,0,712,1032,1.6558858,2.4085612,0,976,86.41818,188.2012,35419.69,0,0,0,1,0,0,0,0,1,88.01852,91.27273,85.78125,0,0,0,0,0,0,22,2008,32,2745,29200,247,16,32,0.0,0.0,0,0,0.0,0.0,0,0
6,12445841,21,32,2008,2745,640,0,95.61905,140.04517,976,0,85.78125,220.24059,381.8946426,4.258450674,239343.1,655400.6,2472260,3,10800000,538750.9,959413.75,2516488,322,12400000,401476.0,814287.2,2472260,3,0,0,0,0,680,1032,1.6873107,2.57114,0,976,88.01852,189.59027,35944.473,0,0,0,1,0,0,0,0,1,89.679245,95.61905,85.78125,0,0,0,0,0,0,21,2008,32,2745,29200,247,16,32,0.0,0.0,0,0,0.0,0.0,0,0
6,11823814,21,32,2008,2745,640,0,95.61905,140.04517,976,0,85.78125,220.24059,401.9853492,4.482479173,227381.03,612042.25,2296833,21,10200000,510625.0,896270.5,2365889,483,11800000,381408.06,759077.2,2296833,21,0,0,0,0,680,1032,1.7760767,2.7064025,0,976,88.01852,189.59027,35944.473,0,0,0,1,0,0,0,0,1,89.679245,95.61905,85.78125,0,0,0,0,0,0,21,2008,32,2745,29200,247,16,32,0.0,0.0,0,0,0.0,0.0,0,0
6,117,1,1,0,0,0,0,0.0,0.0,0,0,0.0,0.0,0.0,17094.01709,117.0,0.0,117,117,0,0.0,0.0,0,0,0,0.0,0.0,0,0,0,0,0,0,32,32,8547.009,8547.009,0,0,0.0,0.0,0.0,0,0,0,0,1,1,0,0,1,0.0,0.0,0.0,0,0,0,0,0,0,1,0,1,0,259,247,0,32,0.0,0.0,0,0,0.0,0.0,0,0
6,12120727,21,32,2008,2745,640,0,95.61905,140.04517,976,0,85.78125,220.24059,392.1381944,4.372675005,233090.9,650070.56,2896792,28,10400000,520728.56,957075.1,2965055,308,12100000,390985.72,809140.1,2896792,28,0,0,0,0,680,1032,1.7325693,2.6401057,0,976,88.01852,189.59027,35944.473,0,0,0,1,0,0,0,0,1,89.679245,95.61905,85.78125,0,0,0,0,0,0,21,2008,32,2745,29200,247,16,32,0.0,0.0,0,0,0.0,0.0,0,0
6,14144406,22,32,2008,2745,640,0,91.27273,138.18214,976,0,85.78125,220.24059,336.0339063,3.817763715,266875.6,724574.4,2444281,4,11700000,557985.7,1005050.06,2489371,391,14100000,456266.3,906040.4,2444281,4,0,0,0,0,712,1032,1.5553852,2.2623785,0,976,86.41818,188.2012,35419.69,0,0,0,1,0,0,0,0,1,88.01852,91.27273,85.78125,0,0,0,0,0,0,22,2008,32,2745,29200,247,16,32,0.0,0.0,0,0,0.0,0.0,0,0
6,11793124,22,32,2008,2745,640,0,91.27273,138.18214,976,0,85.78125,220.24059,403.0314614,4.578939389,222511.78,600994.4,2224223,3,10100000,480794.25,869201.7,2300909,944,11800000,380419.47,751211.2,2224223,3,0,0,0,0,712,1032,1.8654938,2.7134457,0,976,86.41818,188.2012,35419.69,0,0,0,1,0,0,0,0,1,88.01852,91.27273,85.78125,0,0,0,0,0,0,22,2008,32,2745,29200,247,16,32,0.0,0.0,0,0,0.0,0.0,0,0
6,12749283,22,32,2008,2745,640,0,91.27273,138.18214,976,0,85.78125,220.24059,372.8052785,4.235532304,240552.52,659128.1,2430177,3,10300000,489345.1,893853.4,2454871,508,12700000,411262.88,825056.1,2430177,3,0,0,0,0,712,1032,1.7255872,2.5099452,0,976,86.41818,188.2012,35419.69,0,0,0,1,0,0,0,0,1,88.01852,91.27273,85.78125,0,0,0,0,0,0,22,2008,32,2745,29200,247,16,32,0.0,0.0,0,0,0.0,0.0,0,0
6,12280461,21,32,2008,2745,640,0,95.61905,140.04517,976,0,85.78125,220.24059,387.0375876,4.315798894,236162.72,636359.25,2208261,3,10000000,501530.25,882097.0,2257755,364,12300000,396139.56,789321.94,2208261,3,0,0,0,0,680,1032,1.7100335,2.6057653,0,976,88.01852,189.59027,35944.473,0,0,0,1,0,0,0,0,1,89.679245,95.61905,85.78125,0,0,0,0,0,0,21,2008,32,2745,29200,247,16,32,0.0,0.0,0,0,0.0,0.0,0,0
6,12025538,23,32,2008,2745,640,0,87.304344,136.33997,976,0,85.78125,220.24059,395.2421921,4.57359995,222695.14,613951.9,2480061,17,10100000,460841.72,868586.2,2559967,254,12000000,387916.0,774485.75,2480061,17,0,0,0,0,744,1032,1.9125963,2.6610036,0,976,84.875,186.83966,34909.06,0,0,0,1,0,0,0,0,1,86.41818,87.304344,85.78125,0,0,0,0,0,0,23,2008,32,2745,29200,247,16,32,0.0,0.0,0,0,0.0,0.0,0,0
6,11708213,21,32,2008,2745,640,0,95.61905,140.04517,976,0,85.78125,220.24059,405.9543502,4.526736915,225157.94,610473.25,2322766,3,9344020,467201.0,823814.75,2216660,483,11700000,377680.47,757708.75,2322766,3,0,0,0,0,680,1032,1.7936127,2.7331243,0,976,88.01852,189.59027,35944.473,0,0,0,1,0,0,0,0,1,89.679245,95.61905,85.78125,0,0,0,0,0,0,21,2008,32,2745,29200,247,16,32,0.0,0.0,0,0,0.0,0.0,0,0
6,11835570,19,31,2008,2745,640,0,105.68421,143.7672,976,0,88.548386,223.315,401.5860664,4.224553613,241542.25,633567.8,2240245,3,10200000,565514.3,932360.2,2289933,335,11800000,394514.28,775929.2,2240245,3,0,0,0,0,616,1000,1.6053303,2.6192234,0,976,93.196075,193.9303,37608.96,0,0,0,1,0,0,0,0,1,95.06,105.68421,88.548386,0,0,0,0,0,0,19,2008,31,2745,29200,247,16,32,0.0,0.0,0,0,0.0,0.0,0,0
6,13909522,22,33,2008,2745,640,0,91.27273,138.18214,976,0,83.181816,217.28574,341.7083635,3.954125814,257583.73,712674.4,2604226,18,11400000,544374.25,985666.75,2648554,290,13900000,434670.3,888456.6,2604226,18,0,0,0,0,712,1064,1.5816504,2.3724754,0,976,84.875,186.83966,34909.06,0,0,0,1,0,0,0,0,1,86.41818,91.27273,83.181816,0,0,0,0,0,0,22,2008,33,2745,29200,247,16,32,0.0,0.0,0,0,0.0,0.0,0,0
6,84,1,1,0,0,0,0,0.0,0.0,0,0,0.0,0.0,0.0,23809.52381,84.0,0.0,84,84,0,0.0,0.0,0,0,0,0.0,0.0,0,0,0,0,0,0,32,32,11904.762,11904.762,0,0,0.0,0.0,0.0,0,0,0,0,1,1,0,0,1,0.0,0.0,0.0,0,0,0,0,0,0,1,0,1,0,259,257,0,32,0.0,0.0,0,0,0.0,0.0,0,0
6,12466550,19,31,2008,2745,640,0,105.68421,143.7672,976,0,88.548386,223.315,381.2602524,4.010732721,254419.39,670395.06,2438291,4,10200000,569191.25,948930.75,2502224,483,12500000,415548.72,821432.6,2438291,4,0,0,0,0,616,1000,1.5240785,2.4866543,0,976,93.196075,193.9303,37608.96,0,0,0,1,0,0,0,0,1,95.06,105.68421,88.548386,0,0,0,0,0,0,19,2008,31,2745,29200,247,16,32,0.0,0.0,0,0,0.0,0.0,0,0
6,13364170,19,32,2024,2745,640,0,106.52631,143.85307,976,0,85.78125,220.24059,356.8496959,3.816174143,267283.4,706506.44,2466367,3,11000000,609491.75,1001824.75,2517197,682,13400000,431097.9,861623.9,2466367,3,0,0,0,0,616,1032,1.4217119,2.394462,0,976,91.71154,192.5004,37056.406,0,0,0,1,0,0,0,0,1,93.5098,106.52631,85.78125,0,0,0,0,0,0,19,2024,32,2745,29200,257,16,32,0.0,0.0,0,0,0.0,0.0,0,0
6,11471927,21,32,2008,2745,640,0,95.61905,140.04517,976,0,85.78125,220.24059,414.3157466,4.61997361,220613.98,599927.3,2198922,3,10000000,500443.25,882688.44,2247583,332,11500000,370057.47,744845.9,2198922,3,0,0,0,0,680,1032,1.8305556,2.789418,0,976,88.01852,189.59027,35944.473,0,0,0,1,0,0,0,0,1,89.679245,95.61905,85.78125,0,0,0,0,0,0,21,2008,32,2745,29200,247,16,32,0.0,0.0,0,0,0.0,0.0,0,0
6,11769176,21,32,2008,2745,640,0,95.61905,140.04517,976,0,85.78125,220.24059,403.8515526,4.50328893,226330.31,615739.6,2279932,4,9686308,484315.4,864319.6,2332327,356,11800000,379647.78,764506.7,2279932,4,0,0,0,0,680,1032,1.784322,2.718967,0,976,88.01852,189.59027,35944.473,0,0,0,1,0,0,0,0,1,89.679245,95.61905,85.78125,0,0,0,0,0,0,21,2008,32,2745,29200,247,16,32,0.0,0.0,0,0,0.0,0.0,0,0
6,11448916,22,32,2008,2745,640,0,91.27273,138.18214,976,0,85.78125,220.24059,415.1484734,4.716603738,216017.28,589984.06,2328172,4,9863516,469691.25,855727.0,2401230,365,11400000,369316.25,738255.4,2328172,4,0,0,0,0,712,1032,1.9215792,2.7950244,0,976,86.41818,188.2012,35419.69,0,0,0,1,0,0,0,0,1,88.01852,91.27273,85.78125,0,0,0,0,0,0,22,2008,32,2745,29200,247,16,32,0.0,0.0,0,0,0.0,0.0,0,0
6,12798179,21,32,2008,2745,640,0,95.61905,140.04517,976,0,85.78125,220.24059,371.3809597,4.141214152,246118.83,666909.4,2568038,3,10600000,527896.5,935096.2,2616359,374,12800000,412840.22,827695.0,2568038,3,0,0,0,0,680,1032,1.6408584,2.5003557,0,976,88.01852,189.59027,35944.473,0,0,0,1,0,0,0,0,1,89.679245,95.61905,85.78125,0,0,0,0,0,0,21,2008,32,2745,29200,247,16,32,0.0,0.0,0,0,0.0,0.0,0,0
6,10641596,19,31,2008,2745,640,0,105.68421,143.7672,976,0,88.548386,223.315,446.6435298,4.698543339,217175.42,563370.2,1935080,3,9116222,506456.78,832018.25,2000829,315,10600000,354716.2,689169.44,1935080,3,0,0,0,0,616,1000,1.7854465,2.913097,0,976,93.196075,193.9303,37608.96,0,0,0,1,0,0,0,0,1,95.06,105.68421,88.548386,0,0,0,0,0,0,19,2008,31,2745,29200,247,16,32,0.0,0.0,0,0,0.0,0.0,0,0
6,11898324,21,32,2008,2745,640,0,95.61905,140.04517,976,0,85.78125,220.24059,399.4680259,4.454408873,228813.92,630629.8,2627540,3,10500000,524167.5,938696.25,2698141,404,11900000,383814.1,784043.44,2627540,3,0,0,0,0,680,1032,1.7649544,2.6894543,0,976,88.01852,189.59027,35944.473,0,0,0,1,0,0,0,0,1,89.679245,95.61905,85.78125,0,0,0,0,0,0,21,2008,32,2745,29200,247,16,32,0.0,0.0,0,0,0.0,0.0,0,0
6,10783497,19,31,2008,2745,640,0,105.68421,143.7672,976,0,88.548386,223.315,440.7661077,4.636714787,220071.38,574129.25,2008272,3,9123502,506861.22,840151.9,2082934,346,10800000,359444.34,702747.5,2008272,3,0,0,0,0,616,1000,1.7619516,2.8747633,0,976,93.196075,193.9303,37608.96,0,0,0,1,0,0,0,0,1,95.06,105.68421,88.548386,0,0,0,0,0,0,19,2008,31,2745,29200,247,16,32,0.0,0.0,0,0,0.0,0.0,0,0
6,11566798,23,31,2008,2745,640,0,87.304344,136.33997,976,0,88.548386,223.315,410.9175245,4.668534888,218241.47,596471.6,2389267,3,10200000,464667.12,868783.56,2464671,312,11600000,385556.72,755882.9,2389267,3,0,0,0,0,744,1000,1.98845,2.680085,0,976,86.41818,188.2012,35419.69,0,0,0,1,0,0,0,0,1,88.01852,87.304344,88.548386,0,0,0,0,0,0,23,2008,31,2745,29200,247,16,32,0.0,0.0,0,0,0.0,0.0,0,0
6,14195391,21,32,2008,2745,640,0,95.61905,140.04517,976,0,85.78125,220.24059,334.8269872,3.733606211,272988.28,742883.3,2740310,3,11400000,571613.9,1013528.2,2806832,585,14200000,457911.75,922375.5,2740310,3,0,0,0,0,680,1032,1.4793534,2.254253,0,976,88.01852,189.59027,35944.473,0,0,0,1,0,0,0,0,1,89.679245,95.61905,85.78125,0,0,0,0,0,0,21,2008,32,2745,29200,247,16,32,0.0,0.0,0,0,0.0,0.0,0,0
6,11778305,21,32,2008,2745,640,0,95.61905,140.04517,976,0,85.78125,220.24059,403.5385397,4.49979857,226505.86,611061.3,2296190,4,9992927,499646.34,882929.1,2364463,270,11800000,379943.6,758036.6,2296190,4,0,0,0,0,680,1032,1.7829391,2.7168596,0,976,88.01852,189.59027,35944.473,0,0,0,1,0,0,0,0,1,89.679245,95.61905,85.78125,0,0,0,0,0,0,21,2008,32,2745,29200,247,16,32,0.0,0.0,0,0,0.0,0.0,0,0
6,2138428,20,18,2296,3069,1432,0,114.8,326.73724,976,0,170.5,307.38983,2508.852297,17.77006287,57795.35,263582.56,1608318,3,2138428,112548.84,366369.56,1608318,4,2097967,123409.82,396752.03,1655800,3,0,0,0,0,648,584,9.352665,8.417398,0,1432,137.5641,311.34283,96934.36,0,0,0,1,0,0,0,0,0,141.1842,114.8,170.5,0,0,0,0,0,0,20,2296,18,3069,29200,272,9,32,0.0,0.0,0,0,0.0,0.0,0,0
6,11590395,23,32,2008,2745,640,0,87.304344,136.33997,976,0,85.78125,220.24059,410.0809334,4.745308508,214636.94,587451.44,2067793,4,9606791,436672.3,810931.06,2115928,389,11600000,373879.97,740488.56,2067793,4,0,0,0,0,744,1032,1.9844017,2.7609067,0,976,84.875,186.83966,34909.06,0,0,0,1,0,0,0,0,1,86.41818,87.304344,85.78125,0,0,0,0,0,0,23,2008,32,2745,29200,247,16,32,0.0,0.0,0,0,0.0,0.0,0,0
6,13218309,21,32,2008,2745,640,0,95.61905,140.04517,976,0,85.78125,220.24059,359.5770079,4.009590032,254198.25,684533.0,2412438,20,11000000,548020.44,960493.4,2464107,273,13200000,426392.62,849011.4,2412438,20,0,0,0,0,680,1032,1.5887055,2.4208846,0,976,88.01852,189.59027,35944.473,0,0,0,1,0,0,0,0,1,89.679245,95.61905,85.78125,0,0,0,0,0,0,21,2008,32,2745,29200,247,16,32,0.0,0.0,0,0,0.0,0.0,0,0
6,11155899,19,31,2008,2745,640,0,105.68421,143.7672,976,0,88.548386,223.315,426.0526202,4.481933729,227671.4,605448.25,2262130,3,9108338,506018.78,855706.7,2318078,339,11200000,371858.9,742534.1,2262130,3,0,0,0,0,616,1000,1.7031348,2.7787988,0,976,93.196075,193.9303,37608.96,0,0,0,1,0,0,0,0,1,95.06,105.68421,88.548386,0,0,0,0,0,0,19,2008,31,2745,29200,247,16,32,0.0,0.0,0,0,0.0,0.0,0,0
6,11507937,21,32,2024,2745,640,0,96.38095,140.18219,976,0,85.78125,220.24059,414.4096375,4.605517044,221306.48,600683.8,2320030,2,9881694,494084.7,874824.4,2364788,420,11500000,371221.34,745634.0,2320030,3,0,0,0,0,680,1032,1.8248276,2.7806895,0,976,88.31481,189.64096,35963.69,0,0,0,1,0,0,0,0,1,89.98113,96.38095,85.78125,0,0,0,0,0,0,21,2024,32,2745,29200,257,16,32,0.0,0.0,0,0,0.0,0.0,0,0
6,6114814,17,19,1480,2297,640,0,87.05882,159.19504,976,0,120.89474,281.57828,617.6802761,5.88734179,174708.97,541158.2,2056251,17,6114814,382175.88,792052.7,2115372,510,6013713,334095.16,728145.44,2056251,64,0,0,0,0,552,616,2.7801337,3.1072083,0,976,102.08108,226.91315,51489.58,0,0,0,1,0,0,0,0,1,104.916664,87.05882,120.89474,0,0,0,0,0,0,17,1480,19,2297,29200,247,10,32,0.0,0.0,0,0,0.0,0.0,0,0
6,58,1,1,0,0,0,0,0.0,0.0,0,0,0.0,0.0,0.0,34482.75862,58.0,0.0,58,58,0,0.0,0.0,0,0,0,0.0,0.0,0,0,0,0,0,0,32,32,17241.379,17241.379,0,0,0.0,0.0,0.0,0,0,0,0,1,1,0,0,1,0.0,0.0,0.0,0,0,0,0,0,0,1,0,1,0,259,247,0,32,0.0,0.0,0,0,0.0,0.0,0,0
6,25,1,1,0,0,0,0,0.0,0.0,0,0,0.0,0.0,0.0,80000.0,25.0,0.0,25,25,0,0.0,0.0,0,0,0,0.0,0.0,0,0,0,0,0,0,32,32,40000.0,40000.0,0,0,0.0,0.0,0.0,0,0,0,0,1,1,0,0,1,0.0,0.0,0.0,0,0,0,0,0,0,1,0,1,0,259,247,0,32,0.0,0.0,0,0,0.0,0.0,0,0
6,11043425,19,31,2008,2745,640,0,105.68421,143.7672,976,0,88.548386,223.315,430.3918395,4.527580891,225376.02,586450.1,2098835,4,9543096,530172.0,871943.56,2158008,272,11000000,368110.28,717635.5,2098835,4,0,0,0,0,616,1000,1.7204807,2.8071,0,976,93.196075,193.9303,37608.96,0,0,0,1,0,0,0,0,1,95.06,105.68421,88.548386,0,0,0,0,0,0,19,2008,31,2745,29200,247,16,32,0.0,0.0,0,0,0.0,0.0,0,0
6,11799391,23,32,2008,2745,640,0,87.304344,136.33997,976,0,85.78125,220.24059,402.8173996,4.661257517,218507.23,602664.06,2200211,3,9557549,434434.03,815087.3,2235179,378,11800000,380621.28,760282.56,2200211,3,0,0,0,0,744,1032,1.9492532,2.7120044,0,976,84.875,186.83966,34909.06,0,0,0,1,0,0,0,0,1,86.41818,87.304344,85.78125,0,0,0,0,0,0,23,2008,32,2745,29200,247,16,32,0.0,0.0,0,0,0.0,0.0,0,0
6,12054231,21,32,2008,2745,640,0,95.61905,140.04517,976,0,85.78125,220.24059,394.3013868,4.396796444,231812.14,637950.1,2716346,14,9927081,496354.06,897151.1,2776550,340,12100000,388843.25,793008.94,2716346,27,0,0,0,0,680,1032,1.742127,2.6546695,0,976,88.01852,189.59027,35944.473,0,0,0,1,0,0,0,0,1,89.679245,95.61905,85.78125,0,0,0,0,0,0,21,2008,32,2745,29200,247,16,32,0.0,0.0,0,0,0.0,0.0,0,0
6,58,1,1,0,0,0,0,0.0,0.0,0,0,0.0,0.0,0.0,34482.75862,58.0,0.0,58,58,0,0.0,0.0,0,0,0,0.0,0.0,0,0,0,0,0,0,32,32,17241.379,17241.379,0,0,0.0,0.0,0.0,0,0,0,0,1,1,0,0,1,0.0,0.0,0.0,0,0,0,0,0,0,1,0,1,0,259,257,0,32,0.0,0.0,0,0,0.0,0.0,0,0
6,11192026,21,32,2008,2745,640,0,95.61905,140.04517,976,0,85.78125,220.24059,424.6773551,4.735514374,215231.27,585211.2,2174532,3,9902491,495124.56,872056.56,2216974,642,11200000,361027.75,726569.44,2174532,3,0,0,0,0,680,1032,1.8763359,2.8591785,0,976,88.01852,189.59027,35944.473,0,0,0,1,0,0,0,0,1,89.679245,95.61905,85.78125,0,0,0,0,0,0,21,2008,32,2745,29200,247,16,32,0.0,0.0,0,0,0.0,0.0,0,0
6,5552319,3,1,0,0,0,0,0.0,0.0,0,0,0.0,0.0,0.0,0.720419702,1850773.0,3204839.5,5551403,94,5552319,2776159.5,3924787.0,5551403,916,0,0.0,0.0,0,0,0,0,0,0,104,40,0.5403148,0.18010493,0,0,0.0,0.0,0.0,0,0,0,1,0,0,0,0,0,0.0,0.0,0.0,0,0,0,0,0,0,3,0,1,0,29200,28960,0,32,0.0,0.0,0,0,0.0,0.0,0,0
6,31,1,1,0,0,0,0,0.0,0.0,0,0,0.0,0.0,0.0,64516.12903,31.0,0.0,31,31,0,0.0,0.0,0,0,0,0.0,0.0,0,0,0,0,0,0,32,32,32258.064,32258.064,0,0,0.0,0.0,0.0,0,0,0,0,1,1,0,0,1,0.0,0.0,0.0,0,0,0,0,0,0,1,0,1,0,1444,1176,0,32,0.0,0.0,0,0,0.0,0.0,0,0
6,5380693,3,1,0,0,0,0,0.0,0.0,0,0,0.0,0.0,0.0,0.743398666,1793564.4,3105739.2,5379763,137,5380693,2690346.5,3803409.2,5379763,930,0,0.0,0.0,0,0,0,0,0,0,104,40,0.557549,0.18584967,0,0,0.0,0.0,0.0,0,0,0,1,0,0,0,0,0,0.0,0.0,0.0,0,0,0,0,0,0,3,0,1,0,29200,28960,0,32,0.0,0.0,0,0,0.0,0.0,0,0
6,5677170,3,1,0,0,0,0,0.0,0.0,0,0,0.0,0.0,0.0,0.7045764,1892390.0,3276960.5,5676298,91,5677170,2838585.0,4013132.2,5676298,872,0,0.0,0.0,0,0,0,0,0,0,104,40,0.5284323,0.1761441,0,0,0.0,0.0,0.0,0,0,0,1,0,0,0,0,0,0.0,0.0,0.0,0,0,0,0,0,0,3,0,1,0,29200,28960,0,32,0.0,0.0,0,0,0.0,0.0,0,0
6,5891644,3,1,0,0,0,0,0.0,0.0,0,0,0.0,0.0,0.0,0.678927647,1963881.4,3400830.5,5890822,111,5891644,2945822.0,4164859.0,5890822,822,0,0.0,0.0,0,0,0,0,0,0,104,40,0.50919574,0.16973191,0,0,0.0,0.0,0.0,0,0,0,1,0,0,0,0,0,0.0,0.0,0.0,0,0,0,0,0,0,3,0,1,0,29200,28960,0,32,0.0,0.0,0,0,0.0,0.0,0,0
6,5635565,3,1,0,0,0,0,0.0,0.0,0,0,0.0,0.0,0.0,0.70977799,1878521.6,3252918.2,5634668,102,5635565,2817782.5,3983677.8,5634668,897,0,0.0,0.0,0,0,0,0,0,0,104,40,0.5323335,0.1774445,0,0,0.0,0.0,0.0,0,0,0,1,0,0,0,0,0,0.0,0.0,0.0,0,0,0,0,0,0,3,0,1,0,29200,28960,0,32,0.0,0.0,0,0,0.0,0.0,0,0
6,5747997,3,1,0,0,0,0,0.0,0.0,0,0,0.0,0.0,0.0,0.695894587,1915999.0,3317853.2,5747126,157,5747997,2873998.5,4063216.0,5747126,871,0,0.0,0.0,0,0,0,0,0,0,104,40,0.5219209,0.17397365,0,0,0.0,0.0,0.0,0,0,0,1,0,0,0,0,0,0.0,0.0,0.0,0,0,0,0,0,0,3,0,1,0,29200,28960,0,32,0.0,0.0,0,0,0.0,0.0,0,0
6,5166942,3,1,0,0,0,0,0.0,0.0,0,0,0.0,0.0,0.0,0.774152294,1722314.0,2982327.2,5166009,132,5166942,2583471.0,3652260.2,5166009,933,0,0.0,0.0,0,0,0,0,0,0,104,40,0.5806142,0.19353807,0,0,0.0,0.0,0.0,0,0,0,1,0,0,0,0,0,0.0,0.0,0.0,0,0,0,0,0,0,3,0,1,0,29200,28960,0,32,0.0,0.0,0,0,0.0,0.0,0,0
6,5087312,3,1,0,0,0,0,0.0,0.0,0,0,0.0,0.0,0.0,0.786269842,1695770.6,2936385.0,5086416,143,5087312,2543656.0,3596005.8,5086416,896,0,0.0,0.0,0,0,0,0,0,0,104,40,0.58970237,0.19656746,0,0,0.0,0.0,0.0,0,0,0,1,0,0,0,0,0,0.0,0.0,0.0,0,0,0,0,0,0,3,0,1,0,29200,28960,0,32,0.0,0.0,0,0,0.0,0.0,0,0
6,5907301,3,1,0,0,0,0,0.0,0.0,0,0,0.0,0.0,0.0,0.677128184,1969100.4,3409804.2,5906403,124,5907301,2953650.5,4175822.8,5906403,898,0,0.0,0.0,0,0,0,0,0,0,104,40,0.5078461,0.16928205,0,0,0.0,0.0,0.0,0,0,0,1,0,0,0,0,0,0.0,0.0,0.0,0,0,0,0,0,0,3,0,1,0,29200,28960,0,32,0.0,0.0,0,0,0.0,0.0,0,0
6,5692832,3,1,0,0,0,0,0.0,0.0,0,0,0.0,0.0,0.0,0.702637984,1897610.6,3285998.5,5691955,129,5692832,2846416.0,4024199.8,5691955,877,0,0.0,0.0,0,0,0,0,0,0,104,40,0.5269785,0.1756595,0,0,0.0,0.0,0.0,0,0,0,1,0,0,0,0,0,0.0,0.0,0.0,0,0,0,0,0,0,3,0,1,0,29200,28960,0,32,0.0,0.0,0,0,0.0,0.0,0,0
6,5770510,3,1,0,0,0,0,0.0,0.0,0,0,0.0,0.0,0.0,0.693179632,1923503.4,3330835.5,5769621,106,5770510,2885255.0,4079109.5,5769621,889,0,0.0,0.0,0,0,0,0,0,0,104,40,0.5198847,0.1732949,0,0,0.0,0.0,0.0,0,0,0,1,0,0,0,0,0,0.0,0.0,0.0,0,0,0,0,0,0,3,0,1,0,29200,28960,0,32,0.0,0.0,0,0,0.0,0.0,0,0
6,5678643,3,1,0,0,0,0,0.0,0.0,0,0,0.0,0.0,0.0,0.704393638,1892881.0,3277947.8,5677929,117,5678643,2839321.5,4014397.2,5677929,714,0,0.0,0.0,0,0,0,0,0,0,104,40,0.5282952,0.1760984,0,0,0.0,0.0,0.0,0,0,0,1,0,0,0,0,0,0.0,0.0,0.0,0,0,0,0,0,0,3,0,1,0,29200,28960,0,32,0.0,0.0,0,0,0.0,0.0,0,0
6,5126113,3,1,0,0,0,0,0.0,0.0,0,0,0.0,0.0,0.0,0.780318343,1708704.4,2958804.0,5125237,94,5126113,2563056.5,3623470.5,5125237,876,0,0.0,0.0,0,0,0,0,0,0,104,40,0.58523875,0.19507958,0,0,0.0,0.0,0.0,0,0,0,1,0,0,0,0,0,0.0,0.0,0.0,0,0,0,0,0,0,3,0,1,0,29200,28960,0,32,0.0,0.0,0,0,0.0,0.0,0,0
6,5767254,3,1,0,0,0,0,0.0,0.0,0,0,0.0,0.0,0.0,0.693570978,1922418.0,3328963.5,5766374,154,5767254,2883627.0,4076820.0,5766374,880,0,0.0,0.0,0,0,0,0,0,0,104,40,0.52017826,0.17339274,0,0,0.0,0.0,0.0,0,0,0,1,0,0,0,0,0,0.0,0.0,0.0,0,0,0,0,0,0,3,0,1,0,29200,28960,0,32,0.0,0.0,0,0,0.0,0.0,0,0
6,34,1,1,0,0,0,0,0.0,0.0,0,0,0.0,0.0,0.0,58823.52941,34.0,0.0,34,34,0,0.0,0.0,0,0,0,0.0,0.0,0,0,0,0,0,0,32,32,29411.766,29411.766,0,0,0.0,0.0,0.0,0,0,0,0,1,1,0,0,1,0.0,0.0,0.0,0,0,0,0,0,0,1,0,1,0,237,236,0,32,0.0,0.0,0,0,0.0,0.0,0,0
6,5957089,3,1,0,0,0,0,0.0,0.0,0,0,0.0,0.0,0.0,0.6714689,1985696.4,3438543.2,5956184,140,5957089,2978544.5,4211018.0,5956184,905,0,0.0,0.0,0,0,0,0,0,0,104,40,0.5036017,0.16786723,0,0,0.0,0.0,0.0,0,0,0,1,0,0,0,0,0,0.0,0.0,0.0,0,0,0,0,0,0,3,0,1,0,29200,28960,0,32,0.0,0.0,0,0,0.0,0.0,0,0
6,68,1,1,0,0,0,0,0.0,0.0,0,0,0.0,0.0,0.0,29411.76471,68.0,0.0,68,68,0,0.0,0.0,0,0,0,0.0,0.0,0,0,0,0,0,0,32,32,14705.883,14705.883,0,0,0.0,0.0,0.0,0,0,0,0,1,1,0,0,1,0.0,0.0,0.0,0,0,0,0,0,0,1,0,1,0,237,236,0,32,0.0,0.0,0,0,0.0,0.0,0,0
6,5448625,3,1,0,0,0,0,0.0,0.0,0,0,0.0,0.0,0.0,0.73413017,1816208.4,3145026.5,5447772,150,5448625,2724312.5,3851553.2,5447772,853,0,0.0,0.0,0,0,0,0,0,0,104,40,0.5505976,0.18353254,0,0,0.0,0.0,0.0,0,0,0,1,0,0,0,0,0,0.0,0.0,0.0,0,0,0,0,0,0,3,0,1,0,29200,28960,0,32,0.0,0.0,0,0,0.0,0.0,0,0
6,5761847,3,1,0,0,0,0,0.0,0.0,0,0,0.0,0.0,0.0,0.694221835,1920615.6,3325985.5,5761133,133,5761847,2880923.5,4073231.2,5761133,714,0,0.0,0.0,0,0,0,0,0,0,104,40,0.52066636,0.17355546,0,0,0.0,0.0,0.0,0,0,0,1,0,0,0,0,0,0.0,0.0,0.0,0,0,0,0,0,0,3,0,1,0,29200,28960,0,32,0.0,0.0,0,0,0.0,0.0,0,0
6,5685339,3,1,0,0,0,0,0.0,0.0,0,0,0.0,0.0,0.0,0.703564027,1895113.0,3281676.8,5684467,117,5685339,2842669.5,4018908.5,5684467,872,0,0.0,0.0,0,0,0,0,0,0,104,40,0.527673,0.17589101,0,0,0.0,0.0,0.0,0,0,0,1,0,0,0,0,0,0.0,0.0,0.0,0,0,0,0,0,0,3,0,1,0,29200,28960,0,32,0.0,0.0,0,0,0.0,0.0,0,0
6,5905849,3,1,0,0,0,0,0.0,0.0,0,0,0.0,0.0,0.0,0.677294662,1968616.4,3408987.5,5904976,155,5905849,2952924.5,4174831.2,5904976,873,0,0.0,0.0,0,0,0,0,0,0,104,40,0.507971,0.16932367,0,0,0.0,0.0,0.0,0,0,0,1,0,0,0,0,0,0.0,0.0,0.0,0,0,0,0,0,0,3,0,1,0,29200,28960,0,32,0.0,0.0,0,0,0.0,0.0,0,0
6,33921648,203,104,43906,72188,602,0,216.28572,228.49318,1068,0,694.11536,362.62442,3422.416269,9.050267841,110855.06,290298.94,2273159,4,33900000,167914.44,343948.6,2273159,891,33900000,329335.03,449195.2,2274019,4,0,0,0,0,6504,3336,5.9843793,3.065889,0,1068,376.92856,360.66476,130079.086,0,0,0,1,0,0,0,0,0,378.15634,216.28572,694.11536,0,0,0,0,0,0,203,43906,104,72188,29200,1176,101,32,0.0,0.0,0,0,0.0,0.0,0,0
6,5240908,3,1,0,0,0,0,0.0,0.0,0,0,0.0,0.0,0.0,0.763226525,1746969.4,3025243.0,5240219,126,5240908,2620454.0,3704907.2,5240219,689,0,0.0,0.0,0,0,0,0,0,0,104,40,0.5724199,0.19080663,0,0,0.0,0.0,0.0,0,0,0,1,0,0,0,0,0,0.0,0.0,0.0,0,0,0,0,0,0,3,0,1,0,29200,28960,0,32,0.0,0.0,0,0,0.0,0.0,0,0
6,5444561,3,1,0,0,0,0,0.0,0.0,0,0,0.0,0.0,0.0,0.734678149,1814853.6,3142558.8,5443568,270,5444561,2722280.5,3848481.8,5443568,993,0,0.0,0.0,0,0,0,0,0,0,104,40,0.55100864,0.18366954,0,0,0.0,0.0,0.0,0,0,0,1,0,0,0,0,0,0.0,0.0,0.0,0,0,0,0,0,0,3,0,1,0,29200,28960,0,32,0.0,0.0,0,0,0.0,0.0,0,0
6,5452764,3,1,0,0,0,0,0.0,0.0,0,0,0.0,0.0,0.0,0.733572918,1817588.0,3147392.8,5451884,127,5452764,2726382.0,3854442.0,5451884,880,0,0.0,0.0,0,0,0,0,0,0,104,40,0.55017966,0.18339323,0,0,0.0,0.0,0.0,0,0,0,1,0,0,0,0,0,0.0,0.0,0.0,0,0,0,0,0,0,3,0,1,0,29200,28960,0,32,0.0,0.0,0,0,0.0,0.0,0,0
6,5942695,3,1,0,0,0,0,0.0,0.0,0,0,0.0,0.0,0.0,0.673095288,1980898.4,3430303.0,5941871,70,5942695,2971347.5,4200954.5,5941871,824,0,0.0,0.0,0,0,0,0,0,0,104,40,0.5048215,0.16827382,0,0,0.0,0.0,0.0,0,0,0,1,0,0,0,0,0,0.0,0.0,0.0,0,0,0,0,0,0,3,0,1,0,29200,28960,0,32,0.0,0.0,0,0,0.0,0.0,0,0
6,5976582,3,1,0,0,0,0,0.0,0.0,0,0,0.0,0.0,0.0,0.669278862,1992194.0,3449811.2,5975693,99,5976582,2988291.0,4224824.5,5975693,889,0,0.0,0.0,0,0,0,0,0,0,104,40,0.50195915,0.16731972,0,0,0.0,0.0,0.0,0,0,0,1,0,0,0,0,0,0.0,0.0,0.0,0,0,0,0,0,0,3,0,1,0,29200,28960,0,32,0.0,0.0,0,0,0.0,0.0,0,0
6,5093959,3,1,0,0,0,0,0.0,0.0,0,0,0.0,0.0,0.0,0.785243855,1697986.4,2940181.0,5093015,94,5093959,2546979.5,3600638.0,5093015,944,0,0.0,0.0,0,0,0,0,0,0,104,40,0.5889329,0.19631097,0,0,0.0,0.0,0.0,0,0,0,1,0,0,0,0,0,0.0,0.0,0.0,0,0,0,0,0,0,3,0,1,0,29200,28960,0,32,0.0,0.0,0,0,0.0,0.0,0,0
6,5474325,3,1,0,0,0,0,0.0,0.0,0,0,0.0,0.0,0.0,0.730683692,1824775.0,3159839.2,5473443,123,5474325,2737162.5,3869685.0,5473443,882,0,0.0,0.0,0,0,0,0,0,0,104,40,0.5480128,0.18267092,0,0,0.0,0.0,0.0,0,0,0,1,0,0,0,0,0,0.0,0.0,0.0,0,0,0,0,0,0,3,0,1,0,29200,28960,0,32,0.0,0.0,0,0,0.0,0.0,0,0
6,5986055,3,1,0,0,0,0,0.0,0.0,0,0,0.0,0.0,0.0,0.668219721,1995351.6,3455480.8,5985397,37,5986055,2993027.5,4231849.5,5985397,658,0,0.0,0.0,0,0,0,0,0,0,104,40,0.5011648,0.16705494,0,0,0.0,0.0,0.0,0,0,0,1,0,0,0,0,0,0.0,0.0,0.0,0,0,0,0,0,0,3,0,1,0,29200,28960,0,32,0.0,0.0,0,0,0.0,0.0,0,0
6,5451688,3,1,0,0,0,0,0.0,0.0,0,0,0.0,0.0,0.0,0.733717704,1817229.4,3146780.0,5450818,127,5451688,2725844.0,3853695.2,5450818,870,0,0.0,0.0,0,0,0,0,0,0,104,40,0.55028826,0.18342942,0,0,0.0,0.0,0.0,0,0,0,1,0,0,0,0,0,0.0,0.0,0.0,0,0,0,0,0,0,3,0,1,0,29200,28960,0,32,0.0,0.0,0,0,0.0,0.0,0,0
6,64,1,1,0,0,0,0,0.0,0.0,0,0,0.0,0.0,0.0,31250.0,64.0,0.0,64,64,0,0.0,0.0,0,0,0,0.0,0.0,0,0,0,0,0,0,32,32,15625.0,15625.0,0,0,0.0,0.0,0.0,0,0,0,0,1,1,0,0,1,0.0,0.0,0.0,0,0,0,0,0,0,1,0,1,0,237,236,0,32,0.0,0.0,0,0,0.0,0.0,0,0
6,5466824,3,1,0,0,0,0,0.0,0.0,0,0,0.0,0.0,0.0,0.731686259,1822274.6,3155640.0,5466094,132,5466824,2733412.0,3864596.0,5466094,730,0,0.0,0.0,0,0,0,0,0,0,104,40,0.5487647,0.18292156,0,0,0.0,0.0,0.0,0,0,0,1,0,0,0,0,0,0.0,0.0,0.0,0,0,0,0,0,0,3,0,1,0,29200,28960,0,32,0.0,0.0,0,0,0.0,0.0,0,0
6,5736845,3,1,0,0,0,0,0.0,0.0,0,0,0.0,0.0,0.0,0.697247355,1912281.6,3311564.5,5736147,110,5736845,2868422.5,4055575.0,5736147,698,0,0.0,0.0,0,0,0,0,0,0,104,40,0.5229355,0.17431183,0,0,0.0,0.0,0.0,0,0,0,1,0,0,0,0,0,0.0,0.0,0.0,0,0,0,0,0,0,3,0,1,0,29200,28960,0,32,0.0,0.0,0,0,0.0,0.0,0,0
6,5381787,3,1,0,0,0,0,0.0,0.0,0,0,0.0,0.0,0.0,0.74324755,1793929.0,3106317.0,5380795,210,5381787,2690893.5,3804095.2,5380795,992,0,0.0,0.0,0,0,0,0,0,0,104,40,0.5574357,0.18581189,0,0,0.0,0.0,0.0,0,0,0,1,0,0,0,0,0,0.0,0.0,0.0,0,0,0,0,0,0,3,0,1,0,29200,28960,0,32,0.0,0.0,0,0,0.0,0.0,0,0
6,5937688,3,1,0,0,0,0,0.0,0.0,0,0,0.0,0.0,0.0,0.67366288,1979229.4,3427348.0,5936790,136,5937688,2968844.0,4197309.5,5936790,898,0,0.0,0.0,0,0,0,0,0,0,104,40,0.5052472,0.16841573,0,0,0.0,0.0,0.0,0,0,0,1,0,0,0,0,0,0.0,0.0,0.0,0,0,0,0,0,0,3,0,1,0,29200,28960,0,32,0.0,0.0,0,0,0.0,0.0,0,0
6,5108635,3,1,0,0,0,0,0.0,0.0,0,0,0.0,0.0,0.0,0.782988019,1702878.4,2948737.5,5107787,124,5108635,2554317.5,3611151.2,5107787,848,0,0.0,0.0,0,0,0,0,0,0,104,40,0.587241,0.195747,0,0,0.0,0.0,0.0,0,0,0,1,0,0,0,0,0,0.0,0.0,0.0,0,0,0,0,0,0,3,0,1,0,29200,28960,0,32,0.0,0.0,0,0,0.0,0.0,0,0
6,33138583,203,104,43951,72194,602,0,216.50739,228.65117,1068,0,694.1731,362.65967,3504.826987,9.264125747,108296.02,271562.6,1272335,4,33100000,164036.25,320587.25,1272335,714,33100000,321732.5,416920.12,1273051,4,0,0,0,0,6504,3336,6.12579,3.1383357,0,1068,377.09415,360.69446,130100.49,0,0,0,1,0,0,0,0,0,378.32248,216.50739,694.1731,0,0,0,0,0,0,203,43951,104,72194,29200,1174,101,32,0.0,0.0,0,0,0.0,0.0,0,0
6,5616680,3,1,0,0,0,0,0.0,0.0,0,0,0.0,0.0,0.0,0.712164482,1872226.6,3242024.5,5615794,142,5616680,2808340.0,3970339.5,5615794,886,0,0.0,0.0,0,0,0,0,0,0,104,40,0.53412336,0.17804112,0,0,0.0,0.0,0.0,0,0,0,1,0,0,0,0,0,0.0,0.0,0.0,0,0,0,0,0,0,3,0,1,0,29200,28960,0,32,0.0,0.0,0,0,0.0,0.0,0,0
6,5277783,3,1,0,0,0,0,0.0,0.0,0,0,0.0,0.0,0.0,0.757893987,1759261.0,3046532.8,5277094,123,5277783,2638891.5,3730981.8,5277094,689,0,0.0,0.0,0,0,0,0,0,0,104,40,0.56842047,0.1894735,0,0,0.0,0.0,0.0,0,0,0,1,0,0,0,0,0,0.0,0.0,0.0,0,0,0,0,0,0,3,0,1,0,29200,28960,0,32,0.0,0.0,0,0,0.0,0.0,0,0
6,5226610,3,1,0,0,0,0,0.0,0.0,0,0,0.0,0.0,0.0,0.76531442,1742203.4,3017026.0,5225965,83,5226610,2613305.0,3694859.2,5225965,645,0,0.0,0.0,0,0,0,0,0,0,104,40,0.5739858,0.1913286,0,0,0.0,0.0,0.0,0,0,0,1,0,0,0,0,0,0.0,0.0,0.0,0,0,0,0,0,0,3,0,1,0,29200,28960,0,32,0.0,0.0,0,0,0.0,0.0,0,0
6,5733848,3,1,0,0,0,0,0.0,0.0,0,0,0.0,0.0,0.0,0.697611796,1911282.6,3309633.2,5732918,135,5733848,2866924.0,4053127.5,5732918,930,0,0.0,0.0,0,0,0,0,0,0,104,40,0.52320886,0.17440295,0,0,0.0,0.0,0.0,0,0,0,1,0,0,0,0,0,0.0,0.0,0.0,0,0,0,0,0,0,3,0,1,0,29200,28960,0,32,0.0,0.0,0,0,0.0,0.0,0,0
6,5310210,3,1,0,0,0,0,0.0,0.0,0,0,0.0,0.0,0.0,0.753265878,1770070.0,3065092.5,5309334,131,5310210,2655105.0,3753646.8,5309334,876,0,0.0,0.0,0,0,0,0,0,0,104,40,0.5649494,0.18831646,0,0,0.0,0.0,0.0,0,0,0,1,0,0,0,0,0,0.0,0.0,0.0,0,0,0,0,0,0,3,0,1,0,29200,28960,0,32,0.0,0.0,0,0,0.0,0.0,0,0
6,5346469,3,1,0,0,0,0,0.0,0.0,0,0,0.0,0.0,0.0,0.748157335,1782156.4,3086016.2,5345581,126,5346469,2673234.5,3779268.8,5345581,888,0,0.0,0.0,0,0,0,0,0,0,104,40,0.561118,0.18703933,0,0,0.0,0.0,0.0,0,0,0,1,0,0,0,0,0,0.0,0.0,0.0,0,0,0,0,0,0,3,0,1,0,29200,28960,0,32,0.0,0.0,0,0,0.0,0.0,0,0
6,5641135,3,1,0,0,0,0,0.0,0.0,0,0,0.0,0.0,0.0,0.709077163,1880378.4,3256149.5,5640256,126,5641135,2820567.5,3987641.8,5640256,879,0,0.0,0.0,0,0,0,0,0,0,104,40,0.5318079,0.1772693,0,0,0.0,0.0,0.0,0,0,0,1,0,0,0,0,0,0.0,0.0,0.0,0,0,0,0,0,0,3,0,1,0,29200,28960,0,32,0.0,0.0,0,0,0.0,0.0,0,0
6,5030324,3,1,0,0,0,0,0.0,0.0,0,0,0.0,0.0,0.0,0.795177408,1676774.6,2903494.2,5029441,134,5030324,2515162.0,3555727.5,5029441,883,0,0.0,0.0,0,0,0,0,0,0,104,40,0.59638304,0.19879435,0,0,0.0,0.0,0.0,0,0,0,1,0,0,0,0,0,0.0,0.0,0.0,0,0,0,0,0,0,3,0,1,0,29200,28960,0,32,0.0,0.0,0,0,0.0,0.0,0,0
6,5234988,3,1,0,0,0,0,0.0,0.0,0,0,0.0,0.0,0.0,0.764089622,1744996.0,3021656.2,5234104,124,5234988,2617494.0,3700445.2,5234104,884,0,0.0,0.0,0,0,0,0,0,0,104,40,0.5730672,0.19102241,0,0,0.0,0.0,0.0,0,0,0,1,0,0,0,0,0,0.0,0.0,0.0,0,0,0,0,0,0,3,0,1,0,29200,28960,0,32,0.0,0.0,0,0,0.0,0.0,0,0
6,5834382,3,1,0,0,0,0,0.0,0.0,0,0,0.0,0.0,0.0,0.685591036,1944794.0,3367844.8,5833646,157,5834382,2917191.0,4124490.2,5833646,736,0,0.0,0.0,0,0,0,0,0,0,104,40,0.5141933,0.17139776,0,0,0.0,0.0,0.0,0,0,0,1,0,0,0,0,0,0.0,0.0,0.0,0,0,0,0,0,0,3,0,1,0,29200,28960,0,32,0.0,0.0,0,0,0.0,0.0,0,0
6,5542077,3,1,0,0,0,0,0.0,0.0,0,0,0.0,0.0,0.0,0.721751069,1847359.0,3199013.0,5541261,126,5542077,2771038.5,3917686.2,5541261,816,0,0.0,0.0,0,0,0,0,0,0,104,40,0.5413133,0.18043777,0,0,0.0,0.0,0.0,0,0,0,1,0,0,0,0,0,0.0,0.0,0.0,0,0,0,0,0,0,3,0,1,0,29200,28960,0,32,0.0,0.0,0,0,0.0,0.0,0,0
6,79,1,1,0,0,0,0,0.0,0.0,0,0,0.0,0.0,0.0,25316.4557,79.0,0.0,79,79,0,0.0,0.0,0,0,0,0.0,0.0,0,0,0,0,0,0,32,32,12658.228,12658.228,0,0,0.0,0.0,0.0,0,0,0,0,1,1,0,0,1,0.0,0.0,0.0,0,0,0,0,0,0,1,0,1,0,237,236,0,32,0.0,0.0,0,0,0.0,0.0,0,0
6,5290970,3,1,0,0,0,0,0.0,0.0,0,0,0.0,0.0,0.0,0.756005043,1763656.6,3053989.5,5290100,129,5290970,2645485.0,3740050.5,5290100,870,0,0.0,0.0,0,0,0,0,0,0,104,40,0.5670038,0.18900126,0,0,0.0,0.0,0.0,0,0,0,1,0,0,0,0,0,0.0,0.0,0.0,0,0,0,0,0,0,3,0,1,0,29200,28960,0,32,0.0,0.0,0,0,0.0,0.0,0,0
6,5888298,3,1,0,0,0,0,0.0,0.0,0,0,0.0,0.0,0.0,0.679313445,1962766.0,3398877.8,5887452,103,5888298,2944149.0,4162459.0,5887452,846,0,0.0,0.0,0,0,0,0,0,0,104,40,0.50948507,0.16982836,0,0,0.0,0.0,0.0,0,0,0,1,0,0,0,0,0,0.0,0.0,0.0,0,0,0,0,0,0,3,0,1,0,29200,28960,0,32,0.0,0.0,0,0,0.0,0.0,0,0
6,5217126,3,1,0,0,0,0,0.0,0.0,0,0,0.0,0.0,0.0,0.766705654,1739042.0,3011354.0,5216254,126,5217126,2608563.0,3687832.0,5216254,872,0,0.0,0.0,0,0,0,0,0,0,104,40,0.57502925,0.19167641,0,0,0.0,0.0,0.0,0,0,0,1,0,0,0,0,0,0.0,0.0,0.0,0,0,0,0,0,0,3,0,1,0,29200,28960,0,32,0.0,0.0,0,0,0.0,0.0,0,0
6,5185118,7,7,1022,2321,372,0,146.0,184.07878,1047,0,331.57144,439.65927,644.7297824,2.700034985,398855.22,1372180.8,4963956,4,221162,36860.332,56141.02,141434,4,5185004,864167.3,2027593.4,5001548,879,0,0,0,0,232,232,1.3500175,1.3500175,0,1047,222.86667,331.32394,109775.555,0,0,0,1,0,0,0,0,1,238.78572,146.0,331.57144,0,0,0,0,0,0,7,1022,7,2321,29200,252,3,32,0.0,0.0,0,0,0.0,0.0,0,0
6,32899995,203,104,43951,72191,602,0,216.50739,228.65117,1068,0,694.1442,362.63016,3530.152512,9.331308409,107516.32,271282.1,1274694,4,32900000,162860.23,320423.5,1274694,915,32900000,319416.22,417057.22,1275550,4,0,0,0,0,6504,3336,6.1702137,3.1610947,0,1068,377.0844,360.6759,130087.12,0,0,0,1,0,0,0,0,0,378.3127,216.50739,694.1442,0,0,0,0,0,0,203,43951,104,72191,29200,1174,101,32,0.0,0.0,0,0,0.0,0.0,0,0
6,5277524,3,1,0,0,0,0,0.0,0.0,0,0,0.0,0.0,0.0,0.757931181,1759174.6,3046387.5,5276840,129,5277524,2638762.0,3730805.8,5276840,684,0,0.0,0.0,0,0,0,0,0,0,104,40,0.56844836,0.1894828,0,0,0.0,0.0,0.0,0,0,0,1,0,0,0,0,0,0.0,0.0,0.0,0,0,0,0,0,0,3,0,1,0,29200,28960,0,32,0.0,0.0,0,0,0.0,0.0,0,0
6,5754784,3,1,0,0,0,0,0.0,0.0,0,0,0.0,0.0,0.0,0.695073872,1918261.4,3321764.0,5753904,95,5754784,2877392.0,4068002.2,5753904,880,0,0.0,0.0,0,0,0,0,0,0,104,40,0.5213054,0.17376846,0,0,0.0,0.0,0.0,0,0,0,1,0,0,0,0,0,0.0,0.0,0.0,0,0,0,0,0,0,3,0,1,0,29200,28960,0,32,0.0,0.0,0,0,0.0,0.0,0,0
6,5085325,3,1,0,0,0,0,0.0,0.0,0,0,0.0,0.0,0.0,0.786577062,1695108.4,2935246.5,5084439,98,5085325,2542662.5,3594614.8,5084439,886,0,0.0,0.0,0,0,0,0,0,0,104,40,0.5899328,0.19664426,0,0,0.0,0.0,0.0,0,0,0,1,0,0,0,0,0,0.0,0.0,0.0,0,0,0,0,0,0,3,0,1,0,29200,28960,0,32,0.0,0.0,0,0,0.0,0.0,0,0
6,5238548,3,1,0,0,0,0,0.0,0.0,0,0,0.0,0.0,0.0,0.763570363,1746182.6,3023703.0,5237654,94,5238548,2619274.0,3702948.5,5237654,894,0,0.0,0.0,0,0,0,0,0,0,104,40,0.5726778,0.19089259,0,0,0.0,0.0,0.0,0,0,0,1,0,0,0,0,0,0.0,0.0,0.0,0,0,0,0,0,0,3,0,1,0,29200,28960,0,32,0.0,0.0,0,0,0.0,0.0,0,0
6,5932530,3,1,0,0,0,0,0.0,0.0,0,0,0.0,0.0,0.0,0.674248592,1977510.0,3424542.5,5931831,109,5932530,2966265.0,4193943.8,5931831,699,0,0.0,0.0,0,0,0,0,0,0,104,40,0.50568646,0.16856214,0,0,0.0,0.0,0.0,0,0,0,1,0,0,0,0,0,0.0,0.0,0.0,0,0,0,0,0,0,3,0,1,0,29200,28960,0,32,0.0,0.0,0,0,0.0,0.0,0,0
6,34522607,203,104,43951,72192,602,0,216.50739,228.65117,1068,0,694.1539,362.64297,3364.259252,8.892723542,112818.98,300147.06,2609086,4,34500000,170891.6,356060.7,2609086,730,34500000,335169.53,464950.84,2609732,4,0,0,0,0,6504,3336,5.8802047,3.0125186,0,1068,377.08768,360.6831,130092.3,0,0,0,1,0,0,0,0,0,378.31595,216.50739,694.1539,0,0,0,0,0,0,203,43951,104,72192,29200,1174,101,32,0.0,0.0,0,0,0.0,0.0,0,0
6,5997137,3,1,0,0,0,0,0.0,0.0,0,0,0.0,0.0,0.0,0.66698493,1999045.6,3461762.0,5996344,65,5997137,2998568.5,4239495.0,5996344,793,0,0.0,0.0,0,0,0,0,0,0,104,40,0.5002387,0.16674623,0,0,0.0,0.0,0.0,0,0,0,1,0,0,0,0,0,0.0,0.0,0.0,0,0,0,0,0,0,3,0,1,0,29200,28960,0,32,0.0,0.0,0,0,0.0,0.0,0,0
6,5215835,3,1,0,0,0,0,0.0,0.0,0,0,0.0,0.0,0.0,0.766895425,1738611.6,3010607.8,5214962,94,5215835,2607917.5,3686917.8,5214962,873,0,0.0,0.0,0,0,0,0,0,0,104,40,0.5751716,0.19172385,0,0,0.0,0.0,0.0,0,0,0,1,0,0,0,0,0,0.0,0.0,0.0,0,0,0,0,0,0,3,0,1,0,29200,28960,0,32,0.0,0.0,0,0,0.0,0.0,0,0
6,5430726,3,1,0,0,0,0,0.0,0.0,0,0,0.0,0.0,0.0,0.736549773,1810242.0,3134667.2,5429844,122,5430726,2715363.0,3838855.8,5429844,882,0,0.0,0.0,0,0,0,0,0,0,104,40,0.55241233,0.18413745,0,0,0.0,0.0,0.0,0,0,0,1,0,0,0,0,0,0.0,0.0,0.0,0,0,0,0,0,0,3,0,1,0,29200,28960,0,32,0.0,0.0,0,0,0.0,0.0,0,0
6,5771371,3,1,0,0,0,0,0.0,0.0,0,0,0.0,0.0,0.0,0.693076221,1923790.4,3331337.0,5770487,128,5771371,2885685.5,4079725.5,5770487,884,0,0.0,0.0,0,0,0,0,0,0,104,40,0.51980716,0.17326905,0,0,0.0,0.0,0.0,0,0,0,1,0,0,0,0,0,0.0,0.0,0.0,0,0,0,0,0,0,3,0,1,0,29200,28960,0,32,0.0,0.0,0,0,0.0,0.0,0,0
6,5360155,3,1,0,0,0,0,0.0,0.0,0,0,0.0,0.0,0.0,0.746247077,1786718.4,3093918.8,5359268,136,5360155,2680077.5,3788947.5,5359268,887,0,0.0,0.0,0,0,0,0,0,0,104,40,0.5596853,0.18656176,0,0,0.0,0.0,0.0,0,0,0,1,0,0,0,0,0,0.0,0.0,0.0,0,0,0,0,0,0,3,0,1,0,29200,28960,0,32,0.0,0.0,0,0,0.0,0.0,0,0
6,5155557,3,1,0,0,0,0,0.0,0.0,0,0,0.0,0.0,0.0,0.775861852,1718519.0,2975796.8,5154673,94,5155557,2577778.5,3644279.2,5154673,884,0,0.0,0.0,0,0,0,0,0,0,104,40,0.58189636,0.19396546,0,0,0.0,0.0,0.0,0,0,0,1,0,0,0,0,0,0.0,0.0,0.0,0,0,0,0,0,0,3,0,1,0,29200,28960,0,32,0.0,0.0,0,0,0.0,0.0,0,0
6,5857635,3,1,0,0,0,0,0.0,0.0,0,0,0.0,0.0,0.0,0.682869452,1952545.0,3381318.2,5856955,101,5857635,2928817.5,4141011.8,5856955,680,0,0.0,0.0,0,0,0,0,0,0,104,40,0.5121521,0.17071736,0,0,0.0,0.0,0.0,0,0,0,1,0,0,0,0,0,0.0,0.0,0.0,0,0,0,0,0,0,3,0,1,0,29200,28960,0,32,0.0,0.0,0,0,0.0,0.0,0,0
6,5079571,3,1,0,0,0,0,0.0,0.0,0,0,0.0,0.0,0.0,0.787468076,1693190.4,2931921.0,5078681,134,5079571,2539785.5,3590540.5,5078681,890,0,0.0,0.0,0,0,0,0,0,0,104,40,0.5906011,0.19686702,0,0,0.0,0.0,0.0,0,0,0,1,0,0,0,0,0,0.0,0.0,0.0,0,0,0,0,0,0,3,0,1,0,29200,28960,0,32,0.0,0.0,0,0,0.0,0.0,0,0
6,5686937,3,1,0,0,0,0,0.0,0.0,0,0,0.0,0.0,0.0,0.703366329,1895645.6,3282717.2,5686201,147,5686937,2843468.5,4020230.8,5686201,736,0,0.0,0.0,0,0,0,0,0,0,104,40,0.52752477,0.17584158,0,0,0.0,0.0,0.0,0,0,0,1,0,0,0,0,0,0.0,0.0,0.0,0,0,0,0,0,0,3,0,1,0,29200,28960,0,32,0.0,0.0,0,0,0.0,0.0,0,0
6,5972307,3,1,0,0,0,0,0.0,0.0,0,0,0.0,0.0,0.0,0.669757934,1990769.0,3447338.8,5971413,127,5972307,2986153.5,4221794.5,5971413,894,0,0.0,0.0,0,0,0,0,0,0,104,40,0.50231844,0.16743949,0,0,0.0,0.0,0.0,0,0,0,1,0,0,0,0,0,0.0,0.0,0.0,0,0,0,0,0,0,3,0,1,0,29200,28960,0,32,0.0,0.0,0,0,0.0,0.0,0,0
6,5197465,3,1,0,0,0,0,0.0,0.0,0,0,0.0,0.0,0.0,0.769605952,1732488.4,3000157.8,5196772,134,5197465,2598732.5,3674182.8,5196772,693,0,0.0,0.0,0,0,0,0,0,0,104,40,0.57720447,0.19240148,0,0,0.0,0.0,0.0,0,0,0,1,0,0,0,0,0,0.0,0.0,0.0,0,0,0,0,0,0,3,0,1,0,29200,28960,0,32,0.0,0.0,0,0,0.0,0.0,0,0
6,9834102,4,4,383,370,383,0,95.75,191.5,370,0,92.5,185.0,76.57028573,0.813495731,1404871.8,2398586.5,5003610,88,4830492,1610164.0,2785764.0,4826887,859,9834014,3278004.8,2838480.0,5004185,1992,0,0,0,0,136,136,0.40674788,0.40674788,0,383,83.666664,166.0527,27573.5,0,0,0,1,0,0,0,0,1,94.125,95.75,92.5,0,0,0,0,0,0,4,383,4,370,29200,235,1,32,0.0,0.0,0,0,0.0,0.0,0,0
6,5682524,3,1,0,0,0,0,0.0,0.0,0,0,0.0,0.0,0.0,0.703912557,1894174.6,3280037.8,5681636,170,5682524,2841262.0,4016895.5,5681636,888,0,0.0,0.0,0,0,0,0,0,0,104,40,0.52793443,0.17597814,0,0,0.0,0.0,0.0,0,0,0,1,0,0,0,0,0,0.0,0.0,0.0,0,0,0,0,0,0,3,0,1,0,29200,28960,0,32,0.0,0.0,0,0,0.0,0.0,0,0
6,5359339,3,1,0,0,0,0,0.0,0.0,0,0,0.0,0.0,0.0,0.746360699,1786446.4,3093450.2,5358455,132,5359339,2679669.5,3788374.8,5358455,884,0,0.0,0.0,0,0,0,0,0,0,104,40,0.5597705,0.18659018,0,0,0.0,0.0,0.0,0,0,0,1,0,0,0,0,0,0.0,0.0,0.0,0,0,0,0,0,0,3,0,1,0,29200,28960,0,32,0.0,0.0,0,0,0.0,0.0,0,0
6,8847938,4,4,602,364,602,0,150.5,301.0,364,0,91.0,182.0,109.1779802,0.904165468,1263991.1,2183089.5,5004579,75,3843359,1281119.6,2214653.8,3838381,973,8847802,2949267.2,2617009.2,5005180,3329,0,0,0,0,136,136,0.45208272,0.45208272,0,602,107.333336,221.13797,48902.0,0,0,0,1,0,0,0,0,1,120.75,150.5,91.0,0,0,0,0,0,0,4,602,4,364,29200,236,1,32,0.0,0.0,0,0,0.0,0.0,0,0
6,5826852,3,1,0,0,0,0,0.0,0.0,0,0,0.0,0.0,0.0,0.686477021,1942284.0,3363378.5,5825979,158,5826852,2913426.0,4118972.0,5825979,873,0,0.0,0.0,0,0,0,0,0,0,104,40,0.51485777,0.17161925,0,0,0.0,0.0,0.0,0,0,0,1,0,0,0,0,0,0.0,0.0,0.0,0,0,0,0,0,0,3,0,1,0,29200,28960,0,32,0.0,0.0,0,0,0.0,0.0,0,0
6,5203722,3,1,0,0,0,0,0.0,0.0,0,0,0.0,0.0,0.0,0.768680571,1734574.0,3003757.2,5203014,136,5203722,2601861.0,3678585.8,5203014,708,0,0.0,0.0,0,0,0,0,0,0,104,40,0.5765104,0.19217014,0,0,0.0,0.0,0.0,0,0,0,1,0,0,0,0,0,0.0,0.0,0.0,0,0,0,0,0,0,3,0,1,0,29200,28960,0,32,0.0,0.0,0,0,0.0,0.0,0,0
6,8790901,4,4,602,364,602,0,150.5,301.0,364,0,91.0,182.0,109.8863473,0.910031861,1255843.0,2171885.0,5004570,100,3786331,1262110.4,2181515.0,3781106,885,8790801,2930267.0,2607301.5,5005163,3606,0,0,0,0,136,136,0.45501593,0.45501593,0,602,107.333336,221.13797,48902.0,0,0,0,1,0,0,0,0,1,120.75,150.5,91.0,0,0,0,0,0,0,4,602,4,364,29200,236,1,32,0.0,0.0,0,0,0.0,0.0,0,0
6,5044558,3,1,0,0,0,0,0.0,0.0,0,0,0.0,0.0,0.0,0.792933692,1681519.4,2911742.5,5043710,102,5044558,2522279.0,3565842.0,5043710,848,0,0.0,0.0,0,0,0,0,0,0,104,40,0.5947003,0.19823343,0,0,0.0,0.0,0.0,0,0,0,1,0,0,0,0,0,0.0,0.0,0.0,0,0,0,0,0,0,3,0,1,0,29200,28960,0,32,0.0,0.0,0,0,0.0,0.0,0,0
6,78,1,1,0,0,0,0,0.0,0.0,0,0,0.0,0.0,0.0,25641.02564,78.0,0.0,78,78,0,0.0,0.0,0,0,0,0.0,0.0,0,0,0,0,0,0,32,32,12820.513,12820.513,0,0,0.0,0.0,0.0,0,0,0,0,1,1,0,0,1,0.0,0.0,0.0,0,0,0,0,0,0,1,0,1,0,237,236,0,32,0.0,0.0,0,0,0.0,0.0,0,0
6,5940311,3,1,0,0,0,0,0.0,0.0,0,0,0.0,0.0,0.0,0.673365418,1980103.6,3428860.0,5939410,122,5940311,2970155.5,4199160.0,5939410,901,0,0.0,0.0,0,0,0,0,0,0,104,40,0.5050241,0.16834135,0,0,0.0,0.0,0.0,0,0,0,1,0,0,0,0,0,0.0,0.0,0.0,0,0,0,0,0,0,3,0,1,0,29200,28960,0,32,0.0,0.0,0,0,0.0,0.0,0,0
6,5576754,3,1,0,0,0,0,0.0,0.0,0,0,0.0,0.0,0.0,0.717263125,1858918.0,3218984.5,5575881,128,5576754,2788377.0,3942126.0,5575881,873,0,0.0,0.0,0,0,0,0,0,0,104,40,0.53794736,0.17931578,0,0,0.0,0.0,0.0,0,0,0,1,0,0,0,0,0,0.0,0.0,0.0,0,0,0,0,0,0,3,0,1,0,29200,28960,0,32,0.0,0.0,0,0,0.0,0.0,0,0
6,5485286,3,1,0,0,0,0,0.0,0.0,0,0,0.0,0.0,0.0,0.729223599,1828428.6,3166162.2,5484398,150,5485286,2742643.0,3877427.0,5484398,888,0,0.0,0.0,0,0,0,0,0,0,104,40,0.5469177,0.1823059,0,0,0.0,0.0,0.0,0,0,0,1,0,0,0,0,0,0.0,0.0,0.0,0,0,0,0,0,0,3,0,1,0,29200,28960,0,32,0.0,0.0,0,0,0.0,0.0,0,0
6,5231637,3,1,0,0,0,0,0.0,0.0,0,0,0.0,0.0,0.0,0.764579041,1743879.0,3019724.0,5230756,136,5231637,2615818.5,3698080.0,5230756,881,0,0.0,0.0,0,0,0,0,0,0,104,40,0.5734343,0.19114476,0,0,0.0,0.0,0.0,0,0,0,1,0,0,0,0,0,0.0,0.0,0.0,0,0,0,0,0,0,3,0,1,0,29200,28960,0,32,0.0,0.0,0,0,0.0,0.0,0,0
6,5686897,3,1,0,0,0,0,0.0,0.0,0,0,0.0,0.0,0.0,0.703371276,1895632.4,3282714.0,5686184,141,5686897,2843448.5,4020235.0,5686184,713,0,0.0,0.0,0,0,0,0,0,0,104,40,0.52752846,0.17584282,0,0,0.0,0.0,0.0,0,0,0,1,0,0,0,0,0,0.0,0.0,0.0,0,0,0,0,0,0,3,0,1,0,29200,28960,0,32,0.0,0.0,0,0,0.0,0.0,0,0
6,5951501,3,1,0,0,0,0,0.0,0.0,0,0,0.0,0.0,0.0,0.672099358,1983833.6,3435491.0,5950797,144,5951501,2975750.5,4207351.0,5950797,704,0,0.0,0.0,0,0,0,0,0,0,104,40,0.5040745,0.16802484,0,0,0.0,0.0,0.0,0,0,0,1,0,0,0,0,0,0.0,0.0,0.0,0,0,0,0,0,0,3,0,1,0,29200,28960,0,32,0.0,0.0,0,0,0.0,0.0,0,0
6,5984113,3,1,0,0,0,0,0.0,0.0,0,0,0.0,0.0,0.0,0.668436575,1994704.4,3454272.8,5983355,103,5984113,2992056.5,4230335.0,5983355,758,0,0.0,0.0,0,0,0,0,0,0,104,40,0.50132746,0.16710915,0,0,0.0,0.0,0.0,0,0,0,1,0,0,0,0,0,0.0,0.0,0.0,0,0,0,0,0,0,3,0,1,0,29200,28960,0,32,0.0,0.0,0,0,0.0,0.0,0,0
6,5432004,3,1,0,0,0,0,0.0,0.0,0,0,0.0,0.0,0.0,0.736376483,1810668.0,3135451.0,5431175,120,5432004,2716002.0,3839834.5,5431175,829,0,0.0,0.0,0,0,0,0,0,0,104,40,0.55228233,0.18409412,0,0,0.0,0.0,0.0,0,0,0,1,0,0,0,0,0,0.0,0.0,0.0,0,0,0,0,0,0,3,0,1,0,29200,28960,0,32,0.0,0.0,0,0,0.0,0.0,0,0
6,5183396,3,1,0,0,0,0,0.0,0.0,0,0,0.0,0.0,0.0,0.77169485,1727798.6,2992043.5,5182713,126,5183396,2591698.0,3664248.5,5182713,683,0,0.0,0.0,0,0,0,0,0,0,104,40,0.5787711,0.19292371,0,0,0.0,0.0,0.0,0,0,0,1,0,0,0,0,0,0.0,0.0,0.0,0,0,0,0,0,0,3,0,1,0,29200,28960,0,32,0.0,0.0,0,0,0.0,0.0,0,0
6,5961575,3,1,0,0,0,0,0.0,0.0,0,0,0.0,0.0,0.0,0.67096363,1987191.6,3441141.8,5960680,140,5961575,2980787.5,4214204.5,5960680,895,0,0.0,0.0,0,0,0,0,0,0,104,40,0.5032227,0.16774091,0,0,0.0,0.0,0.0,0,0,0,1,0,0,0,0,0,0.0,0.0,0.0,0,0,0,0,0,0,3,0,1,0,29200,28960,0,32,0.0,0.0,0,0,0.0,0.0,0,0
6,5827476,3,1,0,0,0,0,0.0,0.0,0,0,0.0,0.0,0.0,0.686403513,1942492.0,3363809.0,5826684,96,5827476,2913738.0,4119527.8,5826684,792,0,0.0,0.0,0,0,0,0,0,0,104,40,0.51480263,0.17160088,0,0,0.0,0.0,0.0,0,0,0,1,0,0,0,0,0,0.0,0.0,0.0,0,0,0,0,0,0,3,0,1,0,29200,28960,0,32,0.0,0.0,0,0,0.0,0.0,0,0
6,5068436,3,1,0,0,0,0,0.0,0.0,0,0,0.0,0.0,0.0,0.789198088,1689478.6,2925695.8,5067781,98,5068436,2534218.0,3582999.2,5067781,655,0,0.0,0.0,0,0,0,0,0,0,104,40,0.59189856,0.19729953,0,0,0.0,0.0,0.0,0,0,0,1,0,0,0,0,0,0.0,0.0,0.0,0,0,0,0,0,0,3,0,1,0,29200,28960,0,32,0.0,0.0,0,0,0.0,0.0,0,0
6,5314419,3,1,0,0,0,0,0.0,0.0,0,0,0.0,0.0,0.0,0.752669295,1771473.0,3067521.0,5313541,129,5314419,2657209.5,3756620.0,5313541,878,0,0.0,0.0,0,0,0,0,0,0,104,40,0.56450194,0.18816732,0,0,0.0,0.0,0.0,0,0,0,1,0,0,0,0,0,0.0,0.0,0.0,0,0,0,0,0,0,3,0,1,0,29200,28960,0,32,0.0,0.0,0,0,0.0,0.0,0,0
6,5757896,3,1,0,0,0,0,0.0,0.0,0,0,0.0,0.0,0.0,0.694698202,1919298.6,3323701.0,5757178,163,5757896,2878948.0,4070432.0,5757178,718,0,0.0,0.0,0,0,0,0,0,0,104,40,0.52102363,0.17367455,0,0,0.0,0.0,0.0,0,0,0,1,0,0,0,0,0,0.0,0.0,0.0,0,0,0,0,0,0,3,0,1,0,29200,28960,0,32,0.0,0.0,0,0,0.0,0.0,0,0
6,5535665,3,1,0,0,0,0,0.0,0.0,0,0,0.0,0.0,0.0,0.722587079,1845221.6,3195438.2,5534996,117,5535665,2767832.5,3913360.2,5534996,669,0,0.0,0.0,0,0,0,0,0,0,104,40,0.54194033,0.18064678,0,0,0.0,0.0,0.0,0,0,0,1,0,0,0,0,0,0.0,0.0,0.0,0,0,0,0,0,0,3,0,1,0,29200,28960,0,32,0.0,0.0,0,0,0.0,0.0,0,0
6,5079993,3,1,0,0,0,0,0.0,0.0,0,0,0.0,0.0,0.0,0.78740266,1693331.0,2932175.8,5079116,126,5079993,2539996.5,3590857.2,5079116,877,0,0.0,0.0,0,0,0,0,0,0,104,40,0.590552,0.19685067,0,0,0.0,0.0,0.0,0,0,0,1,0,0,0,0,0,0.0,0.0,0.0,0,0,0,0,0,0,3,0,1,0,29200,28960,0,32,0.0,0.0,0,0,0.0,0.0,0,0
6,35170537,203,104,43906,72181,602,0,216.28572,228.49318,1068,0,694.0481,362.552,3300.688869,8.728897145,114936.4,328214.3,3532822,12,35200000,174100.47,391365.78,3532822,751,35200000,341460.3,516073.5,3533513,12,0,0,0,0,6504,3336,5.771877,2.9570205,0,1068,376.90585,360.6203,130047.0,0,0,0,1,0,0,0,0,0,378.13354,216.28572,694.0481,0,0,0,0,0,0,203,43906,104,72181,29200,1176,101,32,0.0,0.0,0,0,0.0,0.0,0,0
6,5625422,3,1,0,0,0,0,0.0,0.0,0,0,0.0,0.0,0.0,0.711057766,1875140.6,3247078.5,5624544,96,5625422,2812711.0,3976532.2,5624544,878,0,0.0,0.0,0,0,0,0,0,0,104,40,0.5332933,0.17776445,0,0,0.0,0.0,0.0,0,0,0,1,0,0,0,0,0,0.0,0.0,0.0,0,0,0,0,0,0,3,0,1,0,29200,28960,0,32,0.0,0.0,0,0,0.0,0.0,0,0
6,5702143,3,1,0,0,0,0,0.0,0.0,0,0,0.0,0.0,0.0,0.70149065,1900714.4,3291387.2,5701281,107,5702143,2851071.5,4030805.0,5701281,862,0,0.0,0.0,0,0,0,0,0,0,104,40,0.526118,0.17537266,0,0,0.0,0.0,0.0,0,0,0,1,0,0,0,0,0,0.0,0.0,0.0,0,0,0,0,0,0,3,0,1,0,29200,28960,0,32,0.0,0.0,0,0,0.0,0.0,0,0
6,42,1,1,0,0,0,0,0.0,0.0,0,0,0.0,0.0,0.0,47619.04762,42.0,0.0,42,42,0,0.0,0.0,0,0,0,0.0,0.0,0,0,0,0,0,0,32,32,23809.523,23809.523,0,0,0.0,0.0,0.0,0,0,0,0,1,1,0,0,1,0.0,0.0,0.0,0,0,0,0,0,0,1,0,1,0,237,236,0,32,0.0,0.0,0,0,0.0,0.0,0,0
6,5351145,3,1,0,0,0,0,0.0,0.0,0,0,0.0,0.0,0.0,0.747503572,1783715.0,3088885.8,5350453,138,5351145,2675572.5,3782852.2,5350453,692,0,0.0,0.0,0,0,0,0,0,0,104,40,0.5606277,0.1868759,0,0,0.0,0.0,0.0,0,0,0,1,0,0,0,0,0,0.0,0.0,0.0,0,0,0,0,0,0,3,0,1,0,29200,28960,0,32,0.0,0.0,0,0,0.0,0.0,0,0
6,5289340,3,1,0,0,0,0,0.0,0.0,0,0,0.0,0.0,0.0,0.756238018,1763113.4,3053050.2,5288472,125,5289340,2644670.0,3738900.8,5288472,868,0,0.0,0.0,0,0,0,0,0,0,104,40,0.5671785,0.18905951,0,0,0.0,0.0,0.0,0,0,0,1,0,0,0,0,0,0.0,0.0,0.0,0,0,0,0,0,0,3,0,1,0,29200,28960,0,32,0.0,0.0,0,0,0.0,0.0,0,0
6,5748054,3,1,0,0,0,0,0.0,0.0,0,0,0.0,0.0,0.0,0.695887687,1916018.0,3318049.0,5747371,140,5748054,2874027.0,4063522.0,5747371,683,0,0.0,0.0,0,0,0,0,0,0,104,40,0.5219158,0.17397192,0,0,0.0,0.0,0.0,0,0,0,1,0,0,0,0,0,0.0,0.0,0.0,0,0,0,0,0,0,3,0,1,0,29200,28960,0,32,0.0,0.0,0,0,0.0,0.0,0,0
6,5018586,3,1,0,0,0,0,0.0,0.0,0,0,0.0,0.0,0.0,0.797037253,1672862.0,2896881.0,5017892,127,5018586,2509293.0,3547694.8,5017892,694,0,0.0,0.0,0,0,0,0,0,0,104,40,0.59777796,0.19925931,0,0,0.0,0.0,0.0,0,0,0,1,0,0,0,0,0,0.0,0.0,0.0,0,0,0,0,0,0,3,0,1,0,29200,28960,0,32,0.0,0.0,0,0,0.0,0.0,0,0
6,5986106,3,1,0,0,0,0,0.0,0.0,0,0,0.0,0.0,0.0,0.668214028,1995368.6,3455372.5,5985289,70,5986106,2993053.0,4231660.5,5985289,817,0,0.0,0.0,0,0,0,0,0,0,104,40,0.5011605,0.1670535,0,0,0.0,0.0,0.0,0,0,0,1,0,0,0,0,0,0.0,0.0,0.0,0,0,0,0,0,0,3,0,1,0,29200,28960,0,32,0.0,0.0,0,0,0.0,0.0,0,0
6,33332160,203,104,43951,72214,602,0,216.50739,228.65117,1068,0,694.36536,362.8558,3485.072675,9.210324203,108928.625,272834.84,1274812,4,33300000,164999.08,322038.75,1274812,901,33300000,323611.88,417825.12,1275609,4,0,0,0,0,6504,3336,6.0902143,3.1201098,0,1068,377.1591,360.8179,130189.555,0,0,0,1,0,0,0,0,0,378.38763,216.50739,694.36536,0,0,0,0,0,0,203,43951,104,72214,29200,1174,101,32,0.0,0.0,0,0,0.0,0.0,0,0
6,5859654,3,1,0,0,0,0,0.0,0.0,0,0,0.0,0.0,0.0,0.682634162,1953218.0,3382441.5,5858925,144,5859654,2929827.0,4142370.0,5858925,729,0,0.0,0.0,0,0,0,0,0,0,104,40,0.51197565,0.17065854,0,0,0.0,0.0,0.0,0,0,0,1,0,0,0,0,0,0.0,0.0,0.0,0,0,0,0,0,0,3,0,1,0,29200,28960,0,32,0.0,0.0,0,0,0.0,0.0,0,0
6,5814901,3,1,0,0,0,0,0.0,0.0,0,0,0.0,0.0,0.0,0.687887894,1938300.4,3356478.8,5814028,154,5814901,2907450.5,4110521.2,5814028,873,0,0.0,0.0,0,0,0,0,0,0,104,40,0.51591593,0.17197198,0,0,0.0,0.0,0.0,0,0,0,1,0,0,0,0,0,0.0,0.0,0.0,0,0,0,0,0,0,3,0,1,0,29200,28960,0,32,0.0,0.0,0,0,0.0,0.0,0,0
6,5609201,3,1,0,0,0,0,0.0,0.0,0,0,0.0,0.0,0.0,0.713114042,1869733.6,3237716.0,5608326,132,5609201,2804600.5,3965066.8,5608326,875,0,0.0,0.0,0,0,0,0,0,0,104,40,0.5348355,0.1782785,0,0,0.0,0.0,0.0,0,0,0,1,0,0,0,0,0,0.0,0.0,0.0,0,0,0,0,0,0,3,0,1,0,29200,28960,0,32,0.0,0.0,0,0,0.0,0.0,0,0
6,35205792,203,104,43906,72183,602,0,216.28572,228.49318,1068,0,694.0673,362.56927,3297.440376,8.720156047,115051.61,328506.72,3552634,4,35200000,174270.48,391709.22,3552634,692,35200000,341802.62,517279.28,3553279,4,0,0,0,0,6504,3336,5.7660966,2.9540594,0,1068,376.91232,360.63184,130055.33,0,0,0,1,0,0,0,0,0,378.14008,216.28572,694.0673,0,0,0,0,0,0,203,43906,104,72183,29200,1176,101,32,0.0,0.0,0,0,0.0,0.0,0,0
6,35178853,203,104,43906,72179,602,0,216.28572,228.49318,1068,0,694.0289,362.5309,3299.85176,8.726833703,114963.57,328271.8,3549438,4,35200000,174142.03,391431.9,3549438,870,35200000,341541.28,516763.44,3550267,4,0,0,0,0,6504,3336,5.770512,2.9563215,0,1068,376.89935,360.60745,130037.74,0,0,0,1,0,0,0,0,0,378.12704,216.28572,694.0289,0,0,0,0,0,0,203,43906,104,72179,29200,1176,101,32,0.0,0.0,0,0,0.0,0.0,0,0
6,5394673,3,1,0,0,0,0,0.0,0.0,0,0,0.0,0.0,0.0,0.741472189,1798224.4,3113847.0,5393785,139,5394673,2697336.5,3813354.0,5393785,888,0,0.0,0.0,0,0,0,0,0,0,104,40,0.5561041,0.18536805,0,0,0.0,0.0,0.0,0,0,0,1,0,0,0,0,0,0.0,0.0,0.0,0,0,0,0,0,0,3,0,1,0,29200,28960,0,32,0.0,0.0,0,0,0.0,0.0,0,0
6,5816966,3,1,0,0,0,0,0.0,0.0,0,0,0.0,0.0,0.0,0.687643696,1938988.6,3357638.8,5816056,167,5816966,2908483.0,4111929.2,5816056,910,0,0.0,0.0,0,0,0,0,0,0,104,40,0.51573277,0.17191093,0,0,0.0,0.0,0.0,0,0,0,1,0,0,0,0,0,0.0,0.0,0.0,0,0,0,0,0,0,3,0,1,0,29200,28960,0,32,0.0,0.0,0,0,0.0,0.0,0,0
6,7530316,4,4,602,364,602,0,150.5,301.0,364,0,91.0,182.0,128.2814692,1.062372416,1075759.4,1970547.9,5004598,120,2525718,841906.0,1453745.0,2520545,867,7530196,2510065.2,2500818.2,5005182,3584,0,0,0,0,136,136,0.5311862,0.5311862,0,602,107.333336,221.13797,48902.0,0,0,0,1,0,0,0,0,1,120.75,150.5,91.0,0,0,0,0,0,0,4,602,4,364,29200,236,1,32,0.0,0.0,0,0,0.0,0.0,0,0
6,5958492,3,1,0,0,0,0,0.0,0.0,0,0,0.0,0.0,0.0,0.671310795,1986164.0,3439559.2,5957825,128,5958492,2979246.0,4212347.0,5957825,667,0,0.0,0.0,0,0,0,0,0,0,104,40,0.5034831,0.1678277,0,0,0.0,0.0,0.0,0,0,0,1,0,0,0,0,0,0.0,0.0,0.0,0,0,0,0,0,0,3,0,1,0,29200,28960,0,32,0.0,0.0,0,0,0.0,0.0,0,0
6,5053312,3,1,0,0,0,0,0.0,0.0,0,0,0.0,0.0,0.0,0.79156007,1684437.4,2916769.8,5052433,130,5053312,2526656.0,3571988.0,5052433,879,0,0.0,0.0,0,0,0,0,0,0,104,40,0.59367007,0.19789001,0,0,0.0,0.0,0.0,0,0,0,1,0,0,0,0,0,0.0,0.0,0.0,0,0,0,0,0,0,3,0,1,0,29200,28960,0,32,0.0,0.0,0,0,0.0,0.0,0,0
6,5643463,3,1,0,0,0,0,0.0,0.0,0,0,0.0,0.0,0.0,0.708784659,1881154.4,3257498.8,5642590,92,5643463,2821731.5,3989296.2,5642590,873,0,0.0,0.0,0,0,0,0,0,0,104,40,0.5315885,0.17719616,0,0,0.0,0.0,0.0,0,0,0,1,0,0,0,0,0,0.0,0.0,0.0,0,0,0,0,0,0,3,0,1,0,29200,28960,0,32,0.0,0.0,0,0,0.0,0.0,0,0
6,5485553,3,1,0,0,0,0,0.0,0.0,0,0,0.0,0.0,0.0,0.729188106,1828517.6,3166323.5,5484673,123,5485553,2742776.5,3877627.2,5484673,880,0,0.0,0.0,0,0,0,0,0,0,104,40,0.5468911,0.18229702,0,0,0.0,0.0,0.0,0,0,0,1,0,0,0,0,0,0.0,0.0,0.0,0,0,0,0,0,0,3,0,1,0,29200,28960,0,32,0.0,0.0,0,0,0.0,0.0,0,0
6,5667031,3,1,0,0,0,0,0.0,0.0,0,0,0.0,0.0,0.0,0.705836972,1889010.4,3271071.2,5666118,108,5667031,2833515.5,4005904.8,5666118,913,0,0.0,0.0,0,0,0,0,0,0,104,40,0.52937776,0.17645924,0,0,0.0,0.0,0.0,0,0,0,1,0,0,0,0,0,0.0,0.0,0.0,0,0,0,0,0,0,3,0,1,0,29200,28960,0,32,0.0,0.0,0,0,0.0,0.0,0,0
6,5473398,3,1,0,0,0,0,0.0,0.0,0,0,0.0,0.0,0.0,0.730807444,1824466.0,3159300.5,5472512,131,5473398,2736699.0,3869023.8,5472512,886,0,0.0,0.0,0,0,0,0,0,0,104,40,0.5481056,0.18270186,0,0,0.0,0.0,0.0,0,0,0,1,0,0,0,0,0,0.0,0.0,0.0,0,0,0,0,0,0,3,0,1,0,29200,28960,0,32,0.0,0.0,0,0,0.0,0.0,0,0
6,5007231,3,1,0,0,0,0,0.0,0.0,0,0,0.0,0.0,0.0,0.798844711,1669077.0,2890159.8,5006346,74,5007231,2503615.5,3539395.5,5006346,885,0,0.0,0.0,0,0,0,0,0,0,104,40,0.59913355,0.19971117,0,0,0.0,0.0,0.0,0,0,0,1,0,0,0,0,0,0.0,0.0,0.0,0,0,0,0,0,0,3,0,1,0,29200,28960,0,32,0.0,0.0,0,0,0.0,0.0,0,0
6,5042532,3,1,0,0,0,0,0.0,0.0,0,0,0.0,0.0,0.0,0.793252279,1680844.0,2910691.5,5041821,137,5042532,2521266.0,3564603.0,5041821,711,0,0.0,0.0,0,0,0,0,0,0,104,40,0.59493923,0.19831307,0,0,0.0,0.0,0.0,0,0,0,1,0,0,0,0,0,0.0,0.0,0.0,0,0,0,0,0,0,3,0,1,0,29200,28960,0,32,0.0,0.0,0,0,0.0,0.0,0,0
6,5297648,3,1,0,0,0,0,0.0,0.0,0,0,0.0,0.0,0.0,0.755052053,1765882.6,3057995.0,5296951,134,5297648,2648824.0,3745017.0,5296951,697,0,0.0,0.0,0,0,0,0,0,0,104,40,0.56628907,0.18876301,0,0,0.0,0.0,0.0,0,0,0,1,0,0,0,0,0,0.0,0.0,0.0,0,0,0,0,0,0,3,0,1,0,29200,28960,0,32,0.0,0.0,0,0,0.0,0.0,0,0
6,5170435,3,1,0,0,0,0,0.0,0.0,0,0,0.0,0.0,0.0,0.773629298,1723478.4,2984553.5,5169744,107,5170435,2585217.5,3655072.5,5169744,691,0,0.0,0.0,0,0,0,0,0,0,104,40,0.58022195,0.19340733,0,0,0.0,0.0,0.0,0,0,0,1,0,0,0,0,0,0.0,0.0,0.0,0,0,0,0,0,0,3,0,1,0,29200,28960,0,32,0.0,0.0,0,0,0.0,0.0,0,0
6,5613887,3,1,0,0,0,0,0.0,0.0,0,0,0.0,0.0,0.0,0.712518795,1871295.6,3240277.8,5612846,106,5613887,2806943.5,3968145.2,5612846,1041,0,0.0,0.0,0,0,0,0,0,0,104,40,0.5343891,0.1781297,0,0,0.0,0.0,0.0,0,0,0,1,0,0,0,0,0,0.0,0.0,0.0,0,0,0,0,0,0,3,0,1,0,29200,28960,0,32,0.0,0.0,0,0,0.0,0.0,0,0
6,5476125,3,1,0,0,0,0,0.0,0.0,0,0,0.0,0.0,0.0,0.730443516,1825375.0,3160927.8,5475300,80,5476125,2738062.5,3871038.5,5475300,825,0,0.0,0.0,0,0,0,0,0,0,104,40,0.5478326,0.18261088,0,0,0.0,0.0,0.0,0,0,0,1,0,0,0,0,0,0.0,0.0,0.0,0,0,0,0,0,0,3,0,1,0,29200,28960,0,32,0.0,0.0,0,0,0.0,0.0,0,0
6,5693820,3,1,0,0,0,0,0.0,0.0,0,0,0.0,0.0,0.0,0.702516061,1897940.0,3286562.0,5692935,96,5693820,2846910.0,4024887.2,5692935,885,0,0.0,0.0,0,0,0,0,0,0,104,40,0.52688706,0.17562902,0,0,0.0,0.0,0.0,0,0,0,1,0,0,0,0,0,0.0,0.0,0.0,0,0,0,0,0,0,3,0,1,0,29200,28960,0,32,0.0,0.0,0,0,0.0,0.0,0,0
6,77,1,1,0,0,0,0,0.0,0.0,0,0,0.0,0.0,0.0,25974.02597,77.0,0.0,77,77,0,0.0,0.0,0,0,0,0.0,0.0,0,0,0,0,0,0,32,32,12987.013,12987.013,0,0,0.0,0.0,0.0,0,0,0,0,1,1,0,0,1,0.0,0.0,0.0,0,0,0,0,0,0,1,0,1,0,237,235,0,32,0.0,0.0,0,0,0.0,0.0,0,0
6,5900259,3,1,0,0,0,0,0.0,0.0,0,0,0.0,0.0,0.0,0.677936341,1966753.0,3405925.5,5899577,122,5900259,2950129.5,4171148.8,5899577,682,0,0.0,0.0,0,0,0,0,0,0,104,40,0.50845224,0.16948408,0,0,0.0,0.0,0.0,0,0,0,1,0,0,0,0,0,0.0,0.0,0.0,0,0,0,0,0,0,3,0,1,0,29200,28960,0,32,0.0,0.0,0,0,0.0,0.0,0,0
6,5625769,3,1,0,0,0,0,0.0,0.0,0,0,0.0,0.0,0.0,0.711013908,1875256.4,3247452.0,5625091,109,5625769,2812884.5,3977060.5,5625091,678,0,0.0,0.0,0,0,0,0,0,0,104,40,0.5332604,0.17775348,0,0,0.0,0.0,0.0,0,0,0,1,0,0,0,0,0,0.0,0.0,0.0,0,0,0,0,0,0,3,0,1,0,29200,28960,0,32,0.0,0.0,0,0,0.0,0.0,0,0
6,5957116,3,1,0,0,0,0,0.0,0.0,0,0,0.0,0.0,0.0,0.671465857,1985705.4,3438631.5,5956295,75,5957116,2978558.0,4211156.0,5956295,821,0,0.0,0.0,0,0,0,0,0,0,104,40,0.5035994,0.16786647,0,0,0.0,0.0,0.0,0,0,0,1,0,0,0,0,0,0.0,0.0,0.0,0,0,0,0,0,0,3,0,1,0,29200,28960,0,32,0.0,0.0,0,0,0.0,0.0,0,0
6,5390996,3,1,0,0,0,0,0.0,0.0,0,0,0.0,0.0,0.0,0.74197792,1796998.6,3111759.5,5390149,110,5390996,2695498.0,3810812.0,5390149,847,0,0.0,0.0,0,0,0,0,0,0,104,40,0.55648345,0.18549448,0,0,0.0,0.0,0.0,0,0,0,1,0,0,0,0,0,0.0,0.0,0.0,0,0,0,0,0,0,3,0,1,0,29200,28960,0,32,0.0,0.0,0,0,0.0,0.0,0,0
6,34305613,203,104,43951,72186,602,0,216.50739,228.65117,1068,0,694.0961,362.5876,3385.364372,8.948972869,112109.84,299208.7,2586384,4,34300000,169818.34,355045.34,2586384,716,34300000,333062.66,464055.06,2587089,4,0,0,0,0,6504,3336,5.917399,3.0315738,0,1068,377.06818,360.64725,130066.43,0,0,0,1,0,0,0,0,0,378.29642,216.50739,694.0961,0,0,0,0,0,0,203,43951,104,72186,29200,1174,101,32,0.0,0.0,0,0,0.0,0.0,0,0
6,5096552,3,1,0,0,0,0,0.0,0.0,0,0,0.0,0.0,0.0,0.784844342,1698850.6,2941731.0,5095669,127,5096552,2548276.0,3602557.8,5095669,883,0,0.0,0.0,0,0,0,0,0,0,104,40,0.58863324,0.19621108,0,0,0.0,0.0,0.0,0,0,0,1,0,0,0,0,0,0.0,0.0,0.0,0,0,0,0,0,0,3,0,1,0,29200,28960,0,32,0.0,0.0,0,0,0.0,0.0,0,0
6,9783110,4,4,383,370,383,0,95.75,191.5,370,0,92.5,185.0,76.96938908,0.817735873,1397587.1,2386601.5,5000937,96,4782173,1594057.6,2758216.8,4778972,875,9783014,3261004.8,2825056.2,5001713,1426,0,0,0,0,136,136,0.40886793,0.40886793,0,383,83.666664,166.0527,27573.5,0,0,0,1,0,0,0,0,1,94.125,95.75,92.5,0,0,0,0,0,0,4,383,4,370,29200,235,1,32,0.0,0.0,0,0,0.0,0.0,0,0
6,34234347,203,104,43906,72174,602,0,216.28572,228.49318,1068,0,693.9808,362.48438,3390.746726,8.96760204,111876.95,291383.66,2291016,3,34200000,169466.23,345076.94,2291016,704,34200000,332371.0,450616.62,2291670,3,0,0,0,0,6504,3336,5.9297175,3.0378847,0,1068,376.88312,360.57745,130016.09,0,0,0,1,0,0,0,0,0,378.11075,216.28572,693.9808,0,0,0,0,0,0,203,43906,104,72174,29200,1176,101,32,0.0,0.0,0,0,0.0,0.0,0,0
6,5056367,3,1,0,0,0,0,0.0,0.0,0,0,0.0,0.0,0.0,0.791081818,1685455.6,2918526.8,5055480,135,5056367,2528183.5,3574137.0,5055480,887,0,0.0,0.0,0,0,0,0,0,0,104,40,0.59331137,0.19777046,0,0,0.0,0.0,0.0,0,0,0,1,0,0,0,0,0,0.0,0.0,0.0,0,0,0,0,0,0,3,0,1,0,29200,28960,0,32,0.0,0.0,0,0,0.0,0.0,0,0
6,5026127,3,1,0,0,0,0,0.0,0.0,0,0,0.0,0.0,0.0,0.79584141,1675375.6,2901225.2,5025422,148,5026127,2513063.5,3553011.5,5025422,705,0,0.0,0.0,0,0,0,0,0,0,104,40,0.59688103,0.19896035,0,0,0.0,0.0,0.0,0,0,0,1,0,0,0,0,0,0.0,0.0,0.0,0,0,0,0,0,0,3,0,1,0,29200,28960,0,32,0.0,0.0,0,0,0.0,0.0,0,0
6,35266193,203,104,43906,72183,602,0,216.28572,228.49318,1068,0,694.0673,362.57196,3291.792794,8.70522089,115249.0,328111.0,3541829,4,35300000,174574.27,391166.0,3541829,1012,35300000,342389.12,516598.72,3542861,4,0,0,0,0,6504,3336,5.756221,2.949,0,1068,376.91232,360.63275,130055.99,0,0,0,1,0,0,0,0,0,378.14008,216.28572,694.0673,0,0,0,0,0,0,203,43906,104,72183,29200,1176,101,32,0.0,0.0,0,0,0.0,0.0,0,0
6,5559905,3,1,0,0,0,0,0.0,0.0,0,0,0.0,0.0,0.0,0.719436753,1853301.6,3209250.5,5559025,98,5559905,2779952.5,3930202.0,5559025,880,0,0.0,0.0,0,0,0,0,0,0,104,40,0.53957754,0.17985919,0,0,0.0,0.0,0.0,0,0,0,1,0,0,0,0,0,0.0,0.0,0.0,0,0,0,0,0,0,3,0,1,0,29200,28960,0,32,0.0,0.0,0,0,0.0,0.0,0,0
6,5735037,3,1,0,0,0,0,0.0,0.0,0,0,0.0,0.0,0.0,0.697467165,1911679.0,3310370.0,5734165,93,5735037,2867518.5,4054050.2,5734165,872,0,0.0,0.0,0,0,0,0,0,0,104,40,0.5231004,0.17436679,0,0,0.0,0.0,0.0,0,0,0,1,0,0,0,0,0,0.0,0.0,0.0,0,0,0,0,0,0,3,0,1,0,29200,28960,0,32,0.0,0.0,0,0,0.0,0.0,0,0
6,5677321,3,1,0,0,0,0,0.0,0.0,0,0,0.0,0.0,0.0,0.70455766,1892440.4,3277023.5,5676421,144,5677321,2838660.5,4013199.5,5676421,900,0,0.0,0.0,0,0,0,0,0,0,104,40,0.52841824,0.17613941,0,0,0.0,0.0,0.0,0,0,0,1,0,0,0,0,0,0.0,0.0,0.0,0,0,0,0,0,0,3,0,1,0,29200,28960,0,32,0.0,0.0,0,0,0.0,0.0,0,0
6,35,1,1,0,0,0,0,0.0,0.0,0,0,0.0,0.0,0.0,57142.85714,35.0,0.0,35,35,0,0.0,0.0,0,0,0,0.0,0.0,0,0,0,0,0,0,32,32,28571.428,28571.428,0,0,0.0,0.0,0.0,0,0,0,0,1,1,0,0,1,0.0,0.0,0.0,0,0,0,0,0,0,1,0,1,0,1444,1174,0,32,0.0,0.0,0,0,0.0,0.0,0,0
6,5923668,3,1,0,0,0,0,0.0,0.0,0,0,0.0,0.0,0.0,0.67525729,1974556.0,3419308.2,5922833,107,5923668,2961834.0,4187485.0,5922833,835,0,0.0,0.0,0,0,0,0,0,0,104,40,0.50644296,0.16881432,0,0,0.0,0.0,0.0,0,0,0,1,0,0,0,0,0,0.0,0.0,0.0,0,0,0,0,0,0,3,0,1,0,29200,28960,0,32,0.0,0.0,0,0,0.0,0.0,0,0
6,5189143,3,1,0,0,0,0,0.0,0.0,0,0,0.0,0.0,0.0,0.770840195,1729714.4,2995205.0,5188279,122,5189143,2594571.5,3668056.2,5188279,864,0,0.0,0.0,0,0,0,0,0,0,104,40,0.5781301,0.19271004,0,0,0.0,0.0,0.0,0,0,0,1,0,0,0,0,0,0.0,0.0,0.0,0,0,0,0,0,0,3,0,1,0,29200,28960,0,32,0.0,0.0,0,0,0.0,0.0,0,0
6,5214257,3,1,0,0,0,0,0.0,0.0,0,0,0.0,0.0,0.0,0.767127512,1738085.6,3009713.0,5213403,87,5214257,2607128.5,3685828.8,5213403,854,0,0.0,0.0,0,0,0,0,0,0,104,40,0.57534564,0.19178188,0,0,0.0,0.0,0.0,0,0,0,1,0,0,0,0,0,0.0,0.0,0.0,0,0,0,0,0,0,3,0,1,0,29200,28960,0,32,0.0,0.0,0,0,0.0,0.0,0,0
6,5734027,3,1,0,0,0,0,0.0,0.0,0,0,0.0,0.0,0.0,0.697590018,1911342.4,3309765.2,5733130,126,5734027,2867013.5,4053300.8,5733130,897,0,0.0,0.0,0,0,0,0,0,0,104,40,0.5231925,0.1743975,0,0,0.0,0.0,0.0,0,0,0,1,0,0,0,0,0,0.0,0.0,0.0,0,0,0,0,0,0,3,0,1,0,29200,28960,0,32,0.0,0.0,0,0,0.0,0.0,0,0
6,5148540,3,1,0,0,0,0,0.0,0.0,0,0,0.0,0.0,0.0,0.776919282,1716180.0,2971741.0,5147651,95,5148540,2574270.0,3639310.2,5147651,889,0,0.0,0.0,0,0,0,0,0,0,104,40,0.58268946,0.19422983,0,0,0.0,0.0,0.0,0,0,0,1,0,0,0,0,0,0.0,0.0,0.0,0,0,0,0,0,0,3,0,1,0,29200,28960,0,32,0.0,0.0,0,0,0.0,0.0,0,0
6,5705224,3,1,0,0,0,0,0.0,0.0,0,0,0.0,0.0,0.0,0.701111823,1901741.4,3293121.0,5704310,113,5705224,2852612.0,4032910.0,5704310,914,0,0.0,0.0,0,0,0,0,0,0,104,40,0.52583385,0.17527796,0,0,0.0,0.0,0.0,0,0,0,1,0,0,0,0,0,0.0,0.0,0.0,0,0,0,0,0,0,3,0,1,0,29200,28960,0,32,0.0,0.0,0,0,0.0,0.0,0,0
6,5437735,3,1,0,0,0,0,0.0,0.0,0,0,0.0,0.0,0.0,0.735600392,1812578.4,3138730.5,5436872,139,5437735,2718867.5,3843838.8,5436872,863,0,0.0,0.0,0,0,0,0,0,0,104,40,0.5517003,0.1839001,0,0,0.0,0.0,0.0,0,0,0,1,0,0,0,0,0,0.0,0.0,0.0,0,0,0,0,0,0,3,0,1,0,29200,28960,0,32,0.0,0.0,0,0,0.0,0.0,0,0
6,5148484,3,1,0,0,0,0,0.0,0.0,0,0,0.0,0.0,0.0,0.776927733,1716161.4,2971880.2,5147793,124,5148484,2574242.0,3639550.8,5147793,691,0,0.0,0.0,0,0,0,0,0,0,104,40,0.5826958,0.19423193,0,0,0.0,0.0,0.0,0,0,0,1,0,0,0,0,0,0.0,0.0,0.0,0,0,0,0,0,0,3,0,1,0,29200,28960,0,32,0.0,0.0,0,0,0.0,0.0,0,0
6,5698207,3,1,0,0,0,0,0.0,0.0,0,0,0.0,0.0,0.0,0.7019752,1899402.4,3289128.8,5697361,88,5698207,2849103.5,4028044.5,5697361,846,0,0.0,0.0,0,0,0,0,0,0,104,40,0.5264814,0.1754938,0,0,0.0,0.0,0.0,0,0,0,1,0,0,0,0,0,0.0,0.0,0.0,0,0,0,0,0,0,3,0,1,0,29200,28960,0,32,0.0,0.0,0,0,0.0,0.0,0,0
6,8792469,4,4,602,364,602,0,150.5,301.0,364,0,91.0,182.0,109.8667507,0.909869571,1256067.0,2172183.5,5003064,96,3789405,1263135.0,2183694.0,3784647,814,8792329,2930776.2,2607394.0,5003595,3317,0,0,0,0,136,136,0.45493478,0.45493478,0,602,107.333336,221.13797,48902.0,0,0,0,1,0,0,0,0,1,120.75,150.5,91.0,0,0,0,0,0,0,4,602,4,364,29200,236,1,32,0.0,0.0,0,0,0.0,0.0,0,0
6,5431272,3,1,0,0,0,0,0.0,0.0,0,0,0.0,0.0,0.0,0.736475728,1810424.0,3135148.8,5430582,128,5431272,2715636.0,3839513.5,5430582,690,0,0.0,0.0,0,0,0,0,0,0,104,40,0.5523568,0.18411893,0,0,0.0,0.0,0.0,0,0,0,1,0,0,0,0,0,0.0,0.0,0.0,0,0,0,0,0,0,3,0,1,0,29200,28960,0,32,0.0,0.0,0,0,0.0,0.0,0,0
6,52,1,1,0,0,0,0,0.0,0.0,0,0,0.0,0.0,0.0,38461.53846,52.0,0.0,52,52,0,0.0,0.0,0,0,0,0.0,0.0,0,0,0,0,0,0,32,32,19230.77,19230.77,0,0,0.0,0.0,0.0,0,0,0,0,1,1,0,0,1,0.0,0.0,0.0,0,0,0,0,0,0,1,0,1,0,237,235,0,32,0.0,0.0,0,0,0.0,0.0,0,0
6,5375369,3,1,0,0,0,0,0.0,0.0,0,0,0.0,0.0,0.0,0.744134961,1791789.6,3102727.8,5374511,70,5375369,2687684.5,3799746.5,5374511,858,0,0.0,0.0,0,0,0,0,0,0,104,40,0.55810124,0.18603374,0,0,0.0,0.0,0.0,0,0,0,1,0,0,0,0,0,0.0,0.0,0.0,0,0,0,0,0,0,3,0,1,0,29200,28960,0,32,0.0,0.0,0,0,0.0,0.0,0,0
6,5961168,3,1,0,0,0,0,0.0,0.0,0,0,0.0,0.0,0.0,0.67100944,1987056.0,3441087.0,5960481,130,5961168,2980584.0,4214211.0,5960481,687,0,0.0,0.0,0,0,0,0,0,0,104,40,0.5032571,0.16775236,0,0,0.0,0.0,0.0,0,0,0,1,0,0,0,0,0,0.0,0.0,0.0,0,0,0,0,0,0,3,0,1,0,29200,28960,0,32,0.0,0.0,0,0,0.0,0.0,0,0
6,5809009,3,1,0,0,0,0,0.0,0.0,0,0,0.0,0.0,0.0,0.688585609,1936336.4,3353092.5,5808154,124,5809009,2904504.5,4106380.5,5808154,855,0,0.0,0.0,0,0,0,0,0,0,104,40,0.5164392,0.1721464,0,0,0.0,0.0,0.0,0,0,0,1,0,0,0,0,0,0.0,0.0,0.0,0,0,0,0,0,0,3,0,1,0,29200,28960,0,32,0.0,0.0,0,0,0.0,0.0,0,0
6,5320718,3,1,0,0,0,0,0.0,0.0,0,0,0.0,0.0,0.0,0.751778237,1773572.6,3071148.0,5319829,133,5320718,2660359.0,3761058.5,5319829,889,0,0.0,0.0,0,0,0,0,0,0,104,40,0.56383365,0.18794456,0,0,0.0,0.0,0.0,0,0,0,1,0,0,0,0,0,0.0,0.0,0.0,0,0,0,0,0,0,3,0,1,0,29200,28960,0,32,0.0,0.0,0,0,0.0,0.0,0,0
6,5893741,3,1,0,0,0,0,0.0,0.0,0,0,0.0,0.0,0.0,0.678686084,1964580.4,3401978.8,5892847,124,5893741,2946870.5,4166240.0,5892847,894,0,0.0,0.0,0,0,0,0,0,0,104,40,0.50901455,0.16967152,0,0,0.0,0.0,0.0,0,0,0,1,0,0,0,0,0,0.0,0.0,0.0,0,0,0,0,0,0,3,0,1,0,29200,28960,0,32,0.0,0.0,0,0,0.0,0.0,0,0
6,5936694,3,1,0,0,0,0,0.0,0.0,0,0,0.0,0.0,0.0,0.673775674,1978898.0,3426766.5,5935787,108,5936694,2968347.0,4196594.0,5935787,907,0,0.0,0.0,0,0,0,0,0,0,104,40,0.50533175,0.16844392,0,0,0.0,0.0,0.0,0,0,0,1,0,0,0,0,0,0.0,0.0,0.0,0,0,0,0,0,0,3,0,1,0,29200,28960,0,32,0.0,0.0,0,0,0.0,0.0,0,0
6,5662798,3,1,0,0,0,0,0.0,0.0,0,0,0.0,0.0,0.0,0.706364592,1887599.4,3268666.2,5661930,79,5662798,2831399.0,4002975.2,5661930,868,0,0.0,0.0,0,0,0,0,0,0,104,40,0.5297735,0.17659114,0,0,0.0,0.0,0.0,0,0,0,1,0,0,0,0,0,0.0,0.0,0.0,0,0,0,0,0,0,3,0,1,0,29200,28960,0,32,0.0,0.0,0,0,0.0,0.0,0,0
6,5036163,3,1,0,0,0,0,0.0,0.0,0,0,0.0,0.0,0.0,0.794255468,1678721.0,2906901.0,5035321,115,5036163,2518081.5,3559914.2,5035321,842,0,0.0,0.0,0,0,0,0,0,0,104,40,0.5956916,0.19856387,0,0,0.0,0.0,0.0,0,0,0,1,0,0,0,0,0,0.0,0.0,0.0,0,0,0,0,0,0,3,0,1,0,29200,28960,0,32,0.0,0.0,0,0,0.0,0.0,0,0
6,5810714,3,1,0,0,0,0,0.0,0.0,0,0,0.0,0.0,0.0,0.688383562,1936904.6,3354031.0,5809806,169,5810714,2905357.0,4107511.2,5809806,908,0,0.0,0.0,0,0,0,0,0,0,104,40,0.5162877,0.1720959,0,0,0.0,0.0,0.0,0,0,0,1,0,0,0,0,0,0.0,0.0,0.0,0,0,0,0,0,0,3,0,1,0,29200,28960,0,32,0.0,0.0,0,0,0.0,0.0,0,0
6,33953460,203,104,43906,72180,602,0,216.28572,228.49318,1068,0,694.03845,362.5408,3418.97409,9.041788377,110959.02,291000.62,2284429,45,34000000,168075.39,344828.75,2284429,657,34000000,329644.0,450124.75,2285004,46,0,0,0,0,6504,3336,5.978772,3.0630162,0,1068,376.9026,360.61365,130042.2,0,0,0,1,0,0,0,0,0,378.13028,216.28572,694.03845,0,0,0,0,0,0,203,43906,104,72180,29200,1176,101,32,0.0,0.0,0,0,0.0,0.0,0,0
6,5819578,3,1,0,0,0,0,0.0,0.0,0,0,0.0,0.0,0.0,0.687335061,1939859.4,3359180.8,5818707,96,5819578,2909789.0,4113831.2,5818707,871,0,0.0,0.0,0,0,0,0,0,0,104,40,0.5155013,0.17183377,0,0,0.0,0.0,0.0,0,0,0,1,0,0,0,0,0,0.0,0.0,0.0,0,0,0,0,0,0,3,0,1,0,29200,28960,0,32,0.0,0.0,0,0,0.0,0.0,0,0
6,9803397,4,4,383,370,383,0,95.75,191.5,370,0,92.5,185.0,76.8101098,0.816043663,1400485.2,2391591.5,5004637,128,4798760,1599586.6,2768153.5,4795975,889,9803263,3267754.2,2830826.8,5005194,1211,0,0,0,0,136,136,0.40802184,0.40802184,0,383,83.666664,166.0527,27573.5,0,0,0,1,0,0,0,0,1,94.125,95.75,92.5,0,0,0,0,0,0,4,383,4,370,29200,235,1,32,0.0,0.0,0,0,0.0,0.0,0,0
6,5103983,3,1,0,0,0,0,0.0,0.0,0,0,0.0,0.0,0.0,0.78370167,1701327.6,2946254.2,5103369,127,5103983,2551991.5,3608192.8,5103369,614,0,0.0,0.0,0,0,0,0,0,0,104,40,0.58777624,0.19592541,0,0,0.0,0.0,0.0,0,0,0,1,0,0,0,0,0,0.0,0.0,0.0,0,0,0,0,0,0,3,0,1,0,29200,28960,0,32,0.0,0.0,0,0,0.0,0.0,0,0
6,90,1,1,0,0,0,0,0.0,0.0,0,0,0.0,0.0,0.0,22222.22222,90.0,0.0,90,90,0,0.0,0.0,0,0,0,0.0,0.0,0,0,0,0,0,0,32,32,11111.111,11111.111,0,0,0.0,0.0,0.0,0,0,0,0,1,1,0,0,1,0.0,0.0,0.0,0,0,0,0,0,0,1,0,1,0,1444,1176,0,32,0.0,0.0,0,0,0.0,0.0,0,0
6,5223050,3,1,0,0,0,0,0.0,0.0,0,0,0.0,0.0,0.0,0.765836054,1741016.6,3014909.2,5222334,164,5223050,2611525.0,3692241.5,5222334,716,0,0.0,0.0,0,0,0,0,0,0,104,40,0.57437706,0.19145902,0,0,0.0,0.0,0.0,0,0,0,1,0,0,0,0,0,0.0,0.0,0.0,0,0,0,0,0,0,3,0,1,0,29200,28960,0,32,0.0,0.0,0,0,0.0,0.0,0,0
6,5886172,3,1,0,0,0,0,0.0,0.0,0,0,0.0,0.0,0.0,0.679558803,1962057.4,3397874.8,5885585,127,5886172,2943086.0,4161322.0,5885585,587,0,0.0,0.0,0,0,0,0,0,0,104,40,0.5096691,0.1698897,0,0,0.0,0.0,0.0,0,0,0,1,0,0,0,0,0,0.0,0.0,0.0,0,0,0,0,0,0,3,0,1,0,29200,28960,0,32,0.0,0.0,0,0,0.0,0.0,0,0
6,5344025,3,1,0,0,0,0,0.0,0.0,0,0,0.0,0.0,0.0,0.748499492,1781341.6,3084616.5,5343150,139,5344025,2672012.5,3777559.0,5343150,875,0,0.0,0.0,0,0,0,0,0,0,104,40,0.5613746,0.18712488,0,0,0.0,0.0,0.0,0,0,0,1,0,0,0,0,0,0.0,0.0,0.0,0,0,0,0,0,0,3,0,1,0,29200,28960,0,32,0.0,0.0,0,0,0.0,0.0,0,0
6,5587742,3,1,0,0,0,0,0.0,0.0,0,0,0.0,0.0,0.0,0.715852665,1862580.6,3225462.5,5587024,123,5587742,2793871.0,3950114.8,5587024,718,0,0.0,0.0,0,0,0,0,0,0,104,40,0.5368895,0.17896317,0,0,0.0,0.0,0.0,0,0,0,1,0,0,0,0,0,0.0,0.0,0.0,0,0,0,0,0,0,3,0,1,0,29200,28960,0,32,0.0,0.0,0,0,0.0,0.0,0,0
6,5537889,3,1,0,0,0,0,0.0,0.0,0,0,0.0,0.0,0.0,0.72229689,1845963.0,3196658.2,5537146,170,5537889,2768944.5,3914828.0,5537146,743,0,0.0,0.0,0,0,0,0,0,0,104,40,0.54172266,0.18057422,0,0,0.0,0.0,0.0,0,0,0,1,0,0,0,0,0,0.0,0.0,0.0,0,0,0,0,0,0,3,0,1,0,29200,28960,0,32,0.0,0.0,0,0,0.0,0.0,0,0
6,5712982,3,1,0,0,0,0,0.0,0.0,0,0,0.0,0.0,0.0,0.700159741,1904327.4,3297637.5,5712111,120,5712982,2856491.0,4038456.5,5712111,871,0,0.0,0.0,0,0,0,0,0,0,104,40,0.5251198,0.17503993,0,0,0.0,0.0,0.0,0,0,0,1,0,0,0,0,0,0.0,0.0,0.0,0,0,0,0,0,0,3,0,1,0,29200,28960,0,32,0.0,0.0,0,0,0.0,0.0,0,0
6,5973305,3,1,0,0,0,0,0.0,0.0,0,0,0.0,0.0,0.0,0.669646033,1991101.6,3447981.8,5972488,75,5973305,2986652.5,4222609.0,5972488,817,0,0.0,0.0,0,0,0,0,0,0,104,40,0.5022345,0.1674115,0,0,0.0,0.0,0.0,0,0,0,1,0,0,0,0,0,0.0,0.0,0.0,0,0,0,0,0,0,3,0,1,0,29200,28960,0,32,0.0,0.0,0,0,0.0,0.0,0,0
6,5228381,3,1,0,0,0,0,0.0,0.0,0,0,0.0,0.0,0.0,0.765055186,1742793.6,3017857.2,5227515,97,5228381,2614190.5,3695799.0,5227515,866,0,0.0,0.0,0,0,0,0,0,0,104,40,0.5737914,0.1912638,0,0,0.0,0.0,0.0,0,0,0,1,0,0,0,0,0,0.0,0.0,0.0,0,0,0,0,0,0,3,0,1,0,29200,28960,0,32,0.0,0.0,0,0,0.0,0.0,0,0
6,5267722,3,1,0,0,0,0,0.0,0.0,0,0,0.0,0.0,0.0,0.759341514,1755907.4,3040548.2,5266830,126,5267722,2633861.0,3723580.5,5266830,892,0,0.0,0.0,0,0,0,0,0,0,104,40,0.5695061,0.18983538,0,0,0.0,0.0,0.0,0,0,0,1,0,0,0,0,0,0.0,0.0,0.0,0,0,0,0,0,0,3,0,1,0,29200,28960,0,32,0.0,0.0,0,0,0.0,0.0,0,0
6,5524204,3,1,0,0,0,0,0.0,0.0,0,0,0.0,0.0,0.0,0.724086221,1841401.4,3188800.5,5523511,121,5524204,2762102.0,3905222.0,5523511,693,0,0.0,0.0,0,0,0,0,0,0,104,40,0.54306465,0.18102156,0,0,0.0,0.0,0.0,0,0,0,1,0,0,0,0,0,0.0,0.0,0.0,0,0,0,0,0,0,3,0,1,0,29200,28960,0,32,0.0,0.0,0,0,0.0,0.0,0,0
6,5011524,3,1,0,0,0,0,0.0,0.0,0,0,0.0,0.0,0.0,0.7981604,1670508.0,2892781.2,5010804,115,5011524,2505762.0,3542664.2,5010804,720,0,0.0,0.0,0,0,0,0,0,0,104,40,0.5986203,0.1995401,0,0,0.0,0.0,0.0,0,0,0,1,0,0,0,0,0,0.0,0.0,0.0,0,0,0,0,0,0,3,0,1,0,29200,28960,0,32,0.0,0.0,0,0,0.0,0.0,0,0
6,5685747,3,1,0,0,0,0,0.0,0.0,0,0,0.0,0.0,0.0,0.70351354,1895249.0,3281941.8,5684909,149,5685747,2842873.5,4019245.2,5684909,838,0,0.0,0.0,0,0,0,0,0,0,104,40,0.52763516,0.17587839,0,0,0.0,0.0,0.0,0,0,0,1,0,0,0,0,0,0.0,0.0,0.0,0,0,0,0,0,0,3,0,1,0,29200,28960,0,32,0.0,0.0,0,0,0.0,0.0,0,0
6,5738475,3,1,0,0,0,0,0.0,0.0,0,0,0.0,0.0,0.0,0.697049303,1912825.0,3312490.0,5737759,151,5738475,2869237.5,4056702.0,5737759,716,0,0.0,0.0,0,0,0,0,0,0,104,40,0.522787,0.17426233,0,0,0.0,0.0,0.0,0,0,0,1,0,0,0,0,0,0.0,0.0,0.0,0,0,0,0,0,0,3,0,1,0,29200,28960,0,32,0.0,0.0,0,0,0.0,0.0,0,0
6,63,1,1,0,0,0,0,0.0,0.0,0,0,0.0,0.0,0.0,31746.03175,63.0,0.0,63,63,0,0.0,0.0,0,0,0,0.0,0.0,0,0,0,0,0,0,32,32,15873.016,15873.016,0,0,0.0,0.0,0.0,0,0,0,0,1,1,0,0,1,0.0,0.0,0.0,0,0,0,0,0,0,1,0,1,0,1444,1174,0,32,0.0,0.0,0,0,0.0,0.0,0,0
6,5886982,3,1,0,0,0,0,0.0,0.0,0,0,0.0,0.0,0.0,0.679465302,1962327.4,3398096.2,5886111,131,5886982,2943491.0,4161493.0,5886111,871,0,0.0,0.0,0,0,0,0,0,0,104,40,0.509599,0.16986632,0,0,0.0,0.0,0.0,0,0,0,1,0,0,0,0,0,0.0,0.0,0.0,0,0,0,0,0,0,3,0,1,0,29200,28960,0,32,0.0,0.0,0,0,0.0,0.0,0,0
6,5387997,3,1,0,0,0,0,0.0,0.0,0,0,0.0,0.0,0.0,0.742390911,1795999.0,3110149.2,5387290,132,5387997,2693998.5,3808889.2,5387290,707,0,0.0,0.0,0,0,0,0,0,0,104,40,0.55679315,0.18559773,0,0,0.0,0.0,0.0,0,0,0,1,0,0,0,0,0,0.0,0.0,0.0,0,0,0,0,0,0,3,0,1,0,29200,28960,0,32,0.0,0.0,0,0,0.0,0.0,0,0
6,5732160,3,1,0,0,0,0,0.0,0.0,0,0,0.0,0.0,0.0,0.697817228,1910720.0,3308853.5,5731455,127,5732160,2866080.0,4052252.2,5731455,705,0,0.0,0.0,0,0,0,0,0,0,104,40,0.52336293,0.1744543,0,0,0.0,0.0,0.0,0,0,0,1,0,0,0,0,0,0.0,0.0,0.0,0,0,0,0,0,0,3,0,1,0,29200,28960,0,32,0.0,0.0,0,0,0.0,0.0,0,0
6,93,1,1,0,0,0,0,0.0,0.0,0,0,0.0,0.0,0.0,21505.37634,93.0,0.0,93,93,0,0.0,0.0,0,0,0,0.0,0.0,0,0,0,0,0,0,32,32,10752.688,10752.688,0,0,0.0,0.0,0.0,0,0,0,0,1,1,0,0,1,0.0,0.0,0.0,0,0,0,0,0,0,1,0,1,0,1444,1174,0,32,0.0,0.0,0,0,0.0,0.0,0,0
6,5507166,3,1,0,0,0,0,0.0,0.0,0,0,0.0,0.0,0.0,0.72632639,1835722.0,3179009.5,5506526,127,5507166,2753583.0,3893249.2,5506526,640,0,0.0,0.0,0,0,0,0,0,0,104,40,0.5447448,0.1815816,0,0,0.0,0.0,0.0,0,0,0,1,0,0,0,0,0,0.0,0.0,0.0,0,0,0,0,0,0,3,0,1,0,29200,28960,0,32,0.0,0.0,0,0,0.0,0.0,0,0
6,5804223,3,1,0,0,0,0,0.0,0.0,0,0,0.0,0.0,0.0,0.689153397,1934741.0,3350291.2,5803324,98,5804223,2902111.5,4102934.0,5803324,899,0,0.0,0.0,0,0,0,0,0,0,104,40,0.5168651,0.17228834,0,0,0.0,0.0,0.0,0,0,0,1,0,0,0,0,0,0.0,0.0,0.0,0,0,0,0,0,0,3,0,1,0,29200,28960,0,32,0.0,0.0,0,0,0.0,0.0,0,0
6,5874411,3,1,0,0,0,0,0.0,0.0,0,0,0.0,0.0,0.0,0.68091933,1958137.0,3390987.5,5873712,125,5874411,2937205.5,4152847.2,5873712,699,0,0.0,0.0,0,0,0,0,0,0,104,40,0.5106895,0.17022984,0,0,0.0,0.0,0.0,0,0,0,1,0,0,0,0,0,0.0,0.0,0.0,0,0,0,0,0,0,3,0,1,0,29200,28960,0,32,0.0,0.0,0,0,0.0,0.0,0,0
6,70,1,1,0,0,0,0,0.0,0.0,0,0,0.0,0.0,0.0,28571.42857,70.0,0.0,70,70,0,0.0,0.0,0,0,0,0.0,0.0,0,0,0,0,0,0,32,32,14285.714,14285.714,0,0,0.0,0.0,0.0,0,0,0,0,1,1,0,0,1,0.0,0.0,0.0,0,0,0,0,0,0,1,0,1,0,237,235,0,32,0.0,0.0,0,0,0.0,0.0,0,0
6,106,1,1,0,0,0,0,0.0,0.0,0,0,0.0,0.0,0.0,18867.92453,106.0,0.0,106,106,0,0.0,0.0,0,0,0,0.0,0.0,0,0,0,0,0,0,32,32,9433.962,9433.962,0,0,0.0,0.0,0.0,0,0,0,0,1,1,0,0,1,0.0,0.0,0.0,0,0,0,0,0,0,1,0,1,0,237,236,0,32,0.0,0.0,0,0,0.0,0.0,0,0
6,5092134,3,1,0,0,0,0,0.0,0.0,0,0,0.0,0.0,0.0,0.785525283,1697378.0,2939321.5,5091414,113,5092134,2546067.0,3599664.2,5091414,720,0,0.0,0.0,0,0,0,0,0,0,104,40,0.589144,0.19638132,0,0,0.0,0.0,0.0,0,0,0,1,0,0,0,0,0,0.0,0.0,0.0,0,0,0,0,0,0,3,0,1,0,29200,28960,0,32,0.0,0.0,0,0,0.0,0.0,0,0
6,5818187,3,1,0,0,0,0,0.0,0.0,0,0,0.0,0.0,0.0,0.687499388,1939395.6,3358334.2,5817266,157,5818187,2909093.5,4112777.0,5817266,921,0,0.0,0.0,0,0,0,0,0,0,104,40,0.5156245,0.17187485,0,0,0.0,0.0,0.0,0,0,0,1,0,0,0,0,0,0.0,0.0,0.0,0,0,0,0,0,0,3,0,1,0,29200,28960,0,32,0.0,0.0,0,0,0.0,0.0,0,0
6,5857015,3,1,0,0,0,0,0.0,0.0,0,0,0.0,0.0,0.0,0.682941737,1952338.4,3380814.8,5856167,98,5857015,2928507.5,4140335.8,5856167,848,0,0.0,0.0,0,0,0,0,0,0,104,40,0.5122063,0.17073543,0,0,0.0,0.0,0.0,0,0,0,1,0,0,0,0,0,0.0,0.0,0.0,0,0,0,0,0,0,3,0,1,0,29200,28960,0,32,0.0,0.0,0,0,0.0,0.0,0,0
6,5608522,3,1,0,0,0,0,0.0,0.0,0,0,0.0,0.0,0.0,0.713200376,1869507.4,3237396.8,5607731,94,5608522,2804261.0,3964705.2,5607731,791,0,0.0,0.0,0,0,0,0,0,0,104,40,0.5349003,0.1783001,0,0,0.0,0.0,0.0,0,0,0,1,0,0,0,0,0,0.0,0.0,0.0,0,0,0,0,0,0,3,0,1,0,29200,28960,0,32,0.0,0.0,0,0,0.0,0.0,0,0
6,5871175,3,1,0,0,0,0,0.0,0.0,0,0,0.0,0.0,0.0,0.68129463,1957058.4,3388957.2,5870289,123,5871175,2935587.5,4150294.8,5870289,886,0,0.0,0.0,0,0,0,0,0,0,104,40,0.51097095,0.17032366,0,0,0.0,0.0,0.0,0,0,0,1,0,0,0,0,0,0.0,0.0,0.0,0,0,0,0,0,0,3,0,1,0,29200,28960,0,32,0.0,0.0,0,0,0.0,0.0,0,0
6,5838855,3,1,0,0,0,0,0.0,0.0,0,0,0.0,0.0,0.0,0.685065822,1946285.0,3370440.0,5838134,147,5838855,2919427.5,4127674.2,5838134,721,0,0.0,0.0,0,0,0,0,0,0,104,40,0.51379937,0.17126645,0,0,0.0,0.0,0.0,0,0,0,1,0,0,0,0,0,0.0,0.0,0.0,0,0,0,0,0,0,3,0,1,0,29200,28960,0,32,0.0,0.0,0,0,0.0,0.0,0,0
6,508,2,1,0,0,0,0,0.0,0.0,0,0,0.0,0.0,0.0,5905.511811,254.0,309.71277,473,35,508,508.0,0.0,508,508,0,0.0,0.0,0,0,0,0,0,0,64,32,3937.0078,1968.5039,0,0,0.0,0.0,0.0,0,0,0,0,1,1,0,0,0,0.0,0.0,0.0,0,0,0,0,0,0,2,0,1,0,237,235,0,32,0.0,0.0,0,0,0.0,0.0,0,0
6,43,1,1,0,0,0,0,0.0,0.0,0,0,0.0,0.0,0.0,46511.62791,43.0,0.0,43,43,0,0.0,0.0,0,0,0,0.0,0.0,0,0,0,0,0,0,32,32,23255.814,23255.814,0,0,0.0,0.0,0.0,0,0,0,0,1,1,0,0,1,0.0,0.0,0.0,0,0,0,0,0,0,1,0,1,0,258,235,0,32,0.0,0.0,0,0,0.0,0.0,0,0
6,5005388,5,3,599,2021,599,0,119.8,267.88095,2021,0,673.6667,1166.825,523.4359454,1.598277696,715055.44,1889547.2,5000145,4,5005388,1251347.0,2499199.2,5000145,4,4429,2214.5,1892.9248,3553,876,0,0,0,0,168,104,0.99892354,0.59935415,0,2021,291.1111,678.2819,460066.38,0,0,0,1,0,0,0,0,0,327.5,119.8,673.6667,0,0,0,0,0,0,5,599,3,2021,29200,236,1,32,0.0,0.0,0,0,0.0,0.0,0,0
6,71,1,1,0,0,0,0,0.0,0.0,0,0,0.0,0.0,0.0,28169.01408,71.0,0.0,71,71,0,0.0,0.0,0,0,0,0.0,0.0,0,0,0,0,0,0,32,32,14084.507,14084.507,0,0,0.0,0.0,0.0,0,0,0,0,1,1,0,0,1,0.0,0.0,0.0,0,0,0,0,0,0,1,0,1,0,237,235,0,32,0.0,0.0,0,0,0.0,0.0,0,0
6,5512253,3,1,0,0,0,0,0.0,0.0,0,0,0.0,0.0,0.0,0.725656097,1837417.6,3181718.8,5511350,117,5512253,2756126.5,3896474.5,5511350,903,0,0.0,0.0,0,0,0,0,0,0,104,40,0.5442421,0.18141402,0,0,0.0,0.0,0.0,0,0,0,1,0,0,0,0,0,0.0,0.0,0.0,0,0,0,0,0,0,3,0,1,0,29200,28960,0,32,0.0,0.0,0,0,0.0,0.0,0,0
6,5602447,3,1,0,0,0,0,0.0,0.0,0,0,0.0,0.0,0.0,0.713973733,1867482.4,3233878.8,5601644,156,5602447,2801223.5,3960392.8,5601644,803,0,0.0,0.0,0,0,0,0,0,0,104,40,0.5354803,0.17849344,0,0,0.0,0.0,0.0,0,0,0,1,0,0,0,0,0,0.0,0.0,0.0,0,0,0,0,0,0,3,0,1,0,29200,28960,0,32,0.0,0.0,0,0,0.0,0.0,0,0
6,5249668,3,1,0,0,0,0,0.0,0.0,0,0,0.0,0.0,0.0,0.761952946,1749889.4,3030130.0,5248782,90,5249668,2624834.0,3710822.8,5248782,886,0,0.0,0.0,0,0,0,0,0,0,104,40,0.5714647,0.19048823,0,0,0.0,0.0,0.0,0,0,0,1,0,0,0,0,0,0.0,0.0,0.0,0,0,0,0,0,0,3,0,1,0,29200,28960,0,32,0.0,0.0,0,0,0.0,0.0,0,0
6,5450476,3,1,0,0,0,0,0.0,0.0,0,0,0.0,0.0,0.0,0.733880857,1816825.4,3146055.2,5449577,131,5450476,2725238.0,3852797.2,5449577,899,0,0.0,0.0,0,0,0,0,0,0,104,40,0.5504106,0.18347022,0,0,0.0,0.0,0.0,0,0,0,1,0,0,0,0,0,0.0,0.0,0.0,0,0,0,0,0,0,3,0,1,0,29200,28960,0,32,0.0,0.0,0,0,0.0,0.0,0,0
6,5707536,3,1,0,0,0,0,0.0,0.0,0,0,0.0,0.0,0.0,0.700827818,1902512.0,3294604.8,5706794,102,5707536,2853768.0,4034788.0,5706794,742,0,0.0,0.0,0,0,0,0,0,0,104,40,0.5256209,0.17520696,0,0,0.0,0.0,0.0,0,0,0,1,0,0,0,0,0,0.0,0.0,0.0,0,0,0,0,0,0,3,0,1,0,29200,28960,0,32,0.0,0.0,0,0,0.0,0.0,0,0
6,5492046,3,1,0,0,0,0,0.0,0.0,0,0,0.0,0.0,0.0,0.728326019,1830682.0,3170153.5,5491260,128,5492046,2746023.0,3882351.5,5491260,786,0,0.0,0.0,0,0,0,0,0,0,104,40,0.5462445,0.1820815,0,0,0.0,0.0,0.0,0,0,0,1,0,0,0,0,0,0.0,0.0,0.0,0,0,0,0,0,0,3,0,1,0,29200,28960,0,32,0.0,0.0,0,0,0.0,0.0,0,0
6,5779559,3,1,0,0,0,0,0.0,0.0,0,0,0.0,0.0,0.0,0.692094328,1926519.6,3336210.8,5778844,115,5779559,2889779.5,4085754.2,5778844,715,0,0.0,0.0,0,0,0,0,0,0,104,40,0.51907074,0.17302358,0,0,0.0,0.0,0.0,0,0,0,1,0,0,0,0,0,0.0,0.0,0.0,0,0,0,0,0,0,3,0,1,0,29200,28960,0,32,0.0,0.0,0,0,0.0,0.0,0,0
6,5148819,3,1,0,0,0,0,0.0,0.0,0,0,0.0,0.0,0.0,0.776877183,1716273.0,2972072.8,5148127,120,5148819,2574409.5,3639786.2,5148127,692,0,0.0,0.0,0,0,0,0,0,0,104,40,0.5826579,0.19421929,0,0,0.0,0.0,0.0,0,0,0,1,0,0,0,0,0,0.0,0.0,0.0,0,0,0,0,0,0,3,0,1,0,29200,28960,0,32,0.0,0.0,0,0,0.0,0.0,0,0
6,5649207,3,1,0,0,0,0,0.0,0.0,0,0,0.0,0.0,0.0,0.708063981,1883069.0,3260807.2,5648325,133,5649207,2824603.5,3993345.2,5648325,882,0,0.0,0.0,0,0,0,0,0,0,104,40,0.531048,0.17701599,0,0,0.0,0.0,0.0,0,0,0,1,0,0,0,0,0,0.0,0.0,0.0,0,0,0,0,0,0,3,0,1,0,29200,28960,0,32,0.0,0.0,0,0,0.0,0.0,0,0
6,5355437,3,1,0,0,0,0,0.0,0.0,0,0,0.0,0.0,0.0,0.746904501,1785145.6,3091212.2,5354570,122,5355437,2677718.5,3785639.8,5354570,867,0,0.0,0.0,0,0,0,0,0,0,104,40,0.5601784,0.18672612,0,0,0.0,0.0,0.0,0,0,0,1,0,0,0,0,0,0.0,0.0,0.0,0,0,0,0,0,0,3,0,1,0,29200,28960,0,32,0.0,0.0,0,0,0.0,0.0,0,0
6,5975522,3,1,0,0,0,0,0.0,0.0,0,0,0.0,0.0,0.0,0.669397586,1991840.6,3449219.2,5974656,95,5975522,2987761.0,4224107.5,5974656,866,0,0.0,0.0,0,0,0,0,0,0,104,40,0.5020482,0.1673494,0,0,0.0,0.0,0.0,0,0,0,1,0,0,0,0,0,0.0,0.0,0.0,0,0,0,0,0,0,3,0,1,0,29200,28960,0,32,0.0,0.0,0,0,0.0,0.0,0,0
6,5564925,3,1,0,0,0,0,0.0,0.0,0,0,0.0,0.0,0.0,0.718787764,1854975.0,3211164.2,5562908,152,5564925,2782462.5,3932143.8,5562908,2017,0,0.0,0.0,0,0,0,0,0,0,104,40,0.5390908,0.17969695,0,0,0.0,0.0,0.0,0,0,0,1,0,0,0,0,0,0.0,0.0,0.0,0,0,0,0,0,0,3,0,1,0,29200,28960,0,32,0.0,0.0,0,0,0.0,0.0,0,0
6,5184440,3,1,0,0,0,0,0.0,0.0,0,0,0.0,0.0,0.0,0.771539453,1728146.6,2992473.2,5183557,125,5184440,2592220.0,3664704.0,5183557,883,0,0.0,0.0,0,0,0,0,0,0,104,40,0.5786546,0.19288486,0,0,0.0,0.0,0.0,0,0,0,1,0,0,0,0,0,0.0,0.0,0.0,0,0,0,0,0,0,3,0,1,0,29200,28960,0,32,0.0,0.0,0,0,0.0,0.0,0,0
6,5558383,3,1,0,0,0,0,0.0,0.0,0,0,0.0,0.0,0.0,0.71963375,1852794.4,3208371.0,5557502,127,5558383,2779191.5,3929124.5,5557502,881,0,0.0,0.0,0,0,0,0,0,0,104,40,0.5397253,0.17990844,0,0,0.0,0.0,0.0,0,0,0,1,0,0,0,0,0,0.0,0.0,0.0,0,0,0,0,0,0,3,0,1,0,29200,28960,0,32,0.0,0.0,0,0,0.0,0.0,0,0
6,5995367,3,1,0,0,0,0,0.0,0.0,0,0,0.0,0.0,0.0,0.667181842,1998455.6,3460645.5,5994465,148,5995367,2997683.5,4238089.0,5994465,902,0,0.0,0.0,0,0,0,0,0,0,104,40,0.50038636,0.16679546,0,0,0.0,0.0,0.0,0,0,0,1,0,0,0,0,0,0.0,0.0,0.0,0,0,0,0,0,0,3,0,1,0,29200,28960,0,32,0.0,0.0,0,0,0.0,0.0,0,0
6,5567801,3,1,0,0,0,0,0.0,0.0,0,0,0.0,0.0,0.0,0.718416481,1855933.6,3213798.0,5566908,167,5567801,2783900.5,3935767.0,5566908,893,0,0.0,0.0,0,0,0,0,0,0,104,40,0.53881234,0.17960411,0,0,0.0,0.0,0.0,0,0,0,1,0,0,0,0,0,0.0,0.0,0.0,0,0,0,0,0,0,3,0,1,0,29200,28960,0,32,0.0,0.0,0,0,0.0,0.0,0,0
6,3958444,3,1,0,0,0,0,0.0,0.0,0,0,0.0,0.0,0.0,1.010498064,1319481.4,2284898.8,3957855,65,3958444,1979222.0,2798209.5,3957855,589,0,0.0,0.0,0,0,0,0,0,0,104,40,0.75787354,0.2526245,0,0,0.0,0.0,0.0,0,0,0,1,0,0,0,0,0,0.0,0.0,0.0,0,0,0,0,0,0,3,0,1,0,29200,28960,0,32,0.0,0.0,0,0,0.0,0.0,0,0
6,5555331,3,1,0,0,0,0,0.0,0.0,0,0,0.0,0.0,0.0,0.720029104,1851777.0,3206609.0,5554450,160,5555331,2777665.5,3926966.2,5554450,881,0,0.0,0.0,0,0,0,0,0,0,104,40,0.54002184,0.18000728,0,0,0.0,0.0,0.0,0,0,0,1,0,0,0,0,0,0.0,0.0,0.0,0,0,0,0,0,0,3,0,1,0,29200,28960,0,32,0.0,0.0,0,0,0.0,0.0,0,0
6,5308282,3,1,0,0,0,0,0.0,0.0,0,0,0.0,0.0,0.0,0.753539469,1769427.4,3063994.2,5307423,128,5308282,2654141.0,3752307.5,5307423,859,0,0.0,0.0,0,0,0,0,0,0,104,40,0.5651546,0.18838486,0,0,0.0,0.0,0.0,0,0,0,1,0,0,0,0,0,0.0,0.0,0.0,0,0,0,0,0,0,3,0,1,0,29200,28960,0,32,0.0,0.0,0,0,0.0,0.0,0,0
6,5500437,3,1,0,0,0,0,0.0,0.0,0,0,0.0,0.0,0.0,0.727214947,1833479.0,3175059.5,5499722,110,5500437,2750218.5,3888385.2,5499722,715,0,0.0,0.0,0,0,0,0,0,0,104,40,0.5454112,0.18180373,0,0,0.0,0.0,0.0,0,0,0,1,0,0,0,0,0,0.0,0.0,0.0,0,0,0,0,0,0,3,0,1,0,29200,28960,0,32,0.0,0.0,0,0,0.0,0.0,0,0
6,5298431,3,1,0,0,0,0,0.0,0.0,0,0,0.0,0.0,0.0,0.754940472,1766143.6,3058283.2,5297545,124,5298431,2649215.5,3745303.5,5297545,886,0,0.0,0.0,0,0,0,0,0,0,104,40,0.5662054,0.18873511,0,0,0.0,0.0,0.0,0,0,0,1,0,0,0,0,0,0.0,0.0,0.0,0,0,0,0,0,0,3,0,1,0,29200,28960,0,32,0.0,0.0,0,0,0.0,0.0,0,0
6,5949382,3,1,0,0,0,0,0.0,0.0,0,0,0.0,0.0,0.0,0.67233874,1983127.4,3434323.0,5948742,54,5949382,2974691.0,4205943.5,5948742,640,0,0.0,0.0,0,0,0,0,0,0,104,40,0.50425404,0.16808468,0,0,0.0,0.0,0.0,0,0,0,1,0,0,0,0,0,0.0,0.0,0.0,0,0,0,0,0,0,3,0,1,0,29200,28960,0,32,0.0,0.0,0,0,0.0,0.0,0,0
6,5754952,3,1,0,0,0,0,0.0,0.0,0,0,0.0,0.0,0.0,0.695053582,1918317.4,3321857.5,5754068,162,5754952,2877476.0,4068115.5,5754068,884,0,0.0,0.0,0,0,0,0,0,0,104,40,0.5212902,0.1737634,0,0,0.0,0.0,0.0,0,0,0,1,0,0,0,0,0,0.0,0.0,0.0,0,0,0,0,0,0,3,0,1,0,29200,28960,0,32,0.0,0.0,0,0,0.0,0.0,0,0
6,5600859,3,1,0,0,0,0,0.0,0.0,0,0,0.0,0.0,0.0,0.714176165,1866953.0,3233034.0,5600139,151,5600859,2800429.5,3959387.2,5600139,720,0,0.0,0.0,0,0,0,0,0,0,104,40,0.53563213,0.17854404,0,0,0.0,0.0,0.0,0,0,0,1,0,0,0,0,0,0.0,0.0,0.0,0,0,0,0,0,0,3,0,1,0,29200,28960,0,32,0.0,0.0,0,0,0.0,0.0,0,0
6,5680191,3,1,0,0,0,0,0.0,0.0,0,0,0.0,0.0,0.0,0.704201672,1893397.0,3278703.8,5679318,155,5680191,2840095.5,4015267.0,5679318,873,0,0.0,0.0,0,0,0,0,0,0,104,40,0.5281513,0.17605042,0,0,0.0,0.0,0.0,0,0,0,1,0,0,0,0,0,0.0,0.0,0.0,0,0,0,0,0,0,3,0,1,0,29200,28960,0,32,0.0,0.0,0,0,0.0,0.0,0,0
6,5879737,3,1,0,0,0,0,0.0,0.0,0,0,0.0,0.0,0.0,0.680302537,1959912.4,3394068.5,5879045,130,5879737,2939868.5,4156623.2,5879045,692,0,0.0,0.0,0,0,0,0,0,0,104,40,0.5102269,0.17007564,0,0,0.0,0.0,0.0,0,0,0,1,0,0,0,0,0,0.0,0.0,0.0,0,0,0,0,0,0,3,0,1,0,29200,28960,0,32,0.0,0.0,0,0,0.0,0.0,0,0
6,5974036,3,1,0,0,0,0,0.0,0.0,0,0,0.0,0.0,0.0,0.669564094,1991345.4,3448334.5,5973139,103,5974036,2987018.0,4223013.0,5973139,897,0,0.0,0.0,0,0,0,0,0,0,104,40,0.50217307,0.16739102,0,0,0.0,0.0,0.0,0,0,0,1,0,0,0,0,0,0.0,0.0,0.0,0,0,0,0,0,0,3,0,1,0,29200,28960,0,32,0.0,0.0,0,0,0.0,0.0,0,0
6,5175767,3,1,0,0,0,0,0.0,0.0,0,0,0.0,0.0,0.0,0.772832316,1725255.6,2987495.2,5174918,123,5175767,2587883.5,3658619.2,5174918,849,0,0.0,0.0,0,0,0,0,0,0,104,40,0.57962424,0.19320808,0,0,0.0,0.0,0.0,0,0,0,1,0,0,0,0,0,0.0,0.0,0.0,0,0,0,0,0,0,3,0,1,0,29200,28960,0,32,0.0,0.0,0,0,0.0,0.0,0,0
6,5187571,3,1,0,0,0,0,0.0,0.0,0,0,0.0,0.0,0.0,0.771073784,1729190.4,2994341.5,5186758,125,5187571,2593785.5,3667017.0,5186758,813,0,0.0,0.0,0,0,0,0,0,0,104,40,0.57830536,0.19276844,0,0,0.0,0.0,0.0,0,0,0,1,0,0,0,0,0,0.0,0.0,0.0,0,0,0,0,0,0,3,0,1,0,29200,28960,0,32,0.0,0.0,0,0,0.0,0.0,0,0
6,5662693,3,1,0,0,0,0,0.0,0.0,0,0,0.0,0.0,0.0,0.70637769,1887564.4,3268589.2,5661806,126,5662693,2831346.5,4002874.2,5661806,887,0,0.0,0.0,0,0,0,0,0,0,104,40,0.52978325,0.17659442,0,0,0.0,0.0,0.0,0,0,0,1,0,0,0,0,0,0.0,0.0,0.0,0,0,0,0,0,0,3,0,1,0,29200,28960,0,32,0.0,0.0,0,0,0.0,0.0,0,0
6,5414661,3,1,0,0,0,0,0.0,0.0,0,0,0.0,0.0,0.0,0.738735075,1804887.0,3125379.2,5413764,136,5414661,2707330.5,3827475.0,5413764,897,0,0.0,0.0,0,0,0,0,0,0,104,40,0.5540513,0.18468377,0,0,0.0,0.0,0.0,0,0,0,1,0,0,0,0,0,0.0,0.0,0.0,0,0,0,0,0,0,3,0,1,0,29200,28960,0,32,0.0,0.0,0,0,0.0,0.0,0,0
6,5325651,3,1,0,0,0,0,0.0,0.0,0,0,0.0,0.0,0.0,0.751081887,1775217.0,3074005.8,5324773,125,5325651,2662825.5,3764562.2,5324773,878,0,0.0,0.0,0,0,0,0,0,0,104,40,0.5633114,0.18777047,0,0,0.0,0.0,0.0,0,0,0,1,0,0,0,0,0,0.0,0.0,0.0,0,0,0,0,0,0,3,0,1,0,29200,28960,0,32,0.0,0.0,0,0,0.0,0.0,0,0
6,5472760,3,1,0,0,0,0,0.0,0.0,0,0,0.0,0.0,0.0,0.730892639,1824253.4,3159077.8,5472042,105,5472760,2736380.0,3868810.2,5472042,718,0,0.0,0.0,0,0,0,0,0,0,104,40,0.5481695,0.18272316,0,0,0.0,0.0,0.0,0,0,0,1,0,0,0,0,0,0.0,0.0,0.0,0,0,0,0,0,0,3,0,1,0,29200,28960,0,32,0.0,0.0,0,0,0.0,0.0,0,0
6,5915952,3,1,0,0,0,0,0.0,0.0,0,0,0.0,0.0,0.0,0.676138008,1971984.0,3414810.0,5915067,132,5915952,2957976.0,4181958.2,5915067,885,0,0.0,0.0,0,0,0,0,0,0,104,40,0.5071035,0.1690345,0,0,0.0,0.0,0.0,0,0,0,1,0,0,0,0,0,0.0,0.0,0.0,0,0,0,0,0,0,3,0,1,0,29200,28960,0,32,0.0,0.0,0,0,0.0,0.0,0,0
6,5993237,3,1,0,0,0,0,0.0,0.0,0,0,0.0,0.0,0.0,0.667418959,1997745.6,3459479.0,5992408,81,5993237,2996618.5,4236686.0,5992408,829,0,0.0,0.0,0,0,0,0,0,0,104,40,0.5005642,0.16685474,0,0,0.0,0.0,0.0,0,0,0,1,0,0,0,0,0,0.0,0.0,0.0,0,0,0,0,0,0,3,0,1,0,29200,28960,0,32,0.0,0.0,0,0,0.0,0.0,0,0
6,5312848,3,1,0,0,0,0,0.0,0.0,0,0,0.0,0.0,0.0,0.752891858,1770949.4,3065652.8,5310860,125,5312848,2656424.0,3753939.5,5310860,1988,0,0.0,0.0,0,0,0,0,0,0,104,40,0.5646689,0.18822296,0,0,0.0,0.0,0.0,0,0,0,1,0,0,0,0,0,0.0,0.0,0.0,0,0,0,0,0,0,3,0,1,0,29200,28960,0,32,0.0,0.0,0,0,0.0,0.0,0,0
6,5334912,3,1,0,0,0,0,0.0,0.0,0,0,0.0,0.0,0.0,0.749778066,1778304.0,3079337.8,5334017,118,5334912,2667456.0,3771086.8,5334017,895,0,0.0,0.0,0,0,0,0,0,0,104,40,0.5623335,0.18744452,0,0,0.0,0.0,0.0,0,0,0,1,0,0,0,0,0,0.0,0.0,0.0,0,0,0,0,0,0,3,0,1,0,29200,28960,0,32,0.0,0.0,0,0,0.0,0.0,0,0
6,5736127,3,1,0,0,0,0,0.0,0.0,0,0,0.0,0.0,0.0,0.69733463,1912042.4,3311143.0,5735421,167,5736127,2868063.5,4055055.8,5735421,706,0,0.0,0.0,0,0,0,0,0,0,104,40,0.52300096,0.17433366,0,0,0.0,0.0,0.0,0,0,0,1,0,0,0,0,0,0.0,0.0,0.0,0,0,0,0,0,0,3,0,1,0,29200,28960,0,32,0.0,0.0,0,0,0.0,0.0,0,0
6,5569501,3,1,0,0,0,0,0.0,0.0,0,0,0.0,0.0,0.0,0.718197196,1856500.4,3214785.5,5568615,110,5569501,2784750.5,3936979.0,5568615,886,0,0.0,0.0,0,0,0,0,0,0,104,40,0.5386479,0.17954929,0,0,0.0,0.0,0.0,0,0,0,1,0,0,0,0,0,0.0,0.0,0.0,0,0,0,0,0,0,3,0,1,0,29200,28960,0,32,0.0,0.0,0,0,0.0,0.0,0,0
6,5437577,3,1,0,0,0,0,0.0,0.0,0,0,0.0,0.0,0.0,0.735621767,1812525.6,3138612.2,5436683,128,5437577,2718788.5,3843683.2,5436683,894,0,0.0,0.0,0,0,0,0,0,0,104,40,0.5517163,0.18390544,0,0,0.0,0.0,0.0,0,0,0,1,0,0,0,0,0,0.0,0.0,0.0,0,0,0,0,0,0,3,0,1,0,29200,28960,0,32,0.0,0.0,0,0,0.0,0.0,0,0
6,5173920,3,1,0,0,0,0,0.0,0.0,0,0,0.0,0.0,0.0,0.773108204,1724640.0,2986263.5,5172880,161,5173920,2586960.0,3657043.2,5172880,1040,0,0.0,0.0,0,0,0,0,0,0,104,40,0.5798311,0.19327705,0,0,0.0,0.0,0.0,0,0,0,1,0,0,0,0,0,0.0,0.0,0.0,0,0,0,0,0,0,3,0,1,0,29200,28960,0,32,0.0,0.0,0,0,0.0,0.0,0,0
6,5437883,3,1,0,0,0,0,0.0,0.0,0,0,0.0,0.0,0.0,0.735580372,1812627.6,3138951.0,5437176,180,5437883,2718941.5,3844164.0,5437176,707,0,0.0,0.0,0,0,0,0,0,0,104,40,0.5516853,0.1838951,0,0,0.0,0.0,0.0,0,0,0,1,0,0,0,0,0,0.0,0.0,0.0,0,0,0,0,0,0,3,0,1,0,29200,28960,0,32,0.0,0.0,0,0,0.0,0.0,0,0
6,5242705,3,1,0,0,0,0,0.0,0.0,0,0,0.0,0.0,0.0,0.76296492,1747568.4,3026122.8,5241834,130,5242705,2621352.5,3705920.5,5241834,871,0,0.0,0.0,0,0,0,0,0,0,104,40,0.57222366,0.19074123,0,0,0.0,0.0,0.0,0,0,0,1,0,0,0,0,0,0.0,0.0,0.0,0,0,0,0,0,0,3,0,1,0,29200,28960,0,32,0.0,0.0,0,0,0.0,0.0,0,0
6,5344151,3,1,0,0,0,0,0.0,0.0,0,0,0.0,0.0,0.0,0.748481845,1781383.6,3084718.8,5343310,156,5344151,2672075.5,3777696.0,5343310,841,0,0.0,0.0,0,0,0,0,0,0,104,40,0.5613614,0.18712047,0,0,0.0,0.0,0.0,0,0,0,1,0,0,0,0,0,0.0,0.0,0.0,0,0,0,0,0,0,3,0,1,0,29200,28960,0,32,0.0,0.0,0,0,0.0,0.0,0,0
6,13,1,1,0,0,0,0,0.0,0.0,0,0,0.0,0.0,0.0,153846.1538,13.0,0.0,13,13,0,0.0,0.0,0,0,0,0.0,0.0,0,0,0,0,0,0,32,32,76923.08,76923.08,0,0,0.0,0.0,0.0,0,0,0,0,1,1,0,0,1,0.0,0.0,0.0,0,0,0,0,0,0,1,0,1,0,339,243,0,32,0.0,0.0,0,0,0.0,0.0,0,0
6,5737901,3,1,0,0,0,0,0.0,0.0,0,0,0.0,0.0,0.0,0.697119034,1912633.6,3312023.5,5737029,126,5737901,2868950.5,4056075.5,5737029,872,0,0.0,0.0,0,0,0,0,0,0,104,40,0.52283925,0.17427976,0,0,0.0,0.0,0.0,0,0,0,1,0,0,0,0,0,0.0,0.0,0.0,0,0,0,0,0,0,3,0,1,0,29200,28960,0,32,0.0,0.0,0,0,0.0,0.0,0,0
6,5722059,3,1,0,0,0,0,0.0,0.0,0,0,0.0,0.0,0.0,0.699049066,1907353.0,3302815.8,5721116,127,5722059,2861029.5,4044773.0,5721116,943,0,0.0,0.0,0,0,0,0,0,0,104,40,0.5242868,0.17476226,0,0,0.0,0.0,0.0,0,0,0,1,0,0,0,0,0,0.0,0.0,0.0,0,0,0,0,0,0,3,0,1,0,29200,28960,0,32,0.0,0.0,0,0,0.0,0.0,0,0
6,5036259,3,1,0,0,0,0,0.0,0.0,0,0,0.0,0.0,0.0,0.794240328,1678753.0,2906944.2,5035403,128,5036259,2518129.5,3559962.2,5035403,856,0,0.0,0.0,0,0,0,0,0,0,104,40,0.59568024,0.19856009,0,0,0.0,0.0,0.0,0,0,0,1,0,0,0,0,0,0.0,0.0,0.0,0,0,0,0,0,0,3,0,1,0,29200,28960,0,32,0.0,0.0,0,0,0.0,0.0,0,0
6,5501637,3,1,0,0,0,0,0.0,0.0,0,0,0.0,0.0,0.0,0.727056329,1833879.0,3175724.8,5500890,92,5501637,2750818.5,3889188.5,5500890,747,0,0.0,0.0,0,0,0,0,0,0,104,40,0.54529226,0.18176408,0,0,0.0,0.0,0.0,0,0,0,1,0,0,0,0,0,0.0,0.0,0.0,0,0,0,0,0,0,3,0,1,0,29200,28960,0,32,0.0,0.0,0,0,0.0,0.0,0,0
6,5205731,3,1,0,0,0,0,0.0,0.0,0,0,0.0,0.0,0.0,0.768383921,1735243.6,3004758.5,5204840,109,5205731,2602865.5,3679747.8,5204840,891,0,0.0,0.0,0,0,0,0,0,0,104,40,0.5762879,0.19209598,0,0,0.0,0.0,0.0,0,0,0,1,0,0,0,0,0,0.0,0.0,0.0,0,0,0,0,0,0,3,0,1,0,29200,28960,0,32,0.0,0.0,0,0,0.0,0.0,0,0
6,5169471,3,1,0,0,0,0,0.0,0.0,0,0,0.0,0.0,0.0,0.773773564,1723157.0,2983989.2,5168771,138,5169471,2584735.5,3654378.0,5168771,700,0,0.0,0.0,0,0,0,0,0,0,104,40,0.5803302,0.19344339,0,0,0.0,0.0,0.0,0,0,0,1,0,0,0,0,0,0.0,0.0,0.0,0,0,0,0,0,0,3,0,1,0,29200,28960,0,32,0.0,0.0,0,0,0.0,0.0,0,0
6,5446804,3,1,0,0,0,0,0.0,0.0,0,0,0.0,0.0,0.0,0.734375608,1815601.4,3143948.2,5445920,158,5446804,2723402.0,3850222.0,5445920,884,0,0.0,0.0,0,0,0,0,0,0,104,40,0.5507817,0.1835939,0,0,0.0,0.0,0.0,0,0,0,1,0,0,0,0,0,0.0,0.0,0.0,0,0,0,0,0,0,3,0,1,0,29200,28960,0,32,0.0,0.0,0,0,0.0,0.0,0,0
6,5364141,3,1,0,0,0,0,0.0,0.0,0,0,0.0,0.0,0.0,0.745692554,1788047.0,3096215.8,5363249,103,5364141,2682070.5,3791759.0,5363249,892,0,0.0,0.0,0,0,0,0,0,0,104,40,0.5592694,0.18642314,0,0,0.0,0.0,0.0,0,0,0,1,0,0,0,0,0,0.0,0.0,0.0,0,0,0,0,0,0,3,0,1,0,29200,28960,0,32,0.0,0.0,0,0,0.0,0.0,0,0
6,5535654,3,1,0,0,0,0,0.0,0.0,0,0,0.0,0.0,0.0,0.722588514,1845218.0,3195382.5,5534928,111,5535654,2767827.0,3913271.8,5534928,726,0,0.0,0.0,0,0,0,0,0,0,104,40,0.5419414,0.18064713,0,0,0.0,0.0,0.0,0,0,0,1,0,0,0,0,0,0.0,0.0,0.0,0,0,0,0,0,0,3,0,1,0,29200,28960,0,32,0.0,0.0,0,0,0.0,0.0,0,0
6,5122192,3,1,0,0,0,0,0.0,0.0,0,0,0.0,0.0,0.0,0.78091567,1707397.4,2956678.8,5121476,116,5122192,2561096.0,3620924.0,5121476,716,0,0.0,0.0,0,0,0,0,0,0,104,40,0.58568674,0.19522892,0,0,0.0,0.0,0.0,0,0,0,1,0,0,0,0,0,0.0,0.0,0.0,0,0,0,0,0,0,3,0,1,0,29200,28960,0,32,0.0,0.0,0,0,0.0,0.0,0,0
6,5430985,3,1,0,0,0,0,0.0,0.0,0,0,0.0,0.0,0.0,0.736514647,1810328.4,3134815.0,5430101,96,5430985,2715492.5,3839036.2,5430101,884,0,0.0,0.0,0,0,0,0,0,0,104,40,0.552386,0.18412866,0,0,0.0,0.0,0.0,0,0,0,1,0,0,0,0,0,0.0,0.0,0.0,0,0,0,0,0,0,3,0,1,0,29200,28960,0,32,0.0,0.0,0,0,0.0,0.0,0,0
6,5303680,3,1,0,0,0,0,0.0,0.0,0,0,0.0,0.0,0.0,0.754193315,1767893.4,3061468.0,5302972,140,5303680,2651840.0,3749266.8,5302972,708,0,0.0,0.0,0,0,0,0,0,0,104,40,0.565645,0.18854833,0,0,0.0,0.0,0.0,0,0,0,1,0,0,0,0,0,0.0,0.0,0.0,0,0,0,0,0,0,3,0,1,0,29200,28960,0,32,0.0,0.0,0,0,0.0,0.0,0,0
6,5021476,3,1,0,0,0,0,0.0,0.0,0,0,0.0,0.0,0.0,0.796578536,1673825.4,2898467.2,5020687,95,5021476,2510738.0,3549604.0,5020687,789,0,0.0,0.0,0,0,0,0,0,0,104,40,0.5974339,0.19914463,0,0,0.0,0.0,0.0,0,0,0,1,0,0,0,0,0,0.0,0.0,0.0,0,0,0,0,0,0,3,0,1,0,29200,28960,0,32,0.0,0.0,0,0,0.0,0.0,0,0
6,5613241,3,1,0,0,0,0,0.0,0.0,0,0,0.0,0.0,0.0,0.712600795,1871080.4,3240180.0,5612518,145,5613241,2806620.5,3968138.2,5612518,723,0,0.0,0.0,0,0,0,0,0,0,104,40,0.5344506,0.17815019,0,0,0.0,0.0,0.0,0,0,0,1,0,0,0,0,0,0.0,0.0,0.0,0,0,0,0,0,0,3,0,1,0,29200,28960,0,32,0.0,0.0,0,0,0.0,0.0,0,0
6,5236641,3,1,0,0,0,0,0.0,0.0,0,0,0.0,0.0,0.0,0.763848429,1745547.0,3022619.2,5235767,94,5236641,2618320.5,3701628.2,5235767,874,0,0.0,0.0,0,0,0,0,0,0,104,40,0.57288635,0.1909621,0,0,0.0,0.0,0.0,0,0,0,1,0,0,0,0,0,0.0,0.0,0.0,0,0,0,0,0,0,3,0,1,0,29200,28960,0,32,0.0,0.0,0,0,0.0,0.0,0,0
6,5033635,7,6,1316,2180,550,0,188.0,241.21843,1075,0,363.33334,457.1948,694.5279107,2.58262667,419469.6,1430384.9,4961403,3,72232,12038.667,15492.661,40463,3,5033522,1006704.4,2233057.8,5001307,886,0,0,0,0,232,200,1.3906451,1.1919816,0,1075,249.71428,346.49084,120055.914,0,0,0,1,0,0,0,0,0,268.92307,188.0,363.33334,0,0,0,0,0,0,7,1316,6,2180,29200,253,3,32,0.0,0.0,0,0,0.0,0.0,0,0
6,5294958,3,1,0,0,0,0,0.0,0.0,0,0,0.0,0.0,0.0,0.755435643,1764986.0,3056436.5,5294255,161,5294958,2647479.0,3743106.5,5294255,703,0,0.0,0.0,0,0,0,0,0,0,104,40,0.5665767,0.18885891,0,0,0.0,0.0,0.0,0,0,0,1,0,0,0,0,0,0.0,0.0,0.0,0,0,0,0,0,0,3,0,1,0,29200,28960,0,32,0.0,0.0,0,0,0.0,0.0,0,0
6,5335376,3,1,0,0,0,0,0.0,0.0,0,0,0.0,0.0,0.0,0.74971286,1778458.6,3079617.0,5334494,156,5335376,2667688.0,3771433.2,5334494,882,0,0.0,0.0,0,0,0,0,0,0,104,40,0.56228465,0.18742822,0,0,0.0,0.0,0.0,0,0,0,1,0,0,0,0,0,0.0,0.0,0.0,0,0,0,0,0,0,3,0,1,0,29200,28960,0,32,0.0,0.0,0,0,0.0,0.0,0,0
6,5522352,3,1,0,0,0,0,0.0,0.0,0,0,0.0,0.0,0.0,0.724329054,1840784.0,3187557.2,5521458,113,5522352,2761176.0,3903628.2,5521458,894,0,0.0,0.0,0,0,0,0,0,0,104,40,0.5432468,0.18108226,0,0,0.0,0.0,0.0,0,0,0,1,0,0,0,0,0,0.0,0.0,0.0,0,0,0,0,0,0,3,0,1,0,29200,28960,0,32,0.0,0.0,0,0,0.0,0.0,0,0
6,5372096,3,1,0,0,0,0,0.0,0.0,0,0,0.0,0.0,0.0,0.744588332,1790698.6,3100803.5,5371198,142,5372096,2686048.0,3797375.5,5371198,898,0,0.0,0.0,0,0,0,0,0,0,104,40,0.5584412,0.18614708,0,0,0.0,0.0,0.0,0,0,0,1,0,0,0,0,0,0.0,0.0,0.0,0,0,0,0,0,0,3,0,1,0,29200,28960,0,32,0.0,0.0,0,0,0.0,0.0,0,0
6,5487328,3,1,0,0,0,0,0.0,0.0,0,0,0.0,0.0,0.0,0.728952233,1829109.4,3167357.8,5486459,133,5487328,2743664.0,3878898.0,5486459,869,0,0.0,0.0,0,0,0,0,0,0,104,40,0.5467142,0.18223806,0,0,0.0,0.0,0.0,0,0,0,1,0,0,0,0,0,0.0,0.0,0.0,0,0,0,0,0,0,3,0,1,0,29200,28960,0,32,0.0,0.0,0,0,0.0,0.0,0,0
6,5518740,3,1,0,0,0,0,0.0,0.0,0,0,0.0,0.0,0.0,0.724803125,1839580.0,3185570.5,5517960,125,5518740,2759370.0,3901235.5,5517960,780,0,0.0,0.0,0,0,0,0,0,0,104,40,0.54360235,0.18120079,0,0,0.0,0.0,0.0,0,0,0,1,0,0,0,0,0,0.0,0.0,0.0,0,0,0,0,0,0,3,0,1,0,29200,28960,0,32,0.0,0.0,0,0,0.0,0.0,0,0
6,5105668,3,1,0,0,0,0,0.0,0.0,0,0,0.0,0.0,0.0,0.783443028,1701889.4,2946979.5,5104768,129,5105668,2552834.0,3608979.8,5104768,900,0,0.0,0.0,0,0,0,0,0,0,104,40,0.5875823,0.19586076,0,0,0.0,0.0,0.0,0,0,0,1,0,0,0,0,0,0.0,0.0,0.0,0,0,0,0,0,0,3,0,1,0,29200,28960,0,32,0.0,0.0,0,0,0.0,0.0,0,0
6,5638432,3,1,0,0,0,0,0.0,0.0,0,0,0.0,0.0,0.0,0.709417086,1879477.4,3254752.8,5637742,72,5638432,2819216.0,3985997.8,5637742,690,0,0.0,0.0,0,0,0,0,0,0,104,40,0.5320628,0.17735428,0,0,0.0,0.0,0.0,0,0,0,1,0,0,0,0,0,0.0,0.0,0.0,0,0,0,0,0,0,3,0,1,0,29200,28960,0,32,0.0,0.0,0,0,0.0,0.0,0,0
6,5869618,3,1,0,0,0,0,0.0,0.0,0,0,0.0,0.0,0.0,0.681475353,1956539.4,3388064.2,5868739,129,5869618,2934809.0,4149203.5,5868739,879,0,0.0,0.0,0,0,0,0,0,0,104,40,0.5111065,0.17036884,0,0,0.0,0.0,0.0,0,0,0,1,0,0,0,0,0,0.0,0.0,0.0,0,0,0,0,0,0,3,0,1,0,29200,28960,0,32,0.0,0.0,0,0,0.0,0.0,0,0
6,5192533,3,1,0,0,0,0,0.0,0.0,0,0,0.0,0.0,0.0,0.770336943,1730844.4,2997140.5,5191644,100,5192533,2596266.5,3670418.0,5191644,889,0,0.0,0.0,0,0,0,0,0,0,104,40,0.5777527,0.19258423,0,0,0.0,0.0,0.0,0,0,0,1,0,0,0,0,0,0.0,0.0,0.0,0,0,0,0,0,0,3,0,1,0,29200,28960,0,32,0.0,0.0,0,0,0.0,0.0,0,0
6,5534810,3,1,0,0,0,0,0.0,0.0,0,0,0.0,0.0,0.0,0.722698701,1844936.6,3194765.5,5533934,131,5534810,2767405.0,3912462.8,5533934,876,0,0.0,0.0,0,0,0,0,0,0,104,40,0.542024,0.18067467,0,0,0.0,0.0,0.0,0,0,0,1,0,0,0,0,0,0.0,0.0,0.0,0,0,0,0,0,0,3,0,1,0,29200,28960,0,32,0.0,0.0,0,0,0.0,0.0,0,0
6,366,2,0,0,0,0,0,0.0,0.0,0,0,0.0,0.0,0.0,5464.480874,366.0,0.0,366,366,366,366.0,0.0,366,366,0,0.0,0.0,0,0,0,0,0,0,64,0,5464.481,0.0,0,0,0.0,0.0,0.0,0,0,0,0,1,0,0,0,0,0.0,0.0,0.0,0,0,0,0,0,0,2,0,0,0,1439,-1,0,32,0.0,0.0,0,0,0.0,0.0,0,0
6,5270211,3,1,0,0,0,0,0.0,0.0,0,0,0.0,0.0,0.0,0.758982895,1756737.0,3042151.5,5269511,142,5270211,2635105.5,3725612.0,5269511,700,0,0.0,0.0,0,0,0,0,0,0,104,40,0.5692372,0.18974572,0,0,0.0,0.0,0.0,0,0,0,1,0,0,0,0,0,0.0,0.0,0.0,0,0,0,0,0,0,3,0,1,0,29200,28960,0,32,0.0,0.0,0,0,0.0,0.0,0,0
6,5479361,3,1,0,0,0,0,0.0,0.0,0,0,0.0,0.0,0.0,0.730012131,1826453.6,3162897.5,5478653,126,5479361,2739680.5,3873492.0,5478653,708,0,0.0,0.0,0,0,0,0,0,0,104,40,0.5475091,0.18250303,0,0,0.0,0.0,0.0,0,0,0,1,0,0,0,0,0,0.0,0.0,0.0,0,0,0,0,0,0,3,0,1,0,29200,28960,0,32,0.0,0.0,0,0,0.0,0.0,0,0
6,5117938,3,1,0,0,0,0,0.0,0.0,0,0,0.0,0.0,0.0,0.781564763,1705979.4,2953911.0,5116862,97,5117938,2558969.0,3617407.0,5116862,1076,0,0.0,0.0,0,0,0,0,0,0,104,40,0.5861736,0.1953912,0,0,0.0,0.0,0.0,0,0,0,1,0,0,0,0,0,0.0,0.0,0.0,0,0,0,0,0,0,3,0,1,0,29200,28960,0,32,0.0,0.0,0,0,0.0,0.0,0,0
6,5841311,3,1,0,0,0,0,0.0,0.0,0,0,0.0,0.0,0.0,0.684777784,1947103.6,3371846.0,5840576,148,5841311,2920655.5,4129391.2,5840576,735,0,0.0,0.0,0,0,0,0,0,0,104,40,0.51358336,0.17119445,0,0,0.0,0.0,0.0,0,0,0,1,0,0,0,0,0,0.0,0.0,0.0,0,0,0,0,0,0,3,0,1,0,29200,28960,0,32,0.0,0.0,0,0,0.0,0.0,0,0
6,5757765,3,1,0,0,0,0,0.0,0.0,0,0,0.0,0.0,0.0,0.694714008,1919255.0,3323458.2,5756854,154,5757765,2878882.5,4070066.2,5756854,911,0,0.0,0.0,0,0,0,0,0,0,104,40,0.5210355,0.1736785,0,0,0.0,0.0,0.0,0,0,0,1,0,0,0,0,0,0.0,0.0,0.0,0,0,0,0,0,0,3,0,1,0,29200,28960,0,32,0.0,0.0,0,0,0.0,0.0,0,0
6,5407328,3,1,0,0,0,0,0.0,0.0,0,0,0.0,0.0,0.0,0.73973689,1802442.6,3121175.0,5406465,140,5407328,2703664.0,3822337.8,5406465,863,0,0.0,0.0,0,0,0,0,0,0,104,40,0.55480266,0.18493423,0,0,0.0,0.0,0.0,0,0,0,1,0,0,0,0,0,0.0,0.0,0.0,0,0,0,0,0,0,3,0,1,0,29200,28960,0,32,0.0,0.0,0,0,0.0,0.0,0,0
6,5444804,3,1,0,0,0,0,0.0,0.0,0,0,0.0,0.0,0.0,0.734645361,1814934.6,3142792.8,5443919,128,5444804,2722402.0,3848806.2,5443919,885,0,0.0,0.0,0,0,0,0,0,0,104,40,0.550984,0.18366134,0,0,0.0,0.0,0.0,0,0,0,1,0,0,0,0,0,0.0,0.0,0.0,0,0,0,0,0,0,3,0,1,0,29200,28960,0,32,0.0,0.0,0,0,0.0,0.0,0,0
6,5694861,3,1,0,0,0,0,0.0,0.0,0,0,0.0,0.0,0.0,0.702387644,1898287.0,3287179.5,5693995,123,5694861,2847430.5,4025650.0,5693995,866,0,0.0,0.0,0,0,0,0,0,0,104,40,0.52679074,0.17559691,0,0,0.0,0.0,0.0,0,0,0,1,0,0,0,0,0,0.0,0.0,0.0,0,0,0,0,0,0,3,0,1,0,29200,28960,0,32,0.0,0.0,0,0,0.0,0.0,0,0
6,5195057,3,1,0,0,0,0,0.0,0.0,0,0,0.0,0.0,0.0,0.769962678,1731685.6,2998594.2,5194164,134,5195057,2597528.5,3672197.2,5194164,893,0,0.0,0.0,0,0,0,0,0,0,104,40,0.57747203,0.19249067,0,0,0.0,0.0,0.0,0,0,0,1,0,0,0,0,0,0.0,0.0,0.0,0,0,0,0,0,0,3,0,1,0,29200,28960,0,32,0.0,0.0,0,0,0.0,0.0,0,0
6,5136270,3,1,0,0,0,0,0.0,0.0,0,0,0.0,0.0,0.0,0.778775259,1712090.0,2964670.8,5135397,98,5136270,2568135.0,3630656.8,5135397,873,0,0.0,0.0,0,0,0,0,0,0,104,40,0.5840815,0.19469382,0,0,0.0,0.0,0.0,0,0,0,1,0,0,0,0,0,0.0,0.0,0.0,0,0,0,0,0,0,3,0,1,0,29200,28960,0,32,0.0,0.0,0,0,0.0,0.0,0,0
6,5470688,3,1,0,0,0,0,0.0,0.0,0,0,0.0,0.0,0.0,0.731169462,1823562.6,3157733.2,5469799,154,5470688,2735344.0,3867103.2,5469799,889,0,0.0,0.0,0,0,0,0,0,0,104,40,0.5483771,0.18279237,0,0,0.0,0.0,0.0,0,0,0,1,0,0,0,0,0,0.0,0.0,0.0,0,0,0,0,0,0,3,0,1,0,29200,28960,0,32,0.0,0.0,0,0,0.0,0.0,0,0
6,5150728,3,1,0,0,0,0,0.0,0.0,0,0,0.0,0.0,0.0,0.776589251,1716909.4,2973020.8,5149858,123,5150728,2575364.0,3640884.2,5149858,870,0,0.0,0.0,0,0,0,0,0,0,104,40,0.5824419,0.19414732,0,0,0.0,0.0,0.0,0,0,0,1,0,0,0,0,0,0.0,0.0,0.0,0,0,0,0,0,0,3,0,1,0,29200,28960,0,32,0.0,0.0,0,0,0.0,0.0,0,0
6,5583116,3,1,0,0,0,0,0.0,0.0,0,0,0.0,0.0,0.0,0.716445798,1861038.6,3222674.8,5582263,114,5583116,2791558.0,3946652.8,5582263,853,0,0.0,0.0,0,0,0,0,0,0,104,40,0.5373343,0.17911145,0,0,0.0,0.0,0.0,0,0,0,1,0,0,0,0,0,0.0,0.0,0.0,0,0,0,0,0,0,3,0,1,0,29200,28960,0,32,0.0,0.0,0,0,0.0,0.0,0,0
6,5583560,3,1,0,0,0,0,0.0,0.0,0,0,0.0,0.0,0.0,0.716388827,1861186.6,3223053.2,5582848,97,5583560,2791780.0,3947166.2,5582848,712,0,0.0,0.0,0,0,0,0,0,0,104,40,0.53729165,0.1790972,0,0,0.0,0.0,0.0,0,0,0,1,0,0,0,0,0,0.0,0.0,0.0,0,0,0,0,0,0,3,0,1,0,29200,28960,0,32,0.0,0.0,0,0,0.0,0.0,0,0
6,5489819,3,1,0,0,0,0,0.0,0.0,0,0,0.0,0.0,0.0,0.728621472,1829939.6,3169020.2,5489209,100,5489819,2744909.5,3881025.5,5489209,610,0,0.0,0.0,0,0,0,0,0,0,104,40,0.5464661,0.18215537,0,0,0.0,0.0,0.0,0,0,0,1,0,0,0,0,0,0.0,0.0,0.0,0,0,0,0,0,0,3,0,1,0,29200,28960,0,32,0.0,0.0,0,0,0.0,0.0,0,0
6,5241894,3,1,0,0,0,0,0.0,0.0,0,0,0.0,0.0,0.0,0.763082962,1747298.0,3025641.8,5241008,141,5241894,2620947.0,3705325.8,5241008,886,0,0.0,0.0,0,0,0,0,0,0,104,40,0.57231224,0.19077075,0,0,0.0,0.0,0.0,0,0,0,1,0,0,0,0,0,0.0,0.0,0.0,0,0,0,0,0,0,3,0,1,0,29200,28960,0,32,0.0,0.0,0,0,0.0,0.0,0,0
6,5221559,3,1,0,0,0,0,0.0,0.0,0,0,0.0,0.0,0.0,0.766054736,1740519.6,3013908.2,5220681,94,5221559,2610779.5,3690958.0,5220681,878,0,0.0,0.0,0,0,0,0,0,0,104,40,0.57454103,0.19151369,0,0,0.0,0.0,0.0,0,0,0,1,0,0,0,0,0,0.0,0.0,0.0,0,0,0,0,0,0,3,0,1,0,29200,28960,0,32,0.0,0.0,0,0,0.0,0.0,0,0
6,5084910,3,1,0,0,0,0,0.0,0.0,0,0,0.0,0.0,0.0,0.786641258,1694970.0,2935013.0,5084031,89,5084910,2542455.0,3594331.2,5084031,879,0,0.0,0.0,0,0,0,0,0,0,104,40,0.58998096,0.19666031,0,0,0.0,0.0,0.0,0,0,0,1,0,0,0,0,0,0.0,0.0,0.0,0,0,0,0,0,0,3,0,1,0,29200,28960,0,32,0.0,0.0,0,0,0.0,0.0,0,0
6,5536153,3,1,0,0,0,0,0.0,0.0,0,0,0.0,0.0,0.0,0.722523384,1845384.4,3195688.0,5535447,123,5536153,2768076.5,3913653.0,5535447,706,0,0.0,0.0,0,0,0,0,0,0,104,40,0.5418925,0.18063085,0,0,0.0,0.0,0.0,0,0,0,1,0,0,0,0,0,0.0,0.0,0.0,0,0,0,0,0,0,3,0,1,0,29200,28960,0,32,0.0,0.0,0,0,0.0,0.0,0,0
6,5312607,3,1,0,0,0,0,0.0,0.0,0,0,0.0,0.0,0.0,0.752926012,1770869.0,3066445.2,5311695,180,5312607,2656303.5,3755290.8,5311695,912,0,0.0,0.0,0,0,0,0,0,0,104,40,0.5646945,0.1882315,0,0,0.0,0.0,0.0,0,0,0,1,0,0,0,0,0,0.0,0.0,0.0,0,0,0,0,0,0,3,0,1,0,29200,28960,0,32,0.0,0.0,0,0,0.0,0.0,0,0
6,67004163,203,104,48985,183696,585,0,241.30542,253.36917,1869,0,1766.3077,309.64096,3472.634976,4.581804865,218967.86,421904.1,3818133,4,67000000,331689.28,482219.06,3818133,889,67000000,650524.6,503830.88,3818967,4,0,0,0,0,6504,3336,3.0296626,1.5521424,0,1869,755.45776,772.79956,597219.2,0,0,0,1,0,0,0,0,0,757.9186,241.30542,1766.3077,0,0,0,0,0,0,203,48985,104,183696,29200,1150,101,32,0.0,0.0,0,0,0.0,0.0,0,0
6,5274392,3,1,0,0,0,0,0.0,0.0,0,0,0.0,0.0,0.0,0.75838125,1758130.6,3044409.5,5273512,124,5274392,2637196.0,3728313.8,5273512,880,0,0.0,0.0,0,0,0,0,0,0,104,40,0.56878597,0.18959531,0,0,0.0,0.0,0.0,0,0,0,1,0,0,0,0,0,0.0,0.0,0.0,0,0,0,0,0,0,3,0,1,0,29200,28960,0,32,0.0,0.0,0,0,0.0,0.0,0,0
6,5330932,3,1,0,0,0,0,0.0,0.0,0,0,0.0,0.0,0.0,0.75033784,1776977.4,3077194.0,5330215,143,5330932,2665466.0,3768524.2,5330215,717,0,0.0,0.0,0,0,0,0,0,0,104,40,0.5627534,0.18758446,0,0,0.0,0.0,0.0,0,0,0,1,0,0,0,0,0,0.0,0.0,0.0,0,0,0,0,0,0,3,0,1,0,29200,28960,0,32,0.0,0.0,0,0,0.0,0.0,0,0
6,5134920,3,1,0,0,0,0,0.0,0.0,0,0,0.0,0.0,0.0,0.778980004,1711640.0,2964043.8,5134223,126,5134920,2567460.0,3629951.0,5134223,697,0,0.0,0.0,0,0,0,0,0,0,104,40,0.584235,0.194745,0,0,0.0,0.0,0.0,0,0,0,1,0,0,0,0,0,0.0,0.0,0.0,0,0,0,0,0,0,3,0,1,0,29200,28960,0,32,0.0,0.0,0,0,0.0,0.0,0,0
6,5311304,3,1,0,0,0,0,0.0,0.0,0,0,0.0,0.0,0.0,0.753110724,1770434.6,3065740.5,5310447,156,5311304,2655652.0,3754447.0,5310447,857,0,0.0,0.0,0,0,0,0,0,0,104,40,0.56483305,0.18827768,0,0,0.0,0.0,0.0,0,0,0,1,0,0,0,0,0,0.0,0.0,0.0,0,0,0,0,0,0,3,0,1,0,29200,28960,0,32,0.0,0.0,0,0,0.0,0.0,0,0
6,5197520,3,1,0,0,0,0,0.0,0.0,0,0,0.0,0.0,0.0,0.769597808,1732506.6,3000006.8,5196616,125,5197520,2598760.0,3673923.2,5196616,904,0,0.0,0.0,0,0,0,0,0,0,104,40,0.5771983,0.19239946,0,0,0.0,0.0,0.0,0,0,0,1,0,0,0,0,0,0.0,0.0,0.0,0,0,0,0,0,0,3,0,1,0,29200,28960,0,32,0.0,0.0,0,0,0.0,0.0,0,0
6,5794188,3,1,0,0,0,0,0.0,0.0,0,0,0.0,0.0,0.0,0.690346948,1931396.0,3344675.0,5793494,122,5794188,2897094.0,4096128.2,5793494,694,0,0.0,0.0,0,0,0,0,0,0,104,40,0.5177602,0.17258674,0,0,0.0,0.0,0.0,0,0,0,1,0,0,0,0,0,0.0,0.0,0.0,0,0,0,0,0,0,3,0,1,0,29200,28960,0,32,0.0,0.0,0,0,0.0,0.0,0,0
6,4020679,20,11,2972,13653,559,0,148.6,192.96942,7926,0,1241.1818,2257.836,4134.873737,7.710140501,134022.64,527321.75,2804194,4,4020679,211614.69,656258.7,2804194,4,1215595,121559.5,259197.19,846614,156,0,0,0,0,648,360,4.974284,2.7358563,0,7926,519.53125,1396.2626,1949549.2,0,0,0,1,0,0,0,0,0,536.29034,148.6,1241.1818,0,0,0,0,0,0,20,2972,11,13653,29200,294,8,32,0.0,0.0,0,0,0.0,0.0,0,0
6,5618183,3,1,0,0,0,0,0.0,0.0,0,0,0.0,0.0,0.0,0.71197396,1872727.6,3242861.0,5617261,111,5618183,2809091.5,3971351.5,5617261,922,0,0.0,0.0,0,0,0,0,0,0,104,40,0.5339805,0.17799349,0,0,0.0,0.0,0.0,0,0,0,1,0,0,0,0,0,0.0,0.0,0.0,0,0,0,0,0,0,3,0,1,0,29200,28960,0,32,0.0,0.0,0,0,0.0,0.0,0,0
6,5695818,3,1,0,0,0,0,0.0,0.0,0,0,0.0,0.0,0.0,0.70226963,1898606.0,3287597.0,5694796,124,5695818,2847909.0,4026106.2,5694796,1022,0,0.0,0.0,0,0,0,0,0,0,104,40,0.5267022,0.1755674,0,0,0.0,0.0,0.0,0,0,0,1,0,0,0,0,0,0.0,0.0,0.0,0,0,0,0,0,0,3,0,1,0,29200,28960,0,32,0.0,0.0,0,0,0.0,0.0,0,0
6,5121592,3,1,0,0,0,0,0.0,0.0,0,0,0.0,0.0,0.0,0.781007156,1707197.4,2956172.2,5120691,118,5121592,2560796.0,3620238.2,5120691,901,0,0.0,0.0,0,0,0,0,0,0,104,40,0.58575535,0.1952518,0,0,0.0,0.0,0.0,0,0,0,1,0,0,0,0,0,0.0,0.0,0.0,0,0,0,0,0,0,3,0,1,0,29200,28960,0,32,0.0,0.0,0,0,0.0,0.0,0,0
6,5051114,3,1,0,0,0,0,0.0,0.0,0,0,0.0,0.0,0.0,0.791904518,1683704.6,2915623.0,5050376,123,5051114,2525557.0,3570633.2,5050376,738,0,0.0,0.0,0,0,0,0,0,0,104,40,0.5939284,0.19797613,0,0,0.0,0.0,0.0,0,0,0,1,0,0,0,0,0,0.0,0.0,0.0,0,0,0,0,0,0,3,0,1,0,29200,28960,0,32,0.0,0.0,0,0,0.0,0.0,0,0
6,67288618,208,104,48985,183697,585,0,235.5048,253.01775,1870,0,1766.3173,309.64435,3457.969667,4.636742577,216362.11,420078.84,3808906,4,67300000,325050.38,479648.56,3808906,28,67300000,653286.4,503767.2,3809547,4,0,0,0,0,6664,3336,3.0911617,1.5455809,0,1870,743.39294,772.4349,596655.6,0,0,0,1,0,0,0,0,0,745.77563,235.5048,1766.3173,0,0,0,0,0,0,208,48985,104,183697,29200,1150,101,32,0.0,0.0,0,0,0.0,0.0,0,0
6,5348167,3,1,0,0,0,0,0.0,0.0,0,0,0.0,0.0,0.0,0.747919801,1782722.4,3087004.5,5347288,127,5348167,2674083.5,3780482.0,5347288,879,0,0.0,0.0,0,0,0,0,0,0,104,40,0.56093985,0.18697995,0,0,0.0,0.0,0.0,0,0,0,1,0,0,0,0,0,0.0,0.0,0.0,0,0,0,0,0,0,3,0,1,0,29200,28960,0,32,0.0,0.0,0,0,0.0,0.0,0,0
6,5189380,3,1,0,0,0,0,0.0,0.0,0,0,0.0,0.0,0.0,0.77080499,1729793.4,2995492.5,5188690,125,5189380,2594690.0,3668470.0,5188690,690,0,0.0,0.0,0,0,0,0,0,0,104,40,0.5781037,0.19270125,0,0,0.0,0.0,0.0,0,0,0,1,0,0,0,0,0,0.0,0.0,0.0,0,0,0,0,0,0,3,0,1,0,29200,28960,0,32,0.0,0.0,0,0,0.0,0.0,0,0
6,5188857,3,1,0,0,0,0,0.0,0.0,0,0,0.0,0.0,0.0,0.770882682,1729619.0,2994878.8,5187807,142,5188857,2594428.5,3667591.0,5187807,1050,0,0.0,0.0,0,0,0,0,0,0,104,40,0.578162,0.19272067,0,0,0.0,0.0,0.0,0,0,0,1,0,0,0,0,0,0.0,0.0,0.0,0,0,0,0,0,0,3,0,1,0,29200,28960,0,32,0.0,0.0,0,0,0.0,0.0,0,0
6,5299681,3,1,0,0,0,0,0.0,0.0,0,0,0.0,0.0,0.0,0.754762409,1766560.4,3059175.5,5298992,156,5299681,2649840.5,3746466.0,5298992,689,0,0.0,0.0,0,0,0,0,0,0,104,40,0.5660718,0.1886906,0,0,0.0,0.0,0.0,0,0,0,1,0,0,0,0,0,0.0,0.0,0.0,0,0,0,0,0,0,3,0,1,0,29200,28960,0,32,0.0,0.0,0,0,0.0,0.0,0,0
6,5421903,3,1,0,0,0,0,0.0,0.0,0,0,0.0,0.0,0.0,0.737748351,1807301.0,3129544.8,5420988,106,5421903,2710951.5,3832570.2,5420988,915,0,0.0,0.0,0,0,0,0,0,0,104,40,0.5533113,0.18443708,0,0,0.0,0.0,0.0,0,0,0,1,0,0,0,0,0,0.0,0.0,0.0,0,0,0,0,0,0,3,0,1,0,29200,28960,0,32,0.0,0.0,0,0,0.0,0.0,0,0
6,5455718,3,1,0,0,0,0,0.0,0.0,0,0,0.0,0.0,0.0,0.733175725,1818572.6,3149053.2,5454786,157,5455718,2727859.0,3856457.2,5454786,932,0,0.0,0.0,0,0,0,0,0,0,104,40,0.5498818,0.18329392,0,0,0.0,0.0,0.0,0,0,0,1,0,0,0,0,0,0.0,0.0,0.0,0,0,0,0,0,0,3,0,1,0,29200,28960,0,32,0.0,0.0,0,0,0.0,0.0,0,0
6,5626499,3,1,0,0,0,0,0.0,0.0,0,0,0.0,0.0,0.0,0.710921658,1875499.6,3247684.0,5625602,152,5626499,2813249.5,3977267.0,5625602,897,0,0.0,0.0,0,0,0,0,0,0,104,40,0.53319126,0.17773041,0,0,0.0,0.0,0.0,0,0,0,1,0,0,0,0,0,0.0,0.0,0.0,0,0,0,0,0,0,3,0,1,0,29200,28960,0,32,0.0,0.0,0,0,0.0,0.0,0,0
6,5364703,3,1,0,0,0,0,0.0,0.0,0,0,0.0,0.0,0.0,0.745614436,1788234.4,3096543.8,5363815,121,5364703,2682351.5,3792162.0,5363815,888,0,0.0,0.0,0,0,0,0,0,0,104,40,0.55921084,0.1864036,0,0,0.0,0.0,0.0,0,0,0,1,0,0,0,0,0,0.0,0.0,0.0,0,0,0,0,0,0,3,0,1,0,29200,28960,0,32,0.0,0.0,0,0,0.0,0.0,0,0
6,5582796,3,1,0,0,0,0,0.0,0.0,0,0,0.0,0.0,0.0,0.716486864,1860932.0,3222448.5,5581895,103,5582796,2791398.0,3946358.8,5581895,901,0,0.0,0.0,0,0,0,0,0,0,104,40,0.53736514,0.17912172,0,0,0.0,0.0,0.0,0,0,0,1,0,0,0,0,0,0.0,0.0,0.0,0,0,0,0,0,0,3,0,1,0,29200,28960,0,32,0.0,0.0,0,0,0.0,0.0,0,0
6,5629963,3,1,0,0,0,0,0.0,0.0,0,0,0.0,0.0,0.0,0.710484243,1876654.4,3249683.8,5629066,125,5629963,2814981.5,3979716.5,5629066,897,0,0.0,0.0,0,0,0,0,0,0,104,40,0.5328632,0.17762107,0,0,0.0,0.0,0.0,0,0,0,1,0,0,0,0,0,0.0,0.0,0.0,0,0,0,0,0,0,3,0,1,0,29200,28960,0,32,0.0,0.0,0,0,0.0,0.0,0,0
6,5778329,3,1,0,0,0,0,0.0,0.0,0,0,0.0,0.0,0.0,0.69224165,1926109.6,3335363.0,5777455,93,5778329,2889164.5,4084659.5,5777455,874,0,0.0,0.0,0,0,0,0,0,0,104,40,0.51918125,0.17306042,0,0,0.0,0.0,0.0,0,0,0,1,0,0,0,0,0,0.0,0.0,0.0,0,0,0,0,0,0,3,0,1,0,29200,28960,0,32,0.0,0.0,0,0,0.0,0.0,0,0
6,5679516,3,1,0,0,0,0,0.0,0.0,0,0,0.0,0.0,0.0,0.704285365,1893172.0,3278298.5,5678625,121,5679516,2839758.0,4014764.2,5678625,891,0,0.0,0.0,0,0,0,0,0,0,104,40,0.52821404,0.17607135,0,0,0.0,0.0,0.0,0,0,0,1,0,0,0,0,0,0.0,0.0,0.0,0,0,0,0,0,0,3,0,1,0,29200,28960,0,32,0.0,0.0,0,0,0.0,0.0,0,0
6,5410992,3,1,0,0,0,0,0.0,0.0,0,0,0.0,0.0,0.0,0.739235985,1803664.0,3123267.8,5410103,128,5410992,2705496.0,3824892.0,5410103,889,0,0.0,0.0,0,0,0,0,0,0,104,40,0.55442697,0.184809,0,0,0.0,0.0,0.0,0,0,0,1,0,0,0,0,0,0.0,0.0,0.0,0,0,0,0,0,0,3,0,1,0,29200,28960,0,32,0.0,0.0,0,0,0.0,0.0,0,0
6,5887145,3,1,0,0,0,0,0.0,0.0,0,0,0.0,0.0,0.0,0.679446489,1962381.6,3398200.0,5886285,114,5887145,2943572.5,4161624.0,5886285,860,0,0.0,0.0,0,0,0,0,0,0,104,40,0.50958484,0.16986161,0,0,0.0,0.0,0.0,0,0,0,1,0,0,0,0,0,0.0,0.0,0.0,0,0,0,0,0,0,3,0,1,0,29200,28960,0,32,0.0,0.0,0,0,0.0,0.0,0,0
6,5972786,3,1,0,0,0,0,0.0,0.0,0,0,0.0,0.0,0.0,0.669704222,1990928.6,3447615.5,5971892,107,5972786,2986393.0,4222133.0,5971892,894,0,0.0,0.0,0,0,0,0,0,0,104,40,0.50227815,0.16742605,0,0,0.0,0.0,0.0,0,0,0,1,0,0,0,0,0,0.0,0.0,0.0,0,0,0,0,0,0,3,0,1,0,29200,28960,0,32,0.0,0.0,0,0,0.0,0.0,0,0
6,5315325,3,1,0,0,0,0,0.0,0.0,0,0,0.0,0.0,0.0,0.752541002,1771775.0,3068188.5,5314614,159,5315325,2657662.5,3757496.8,5314614,711,0,0.0,0.0,0,0,0,0,0,0,104,40,0.56440574,0.18813525,0,0,0.0,0.0,0.0,0,0,0,1,0,0,0,0,0,0.0,0.0,0.0,0,0,0,0,0,0,3,0,1,0,29200,28960,0,32,0.0,0.0,0,0,0.0,0.0,0,0
6,5993240,3,1,0,0,0,0,0.0,0.0,0,0,0.0,0.0,0.0,0.667418625,1997746.6,3459459.2,5992386,84,5993240,2996620.0,4236653.0,5992386,854,0,0.0,0.0,0,0,0,0,0,0,104,40,0.500564,0.16685465,0,0,0.0,0.0,0.0,0,0,0,1,0,0,0,0,0,0.0,0.0,0.0,0,0,0,0,0,0,3,0,1,0,29200,28960,0,32,0.0,0.0,0,0,0.0,0.0,0,0
6,5221826,3,1,0,0,0,0,0.0,0.0,0,0,0.0,0.0,0.0,0.766015566,1740608.6,3014028.5,5220909,97,5221826,2610913.0,3691091.8,5220909,917,0,0.0,0.0,0,0,0,0,0,0,104,40,0.57451165,0.1915039,0,0,0.0,0.0,0.0,0,0,0,1,0,0,0,0,0,0.0,0.0,0.0,0,0,0,0,0,0,3,0,1,0,29200,28960,0,32,0.0,0.0,0,0,0.0,0.0,0,0
6,5947500,3,1,0,0,0,0,0.0,0.0,0,0,0.0,0.0,0.0,0.672551492,1982500.0,3433167.2,5946780,124,5947500,2973750.0,4204499.5,5946780,720,0,0.0,0.0,0,0,0,0,0,0,104,40,0.5044136,0.16813788,0,0,0.0,0.0,0.0,0,0,0,1,0,0,0,0,0,0.0,0.0,0.0,0,0,0,0,0,0,3,0,1,0,29200,28960,0,32,0.0,0.0,0,0,0.0,0.0,0,0
6,5752281,3,1,0,0,0,0,0.0,0.0,0,0,0.0,0.0,0.0,0.695376321,1917427.0,3320330.2,5751414,128,5752281,2876140.5,4066250.8,5751414,867,0,0.0,0.0,0,0,0,0,0,0,104,40,0.52153224,0.17384408,0,0,0.0,0.0,0.0,0,0,0,1,0,0,0,0,0,0.0,0.0,0.0,0,0,0,0,0,0,3,0,1,0,29200,28960,0,32,0.0,0.0,0,0,0.0,0.0,0,0
6,5183127,3,1,0,0,0,0,0.0,0.0,0,0,0.0,0.0,0.0,0.771734901,1727709.0,2990709.0,5181082,97,5183127,2591563.5,3662132.2,5181082,2045,0,0.0,0.0,0,0,0,0,0,0,104,40,0.57880116,0.19293372,0,0,0.0,0.0,0.0,0,0,0,1,0,0,0,0,0,0.0,0.0,0.0,0,0,0,0,0,0,3,0,1,0,29200,28960,0,32,0.0,0.0,0,0,0.0,0.0,0,0
6,3607613,3,1,0,0,0,0,0.0,0.0,0,0,0.0,0.0,0.0,1.108766378,1202537.6,2082261.4,3606926,140,3607613,1803806.5,2549996.0,3606926,687,0,0.0,0.0,0,0,0,0,0,0,104,40,0.8315748,0.2771916,0,0,0.0,0.0,0.0,0,0,0,1,0,0,0,0,0,0.0,0.0,0.0,0,0,0,0,0,0,3,0,1,0,29200,28960,0,32,0.0,0.0,0,0,0.0,0.0,0,0
6,5378518,3,1,0,0,0,0,0.0,0.0,0,0,0.0,0.0,0.0,0.743699287,1792839.4,3104674.8,5377809,149,5378518,2689259.0,3802183.8,5377809,709,0,0.0,0.0,0,0,0,0,0,0,104,40,0.5577745,0.18592483,0,0,0.0,0.0,0.0,0,0,0,1,0,0,0,0,0,0.0,0.0,0.0,0,0,0,0,0,0,3,0,1,0,29200,28960,0,32,0.0,0.0,0,0,0.0,0.0,0,0
6,5728675,3,1,0,0,0,0,0.0,0.0,0,0,0.0,0.0,0.0,0.69824174,1909558.4,3306690.8,5727796,126,5728675,2864337.5,4049541.8,5727796,879,0,0.0,0.0,0,0,0,0,0,0,104,40,0.5236813,0.17456043,0,0,0.0,0.0,0.0,0,0,0,1,0,0,0,0,0,0.0,0.0,0.0,0,0,0,0,0,0,3,0,1,0,29200,28960,0,32,0.0,0.0,0,0,0.0,0.0,0,0
6,5019029,3,1,0,0,0,0,0.0,0.0,0,0,0.0,0.0,0.0,0.796966903,1673009.6,2897139.2,5018338,161,5019029,2509514.5,3548012.2,5018338,691,0,0.0,0.0,0,0,0,0,0,0,104,40,0.59772515,0.19924173,0,0,0.0,0.0,0.0,0,0,0,1,0,0,0,0,0,0.0,0.0,0.0,0,0,0,0,0,0,3,0,1,0,29200,28960,0,32,0.0,0.0,0,0,0.0,0.0,0,0
